step,type,amount,nameOrig,oldbalanceOrg,newbalanceOrig,nameDest,oldbalanceDest,newbalanceDest,isFraud,isFlaggedFraud
1,TRANSFER,504.72,C100000044,14202.79,13698.07,C200004719,14041.0,14545.72,0,0
1,TRANSFER,1636.51,C100000551,16541.75,14905.24,C200000323,19655.2,21291.71,0,0
1,TRANSFER,3595.1,C100001370,5417.15,1822.05,C200002321,6977.9,10573.0,0,0
1,TRANSFER,1956.9,C100001667,28507.79,26550.89,C200001856,32150.54,34107.44,0,0
1,TRANSFER,4192.56,C100001918,61603.05,57410.49,C200004988,210492.4,214684.96,0,0
1,TRANSFER,13983.73,C100002668,17992.605157485043,4008.88,C200001979,4031.64,18015.37,0,0
1,TRANSFER,1545.33,C100003369,6972.75,5427.42,C200004367,27925.85,29471.18,0,0
1,TRANSFER,3007.06,C100003457,26857.55,23850.49,C200003491,126131.16,129138.22,0,0
1,TRANSFER,4282.48,C100003974,16955.85,12673.37,C200000240,6389.65,10672.13,0,0
1,TRANSFER,624.64,C100004844,17859.55,17234.91,C200002315,90726.72,91351.36,0,0
1,TRANSFER,768.02,C100005225,5251.16,4483.14,C200000075,28465.54,29233.56,0,0
1,TRANSFER,663.42,C100005564,13188.43,12525.01,C200005003,8123.3,8786.72,0,0
1,TRANSFER,933.18,C100005760,105864.72,104931.54,C200002721,6077.52,7010.7,0,0
1,TRANSFER,1382.33,C100005819,4608.390797870505,3226.06,C200002987,24476.41,25858.74,0,0
1,TRANSFER,939.02,C100006338,5586.79,4647.77,C200001419,37049.94,37988.96,0,0
1,TRANSFER,1358.85,C100006789,257843.94,256485.09,C200002898,22332.35,23691.2,0,0
1,TRANSFER,990.46,C100006853,6807.07,5816.61,C200003667,6408.52,7398.98,0,0
2,TRANSFER,1059.59,C100000053,130670.0,129610.41,C200005675,6310.19,7369.78,0,0
2,TRANSFER,1688.07,C100000284,351658.07,349970.0,C200004130,47035.57,48723.64,0,0
2,TRANSFER,3333.31,C100000326,8770.42,5437.11,C200002527,43335.84,46669.15,0,0
2,TRANSFER,6425.36,C100001335,28368.77,21943.41,C200001970,12948.68,19374.04,0,0
2,TRANSFER,1888.45,C100003884,298368.42,296479.97,C200000479,11280.9,13169.35,0,0
2,TRANSFER,3055.25,C100004413,49258.56,46203.31,C200001662,17308.82,20364.07,0,0
2,TRANSFER,1143.83,C100005146,10798.92,9655.09,C200002018,708944.65,710088.48,0,0
3,TRANSFER,1957.98,C100000018,116918.03,114960.05,C200003697,80394.95,82352.93,0,0
3,TRANSFER,1309.67,C100000887,11173.07,9863.4,C200004484,4800.18,6109.85,0,0
3,TRANSFER,502.75,C100001026,31593.16,31090.41,C200005394,17703.34,18206.09,0,0
3,TRANSFER,1900.77,C100001857,27203.38,25302.61,C200004734,148102.66,150003.43,0,0
3,TRANSFER,1262.73,C100002037,137919.05,136656.32,C200001034,18187.53,19450.26,0,0
3,TRANSFER,494.18,C100002040,72183.26,71689.08,C200001622,42209.48,42703.66,0,0
3,TRANSFER,7723.3,C100002362,14233.96,6510.66,C200000305,2658.59,10381.89,0,0
3,TRANSFER,964.23,C100003339,764130.42,763166.19,C200001678,101993.2,102957.43,0,0
3,TRANSFER,739.13,C100003653,34979.88,34240.75,C200000863,70142.05,70881.18,0,0
3,TRANSFER,968.18,C100003780,5474.52,4506.34,C200000401,180262.51,181230.69,0,0
3,TRANSFER,11628.74,C100003946,60673.84,49045.1,C200002524,21479.03,33107.77,0,0
3,TRANSFER,4620.9,C100004298,51099.32,46478.42,C200005025,37455.26,42076.16,0,0
3,TRANSFER,1714.43,C100004724,9820.31,8105.88,C200005923,32381.9,34096.33,0,0
3,TRANSFER,1767.09,C100005405,10796.99,9029.9,C200005713,20926.98,22694.07,0,0
3,TRANSFER,674.53,C100006150,7054.69,6380.16,C200003335,7214.64,7889.17,0,0
3,TRANSFER,8274.23,C100006212,12502.377125272711,4228.15,C200005875,11950.39,20224.62,0,0
3,TRANSFER,8284.57,C100006639,26121.25,17836.68,C200005837,138990.6,147275.17,0,0
4,TRANSFER,238.76,C100000448,17293.36,17054.6,C200003418,52513.73,52752.49,0,0
4,TRANSFER,2649.8,C100000484,154910.98,152261.18,C200005220,210362.38,213012.18,0,0
4,TRANSFER,10362.84,C100000487,11670.586410751475,1307.75,C200001842,42664.39,53027.23,0,0
4,TRANSFER,12466.84,C100000705,22530.8,10063.96,C200005782,4822.37,17289.21,0,0
4,TRANSFER,780.07,C100001604,8895.26,8115.19,C200005810,36888.63,37668.7,0,0
4,TRANSFER,1666.4,C100002561,28106.72,26440.32,C200004123,36563.16,38229.56,0,0
4,TRANSFER,7746.41,C100002800,33466.83,25720.42,C200000480,1000000.0,1007746.41,0,0
4,TRANSFER,18915.76,C100003820,20771.667450125635,1855.91,C200004037,35645.91,54561.67,0,0
4,TRANSFER,3031.0,C100003887,6807.341230551439,3776.34,C200002715,12360.13,15391.13,0,0
4,TRANSFER,3056.8,C100004084,68689.09,65632.29,C200000838,28156.28,31213.08,0,0
4,TRANSFER,219.29,C100004097,8189.66,7970.37,C200006076,53200.11,53419.4,0,0
4,TRANSFER,11084.51,C100004150,14078.057229352034,2993.55,C200001285,34688.79,45773.3,0,0
4,TRANSFER,711.54,C100004332,65143.42,64431.88,C200002435,7047.87,7759.41,0,0
4,TRANSFER,2659.53,C100004351,48708.95,46049.42,C200004770,6249.29,8908.82,0,0
4,TRANSFER,3721.61,C100004611,13658.35,9936.74,C200000257,13680.64,17402.25,0,0
4,TRANSFER,690.29,C100004668,170569.56,169879.27,C200002868,1991.59,2681.88,0,0
5,TRANSFER,1855.6,C100000171,26789.41,24933.81,C200002879,21599.6,23455.2,0,0
5,TRANSFER,3644.74,C100001092,62454.09,58809.35,C200003553,8715.76,12360.5,0,0
5,TRANSFER,2857.83,C100001833,4495.05364873379,1637.22,C200000575,28205.76,31063.59,0,0
5,TRANSFER,32097.39,C100002452,61946.86,29849.47,C200000963,25691.86,57789.25,0,0
5,TRANSFER,1396.04,C100002540,18705.88,17309.84,C200004841,6739.55,8135.59,0,0
5,TRANSFER,4884.77,C100002732,6540.32,1655.55,C200000167,31654.98,36539.75,0,0
5,TRANSFER,5411.45,C100003554,8183.9,2772.45,C200003541,21017.41,26428.86,0,0
5,TRANSFER,8216.39,C100003967,11020.526854000738,2804.14,C200005839,156997.39,165213.78,0,0
5,TRANSFER,1865.68,C100004832,16334.36,14468.68,C200006073,12385.4,14251.08,0,0
5,TRANSFER,1377.52,C100004916,40748.67,39371.15,C200003626,15483.81,16861.33,0,0
5,TRANSFER,11532.35,C100004992,229093.08,217560.73,C200004814,107239.1,118771.45,0,0
5,TRANSFER,7774.46,C100005363,59394.7,51620.24,C200001664,16598.72,24373.18,0,0
5,TRANSFER,7838.41,C100005440,32179.13,24340.72,C200002480,49085.42,56923.83,0,0
5,TRANSFER,1554.86,C100005443,20244.97,18690.11,C200000747,28300.36,29855.22,0,0
5,TRANSFER,523.26,C100005959,98999.91,98476.65,C200002114,24912.57,25435.83,0,0
5,TRANSFER,2242.0,C100006761,30969.84,28727.84,C200003748,133390.43,135632.43,0,0
6,TRANSFER,886.14,C100000306,18003.2,17117.06,C200001655,28621.84,29507.98,0,0
6,TRANSFER,3716.26,C100001091,23082.49,19366.23,C200003341,63031.25,66747.51,0,0
6,TRANSFER,39256.47,C100001199,41805.349355838705,2548.88,C200003260,3073.9,42330.37,0,0
6,TRANSFER,4865.87,C100001698,534479.99,529614.12,C200002626,1758.11,6623.98,0,0
6,TRANSFER,829.48,C100001703,3072.5814382212116,2243.1,C200001981,16493.11,17322.59,0,0
6,TRANSFER,4290.64,C100002308,32223.55,27932.91,C200004663,45186.26,49476.9,0,0
6,TRANSFER,365.0,C100003420,8429.81,8064.81,C200002967,147669.15,148034.15,0,0
6,TRANSFER,2056.6,C100004269,13597.3,11540.7,C200000027,22176.32,24232.92,0,0
6,TRANSFER,1926.73,C100004466,17435.59,15508.86,C200004382,53423.28,55350.01,0,0
6,TRANSFER,1366.87,C100005024,284398.84,283031.97,C200001026,33890.1,35256.97,0,0
6,TRANSFER,365.67,C100005147,19597.72,19232.05,C200005315,13950.67,14316.34,0,0
6,TRANSFER,1431.54,C100005348,16106.98,14675.44,C200002480,3172.22,4603.76,0,0
7,TRANSFER,2459.62,C100000215,181156.96,178697.34,C200004713,7208.24,9667.86,0,0
7,TRANSFER,1222.78,C100000763,11476.39,10253.61,C200003778,148343.31,149566.09,0,0
7,TRANSFER,3212.7,C100000799,230142.82,226930.12,C200003762,25435.08,28647.78,0,0
7,TRANSFER,2542.53,C100000928,118699.59,116157.06,C200002695,85178.97,87721.5,0,0
7,TRANSFER,894.16,C100002520,22005.85,21111.69,C200006332,27707.78,28601.94,0,0
7,TRANSFER,5646.2,C100002806,15187.54,9541.34,C200002086,14838.91,20485.11,0,0
7,TRANSFER,1350.44,C100002881,272008.37,270657.93,C200003326,8069.77,9420.21,0,0
7,TRANSFER,2170.67,C100003361,24973.6,22802.93,C200003635,28053.23,30223.9,0,0
7,TRANSFER,16732.19,C100004014,70442.98,53710.79,C200004648,13417.66,30149.85,0,0
7,TRANSFER,1951.58,C100004514,45276.24,43324.66,C200002789,44076.79,46028.37,0,0
7,TRANSFER,1573.74,C100004753,43849.11,42275.37,C200004614,11902.6,13476.34,0,0
7,TRANSFER,20983.1,C100005320,23391.737949753257,2408.64,C200005069,25103.73,46086.83,0,0
7,TRANSFER,1556.13,C100005568,6311.720703969238,4755.59,C200003604,20290.3,21846.43,0,0
7,TRANSFER,5228.28,C100006587,11715.73,6487.45,C200000755,27190.75,32419.03,0,0
8,TRANSFER,1282.29,C100000360,129039.79,127757.5,C200002752,92140.17,93422.46,0,0
8,TRANSFER,1032.36,C100001288,189249.77,188217.41,C200005924,111805.68,112838.04,0,0
8,TRANSFER,3649.76,C100001403,4879.833435160455,1230.07,C200004193,40148.68,43798.44,0,0
8,TRANSFER,9169.34,C100001405,105485.47,96316.13,C200000842,14334.65,23503.99,0,0
8,TRANSFER,2833.89,C100001916,19908.08,17074.19,C200003428,146140.81,148974.7,0,0
8,TRANSFER,6372.36,C100002236,6427.211643107097,54.85,C200000290,100377.01,106749.37,0,0
8,TRANSFER,2993.86,C100003115,26113.36,23119.5,C200003461,38983.67,41977.53,0,0
8,TRANSFER,10926.87,C100003402,77605.2,66678.33,C200003519,103545.27,114472.14,0,0
8,TRANSFER,3196.0,C100004039,123688.42,120492.42,C200001581,78237.82,81433.82,0,0
8,TRANSFER,2262.59,C100005298,6661.26,4398.67,C200003071,3575.9,5838.49,0,0
9,TRANSFER,4659.44,C100000837,7574.680065604111,2915.24,C200000322,17588.87,22248.31,0,0
9,TRANSFER,11643.7,C100001662,52310.25,40666.55,C200006063,11325.81,22969.51,0,0
9,TRANSFER,3184.51,C100001823,6211.9,3027.39,C200005714,11691.0,14875.51,0,0
9,TRANSFER,5958.81,C100003018,49978.47,44019.66,C200003485,25358.97,31317.78,0,0
9,TRANSFER,888.82,C100004121,59404.57,58515.75,C200002464,31209.77,32098.59,0,0
9,TRANSFER,1847.21,C100004137,295687.53,293840.32,C200002561,7516.23,9363.44,0,0
9,TRANSFER,17000.25,C100004182,32998.71,15998.46,C200006251,44469.75,61470.0,0,0
9,TRANSFER,1248.22,C100004565,132144.46,130896.24,C200005738,4853.33,6101.55,0,0
9,TRANSFER,2295.92,C100004626,53396.21,51100.29,C200002955,73885.59,76181.51,0,0
9,TRANSFER,3638.48,C100005797,78760.41,75121.93,C200001997,9290.93,12929.41,0,0
9,TRANSFER,5249.01,C100006476,90699.62,85450.61,C200005223,6483.65,11732.66,0,0
9,TRANSFER,2978.34,C100006505,95841.41,92863.07,C200000613,11862.68,14841.02,0,0
9,TRANSFER,232.06,C100006826,9072.83,8840.77,C200005064,15376.52,15608.58,0,0
10,TRANSFER,2449.82,C100000464,654426.3,651976.48,C200000103,42115.71,44565.53,0,0
10,TRANSFER,17319.82,C100001216,77061.4,59741.58,C200001187,8973.31,26293.13,0,0
10,TRANSFER,615.59,C100003036,29155.62,28540.03,C200001871,21245.47,21861.06,0,0
10,TRANSFER,2643.03,C100003100,6907.802501152188,4264.77,C200001862,91624.31,94267.34,0,0
10,TRANSFER,3386.42,C100003654,356829.19,353442.77,C200002551,16682.14,20068.56,0,0
10,TRANSFER,6138.69,C100003709,14056.39,7917.7,C200002209,23747.02,29885.71,0,0
10,TRANSFER,13872.74,C100005506,18576.42790294184,4703.69,C900006809,4210.58,18083.32,1,0
10,TRANSFER,16361.81,C100005768,18066.72,1704.91,C200005927,182408.42,198770.23,0,0
10,TRANSFER,2768.19,C100006773,5717.602424605055,2949.41,C200004179,9853.06,12621.25,0,0
10,TRANSFER,11923.75,C100006908,16159.359701118481,4235.61,C900008958,2022.82,13946.57,1,0
10,TRANSFER,88.46,C100006996,105790.89,105702.43,C200002783,6533.9,6622.36,0,0
11,TRANSFER,6858.5,C100000719,27735.97,20877.47,C200002417,4255.08,11113.58,0,0
11,TRANSFER,4796.74,C100000842,66275.26,61478.52,C200001510,287.92,5084.66,0,0
11,TRANSFER,24612.67,C100001327,63041.35,38428.68,C200003998,75110.83,99723.5,0,0
11,TRANSFER,6557.03,C100001361,104242.88,97685.85,C200005457,11387.68,17944.71,0,0
11,TRANSFER,882.74,C100001578,10705.57,9822.83,C200004612,1355.79,2238.53,0,0
11,TRANSFER,5551.42,C100001628,12724.13,7172.71,C200000327,5862.42,11413.84,0,0
11,TRANSFER,13448.66,C100001925,23570.41,10121.75,C200005706,3462.27,16910.93,0,0
11,TRANSFER,9877.02,C100002514,17098.74,7221.72,C200006378,27135.06,37012.08,0,0
11,TRANSFER,961.6,C100003272,60206.08,59244.48,C200000914,35217.27,36178.87,0,0
11,TRANSFER,198.95,C100003565,9081.08,8882.13,C200005082,7777.46,7976.41,0,0
11,TRANSFER,2322.33,C100003718,4914.565226438986,2592.24,C200000201,11548.55,13870.88,0,0
11,TRANSFER,11094.58,C100003887,107334.84,96240.26,C200001105,56106.87,67201.45,0,0
11,TRANSFER,2228.54,C100004566,26171.17,23942.63,C200004663,24961.78,27190.32,0,0
11,TRANSFER,14588.54,C100004900,17027.373261479956,2438.83,C200005247,8584.84,23173.38,0,0
11,TRANSFER,5990.12,C100005694,28432.45,22442.33,C200004473,2800.91,8791.03,0,0
11,TRANSFER,2254.57,C100006220,8120.04,5865.47,C200003057,20000.98,22255.55,0,0
11,TRANSFER,8230.95,C100006777,29233.56,21002.61,C200003964,4888.86,13119.81,0,0
12,TRANSFER,721.01,C100000587,33836.03,33115.02,C200004248,44450.83,45171.84,0,0
12,TRANSFER,828.38,C100001503,8542.36,7713.98,C200002383,282885.19,283713.57,0,0
12,TRANSFER,1469.92,C100002126,16401.19,14931.27,C200002355,14770.5,16240.42,0,0
12,TRANSFER,725.38,C100002407,72551.38,71826.0,C200000161,106560.57,107285.95,0,0
12,TRANSFER,325.41,C100002537,9100.64,8775.23,C200001601,70267.4,70592.81,0,0
12,TRANSFER,306.01,C100002886,13417.02,13111.01,C200001819,58559.78,58865.79,0,0
12,TRANSFER,1108.14,C100004111,43064.87,41956.73,C200001149,34057.79,35165.93,0,0
12,TRANSFER,4392.31,C100004642,76909.56,72517.25,C200005260,10328.47,14720.78,0,0
12,TRANSFER,1674.92,C100004897,44712.24,43037.32,C200003828,22126.82,23801.74,0,0
12,TRANSFER,25570.32,C100005593,29773.746030767907,4203.43,C200005774,26403.25,51973.57,0,0
13,TRANSFER,19392.97,C100000231,24517.54,5124.57,C200000014,1611.22,21004.19,0,0
13,TRANSFER,444.76,C100002675,4201.31,3756.55,C200004755,25302.56,25747.32,0,0
13,TRANSFER,255.06,C100003033,20109.48,19854.42,C200003193,122015.14,122270.2,0,0
13,TRANSFER,2055.83,C100003355,82841.43,80785.6,C200003873,8590.83,10646.66,0,0
13,TRANSFER,8976.83,C100003889,35141.52,26164.69,C200003939,5278.93,14255.76,0,0
13,TRANSFER,750.82,C100004106,47662.25,46911.43,C200002969,10942.57,11693.39,0,0
13,TRANSFER,20255.18,C100004521,335564.79,315309.61,C200004547,2414.51,22669.69,1,0
13,TRANSFER,2438.88,C100004885,59360.77,56921.89,C200005642,284594.97,287033.85,0,0
13,TRANSFER,2678.54,C100005689,13478.2,10799.66,C200000408,9446.39,12124.93,0,0
14,TRANSFER,934.93,C100000248,6158.63,5223.7,C200002719,159034.18,159969.11,0,0
14,TRANSFER,4857.3,C100000292,36060.97,31203.67,C200002731,7742.32,12599.62,0,0
14,TRANSFER,5140.8,C100000454,11197.9,6057.1,C200004304,75136.15,80276.95,0,0
14,TRANSFER,2579.59,C100001208,9941.82,7362.23,C200001365,5102.65,7682.24,0,0
14,TRANSFER,4055.72,C100001364,13551.23,9495.51,C200004509,165942.89,169998.61,0,0
14,TRANSFER,17394.61,C100002374,18864.884158375382,1470.27,C200002106,12721.91,30116.52,0,0
14,TRANSFER,355.59,C100002524,136032.32,135676.73,C200002967,4144.98,4500.57,0,0
14,TRANSFER,4426.37,C100005467,12448.49,8022.12,C200003095,146088.29,150514.66,0,0
14,TRANSFER,2696.89,C100006444,39409.22,36712.33,C200000612,7872.44,10569.33,0,0
14,TRANSFER,1684.51,C100006765,273645.01,271960.5,C200005556,64451.43,66135.94,0,0
14,TRANSFER,396.38,C100006784,12478.31,12081.93,C200006078,5532.09,5928.47,0,0
15,TRANSFER,13713.96,C100000033,24701.04,10987.08,C200005281,389240.53,402954.49,0,0
15,TRANSFER,5341.71,C100000606,19840.53,14498.82,C200000368,60411.28,65752.99,0,0
15,TRANSFER,7798.32,C100000669,412009.86,404211.54,C200002017,708.48,8506.8,0,0
15,TRANSFER,1707.84,C100002305,95948.4,94240.56,C200005988,22333.17,24041.01,0,0
15,TRANSFER,2200.87,C100002950,40014.71,37813.84,C200005703,21615.26,23816.13,0,0
15,TRANSFER,9567.15,C100002985,12231.91,2664.76,C200001079,2570.52,12137.67,0,0
15,TRANSFER,1626.32,C100003019,22081.51,20455.19,C200006164,31896.05,33522.37,0,0
15,TRANSFER,877.98,C100004975,24062.83,23184.85,C200003862,5138.66,6016.64,0,0
15,TRANSFER,21084.29,C100005935,25117.69,4033.4,C200001627,8848.13,29932.42,0,0
15,TRANSFER,571.84,C100005953,3595.11,3023.27,C200001571,5261.4,5833.24,0,0
15,TRANSFER,630.02,C100006713,5387.237328129635,4757.22,C200005300,12375.73,13005.75,0,0
16,TRANSFER,7076.24,C100000216,101986.45,94910.21,C200003543,7541.38,14617.62,0,0
16,TRANSFER,3848.88,C100000491,11046.3,7197.42,C200000709,56975.13,60824.01,0,0
16,TRANSFER,2135.38,C100000732,22558.46,20423.08,C200004760,17615.86,19751.24,0,0
16,TRANSFER,251.46,C100000890,55705.17,55453.71,C200006254,2632.61,2884.07,0,0
16,TRANSFER,599.8,C100001004,13223.13,12623.33,C200000574,30875.23,31475.03,0,0
16,TRANSFER,7732.15,C100001125,116471.61,108739.46,C200000117,5973.31,13705.46,0,0
16,TRANSFER,10053.73,C100001406,19501.19,9447.46,C200002285,17078.71,27132.44,0,0
16,TRANSFER,1274.67,C100002066,12241.16,10966.49,C200004168,98073.26,99347.93,0,0
16,TRANSFER,619.66,C100002087,11313.61,10693.95,C200002438,16092.5,16712.16,0,0
16,TRANSFER,2557.96,C100002200,77360.73,74802.77,C200005411,11779.58,14337.54,0,0
16,TRANSFER,2424.66,C100005419,94422.98,91998.32,C200001979,28217.16,30641.82,0,0
16,TRANSFER,1449.81,C100005862,13301.56,11851.75,C200000493,14161.74,15611.55,0,0
16,TRANSFER,3434.61,C100006000,13858.01,10423.4,C200003334,29815.61,33250.22,0,0
16,TRANSFER,1790.19,C100006203,131669.81,129879.62,C200004232,17787.32,19577.51,0,0
17,TRANSFER,9768.42,C100000432,61485.55,51717.13,C200003595,108828.47,118596.89,0,0
17,TRANSFER,837.4,C100000780,85879.89,85042.49,C200004996,1281.81,2119.21,0,0
17,TRANSFER,5898.91,C100002050,27098.73,21199.82,C200005001,8038.71,13937.62,0,0
17,TRANSFER,5624.63,C100002195,7342.630992596525,1718.0,C200001548,21767.95,27392.58,0,0
17,TRANSFER,8436.48,C100002964,216033.29,207596.81,C200003658,39133.9,47570.38,0,0
17,TRANSFER,4430.45,C100004904,131537.06,127106.61,C200000370,10907.44,15337.89,0,0
17,TRANSFER,1492.16,C100005119,19724.51,18232.35,C200001124,157055.71,158547.87,0,0
17,TRANSFER,1132.82,C100005281,26208.95,25076.13,C200005026,13518.34,14651.16,0,0
17,TRANSFER,3805.51,C100005397,11073.29,7267.78,C200005771,1570.73,5376.24,0,0
17,TRANSFER,4459.58,C100005535,5012.423223444803,552.84,C200003108,270698.58,275158.16,0,0
17,TRANSFER,1681.8,C100005960,51481.69,49799.89,C200003793,11680.39,13362.19,0,0
17,TRANSFER,62.03,C100006537,30062.85,30000.82,C200006280,4004.02,4066.05,0,0
17,TRANSFER,3408.91,C100006653,32014.1,28605.19,C200001079,41031.48,44440.39,0,0
18,TRANSFER,1665.35,C100000003,30876.81,29211.46,C200003631,41775.57,43440.92,0,0
18,TRANSFER,971.47,C100000056,10881.0,9909.53,C200004997,19994.17,20965.64,0,0
18,TRANSFER,981.54,C100000170,6605.98,5624.44,C200004800,8087.89,9069.43,0,0
18,TRANSFER,13180.32,C100000454,35239.83,22059.51,C200001986,29044.32,42224.64,0,0
18,TRANSFER,9227.17,C100000648,68544.88,59317.71,C200006243,21855.35,31082.52,0,0
18,TRANSFER,1120.89,C100001583,9596.83,8475.94,C200006135,8387.02,9507.91,0,0
18,TRANSFER,3508.77,C100001923,50251.88,46743.11,C200003012,217307.83,220816.6,0,0
18,TRANSFER,25050.7,C100002316,446206.01,421155.31,C200001287,17419.93,42470.63,0,0
18,TRANSFER,1646.48,C100003172,14021.34,12374.86,C200006311,33336.59,34983.07,0,0
18,TRANSFER,404.3,C100003289,17545.43,17141.13,C200005014,30414.89,30819.19,0,0
18,TRANSFER,4419.89,C100003519,9120.18,4700.29,C200005691,37602.98,42022.87,0,0
18,TRANSFER,240.13,C100003886,61343.66,61103.53,C200001009,24909.98,25150.11,0,0
18,TRANSFER,1420.1,C100005082,5344.2,3924.1,C200001431,27698.3,29118.4,0,0
18,TRANSFER,4938.11,C100005544,20798.17,15860.06,C200001167,98564.58,103502.69,0,0
18,TRANSFER,676.14,C100006728,5684.61,5008.47,C200002464,104438.7,105114.84,0,0
18,TRANSFER,1178.87,C100006940,15662.29,14483.42,C200002456,61731.67,62910.54,0,0
19,TRANSFER,3732.03,C100000285,23448.06,19716.03,C200003654,20071.81,23803.84,0,0
19,TRANSFER,10307.78,C100000433,10420.51958225675,112.74,C200006217,90859.9,101167.68,0,0
19,TRANSFER,3989.6,C100000508,10878.28,6888.68,C200004328,140973.7,144963.3,0,0
19,TRANSFER,3622.78,C100000530,88856.15,85233.37,C200004882,28705.23,32328.01,0,0
19,TRANSFER,2599.12,C100000557,6579.33,3980.21,C200003205,12244.32,14843.44,0,0
19,TRANSFER,22741.23,C100000572,195163.69,172422.46,C200005535,12841.56,35582.79,0,0
19,TRANSFER,6965.68,C100001097,43235.99,36270.31,C200005778,6165.81,13131.49,0,0
19,TRANSFER,2184.57,C100001847,74374.4,72189.83,C200001461,10903.84,13088.41,0,0
19,TRANSFER,1913.96,C100002351,69792.15,67878.19,C200003297,9397.57,11311.53,0,0
19,TRANSFER,1990.04,C100002364,24327.74,22337.7,C200004017,5612.15,7602.19,0,0
19,TRANSFER,1431.38,C100002790,9237.67,7806.29,C200005856,466577.37,468008.75,0,0
19,TRANSFER,3405.42,C100003178,18626.35,15220.93,C200000017,29373.39,32778.81,0,0
19,TRANSFER,2067.17,C100003485,79598.62,77531.45,C200005421,39495.24,41562.41,0,0
19,TRANSFER,3705.83,C100003725,30949.98,27244.15,C200000052,8723.62,12429.45,0,0
19,TRANSFER,7204.65,C100004813,11661.50396872048,4456.85,C200002521,21113.76,28318.41,0,0
19,TRANSFER,3586.36,C100005084,88765.95,85179.59,C200005615,6701.46,10287.82,0,0
19,TRANSFER,4147.51,C100005980,27187.33,23039.82,C200004451,114773.59,118921.1,0,0
19,TRANSFER,1339.47,C100006273,19594.25,18254.78,C200003853,15398.42,16737.89,0,0
20,TRANSFER,845.63,C100000320,12784.1,11938.47,C200004683,7351.65,8197.28,0,0
20,TRANSFER,2088.32,C100000942,64031.58,61943.26,C200000231,101773.57,103861.89,0,0
20,TRANSFER,4974.78,C100001845,17713.85,12739.07,C200000804,415924.77,420899.55,0,0
20,TRANSFER,16451.86,C100001930,37605.85,21153.99,C200000041,33727.14,50179.0,0,0
20,TRANSFER,15333.01,C100002063,38563.27,23230.26,C200003997,605441.86,620774.87,0,0
20,TRANSFER,9310.64,C100004895,39761.96,30451.32,C200000448,9412.11,18722.75,0,0
20,TRANSFER,211.69,C100005494,134422.18,134210.49,C200006411,688.79,900.48,0,0
20,TRANSFER,2594.36,C100006438,15541.16,12946.8,C200000581,26262.44,28856.8,0,0
20,TRANSFER,2793.78,C100006831,227827.71,225033.93,C200003787,36962.97,39756.75,0,0
21,TRANSFER,6338.4,C100000462,402488.29,396149.89,C200003402,153195.96,159534.36,0,0
21,TRANSFER,2837.3,C100001294,19185.38,16348.08,C200003188,254971.07,257808.37,0,0
21,TRANSFER,3644.22,C100002316,8613.08294325062,4968.86,C200001359,34132.59,37776.81,0,0
21,TRANSFER,34367.58,C100002996,40205.87,5838.29,C200003888,11599.0,45966.58,0,0
21,TRANSFER,597.05,C100003565,51689.42,51092.37,C200000283,175523.95,176121.0,0,0
21,TRANSFER,5056.48,C100003882,8752.656287194817,3696.18,C200005039,5427.87,10484.35,0,0
21,TRANSFER,1813.38,C100004931,44280.85,42467.47,C200002998,192459.75,194273.13,0,0
21,TRANSFER,18475.34,C100006222,19677.552658120545,1202.21,C200003123,4295.27,22770.61,0,0
22,TRANSFER,2968.62,C100000801,7987.57,5018.95,C200003454,2369.82,5338.44,0,0
22,TRANSFER,5086.65,C100001372,90579.04,85492.39,C200000910,213177.64,218264.29,0,0
22,TRANSFER,211.21,C100001876,120272.45,120061.24,C200000244,118459.73,118670.94,0,0
22,TRANSFER,1953.98,C100002308,46561.59,44607.61,C200002402,10080.63,12034.61,0,0
22,TRANSFER,792.69,C100002951,49292.61,48499.92,C200002644,8207.55,9000.24,0,0
22,TRANSFER,1759.17,C100003351,7934.94,6175.77,C200003286,26155.95,27915.12,0,0
22,TRANSFER,1915.25,C100004056,271878.81,269963.56,C200004399,193977.89,195893.14,0,0
22,TRANSFER,1056.68,C100004960,12088.84,11032.16,C200003671,5455.64,6512.32,0,0
22,TRANSFER,852.85,C100005923,264910.51,264057.66,C200004576,181059.21,181912.06,0,0
22,TRANSFER,2405.23,C100006118,12906.38,10501.15,C200004509,18818.65,21223.88,0,0
22,TRANSFER,1348.52,C100006665,23874.96,22526.44,C200003078,149306.2,150654.72,0,0
23,TRANSFER,343.02,C100000134,19313.03,18970.01,C200002291,68089.92,68432.94,0,0
23,TRANSFER,6040.1,C100000513,25513.2,19473.1,C200000135,573.27,6613.37,0,0
23,TRANSFER,1711.84,C100000619,28300.2,26588.36,C200005895,23569.02,25280.86,0,0
23,TRANSFER,11875.06,C100000744,13188.54288187874,1313.48,C200006444,2962.32,14837.38,0,0
23,TRANSFER,627.55,C100002126,15281.71,14654.16,C200001307,18688.0,19315.55,0,0
23,TRANSFER,6970.89,C100002370,7974.132533604357,1003.24,C200005151,46385.24,53356.13,0,0
23,TRANSFER,3313.48,C100003205,64794.15,61480.67,C200003776,3129.4,6442.88,0,0
23,TRANSFER,2246.4,C100004206,17735.96,15489.56,C200002294,13195.48,15441.88,0,0
23,TRANSFER,420.61,C100005473,50975.47,50554.86,C200004954,97532.06,97952.67,0,0
23,TRANSFER,2924.42,C100005642,6530.370321593513,3605.95,C200002891,13978.8,16903.22,0,0
23,TRANSFER,330.53,C100006529,2929.62,2599.09,C200004357,51076.41,51406.94,0,0
23,TRANSFER,2563.64,C100006845,39514.97,36951.33,C200000571,16592.37,19156.01,0,0
23,TRANSFER,3561.08,C100006865,16124.1,12563.02,C200002727,60989.67,64550.75,0,0
24,TRANSFER,175.74,C100000393,24645.89,24470.15,C200004153,79178.97,79354.71,0,0
24,TRANSFER,9357.69,C100001918,323149.26,313791.57,C200001506,17050.5,26408.19,0,0
24,TRANSFER,1237.15,C100002312,25730.45,24493.3,C200002516,83211.44,84448.59,0,0
24,TRANSFER,3106.52,C100002576,104333.13,101226.61,C200006100,14935.29,18041.81,0,0
24,TRANSFER,9654.8,C100002913,79548.78,69893.98,C200001284,25045.43,34700.23,0,0
24,TRANSFER,1186.63,C100003044,3549.727282847535,2363.1,C200005837,8935.83,10122.46,0,0
24,TRANSFER,1646.55,C100004067,31636.13,29989.58,C200005772,10243.71,11890.26,0,0
24,TRANSFER,6382.72,C100004469,19438.58,13055.86,C200003331,4696.26,11078.98,0,0
24,TRANSFER,1957.13,C100004706,5436.45,3479.32,C200003876,47280.58,49237.71,0,0
24,TRANSFER,838.78,C100005643,18197.94,17359.16,C200002434,218106.56,218945.34,0,0
24,TRANSFER,1826.75,C100006516,95906.25,94079.5,C200001986,127824.93,129651.68,0,0
24,TRANSFER,3499.54,C100006859,34801.69,31302.15,C200003336,72054.12,75553.66,0,0
25,TRANSFER,37737.57,C100001506,40447.265491661456,2709.7,C900004424,53150.22,90887.79,1,0
25,TRANSFER,2084.68,C100003215,150347.77,148263.09,C200004060,81640.47,83725.15,0,0
25,TRANSFER,9609.99,C100003344,19434.19,9824.2,C900006978,31126.55,40736.54,1,0
25,TRANSFER,1121.65,C100003491,17656.08,16534.43,C200001582,188535.26,189656.91,0,0
25,TRANSFER,4690.54,C100004462,92645.32,87954.78,C200003937,10766.45,15456.99,0,0
25,TRANSFER,5586.77,C100005574,16387.5,10800.73,C200005457,81624.89,87211.66,0,0
25,TRANSFER,334.1,C100005951,92659.96,92325.86,C200002942,55634.99,55969.09,0,0
25,TRANSFER,256.11,C100006025,63639.12,63383.01,C200001000,32002.88,32258.99,0,0
25,TRANSFER,1051.6,C100006787,78408.66,77357.06,C200004159,76719.45,77771.05,0,0
25,TRANSFER,7112.86,C100006807,206576.26,199463.4,C200005169,184899.45,192012.31,0,0
25,TRANSFER,3512.73,C100006855,25668.48,22155.75,C200001447,410454.51,413967.24,0,0
26,TRANSFER,17163.61,C100000349,21404.560127735236,4240.95,C200004312,114507.84,131671.45,0,0
26,TRANSFER,3610.03,C100000895,8802.86,5192.83,C200000531,27921.67,31531.7,0,0
26,TRANSFER,35657.92,C100001549,40126.4262477308,4468.51,C200004280,40052.97,75710.89,0,0
26,TRANSFER,4712.12,C100001957,5851.61,1139.49,C200001305,51654.73,56366.85,0,0
26,TRANSFER,268.43,C100002424,31954.13,31685.7,C200006386,12234.94,12503.37,0,0
26,TRANSFER,9495.26,C100003198,13976.99,4481.73,C200003929,12739.58,22234.84,0,0
26,TRANSFER,880.29,C100004614,34967.57,34087.28,C200002899,73712.04,74592.33,0,0
26,TRANSFER,949.43,C100004703,32557.95,31608.52,C200006165,44590.98,45540.41,0,0
26,TRANSFER,2115.07,C100004963,13542.63,11427.56,C200000437,13511.87,15626.94,0,0
26,TRANSFER,18969.78,C100005294,35274.65,16304.87,C200001529,3342.96,22312.74,0,0
26,TRANSFER,540.29,C100005755,15463.82,14923.53,C200002693,809663.86,810204.15,0,0
26,TRANSFER,3691.89,C100006293,3888.2493990049097,196.36,C200006467,138834.87,142526.76,0,0
27,TRANSFER,972.3,C100000397,142641.51,141669.21,C200004940,8039.27,9011.57,0,0
27,TRANSFER,66640.66,C100000830,66898.13991902556,257.48,C900005685,17443.86,84084.52,1,0
27,TRANSFER,1421.99,C100001137,17162.36,15740.37,C200005477,32176.05,33598.04,0,0
27,TRANSFER,4685.29,C100001154,27431.12,22745.83,C200001668,25860.28,30545.57,0,0
27,TRANSFER,1316.7,C100002316,22693.5,21376.8,C200004388,2903.86,4220.56,0,0
27,TRANSFER,704.11,C100002781,13330.75,12626.64,C200003724,13993.58,14697.69,0,0
27,TRANSFER,780.43,C100002964,107155.98,106375.55,C200003907,28941.8,29722.23,0,0
27,TRANSFER,1981.95,C100003248,130196.82,128214.87,C200001957,10498.85,12480.8,0,0
27,TRANSFER,1324.18,C100003674,15819.76,14495.58,C200004430,101245.0,102569.18,0,0
27,TRANSFER,1570.04,C100003962,76445.66,74875.62,C200002133,8292.53,9862.57,0,0
27,TRANSFER,5666.28,C100004361,28306.22,22639.94,C200001881,2274.16,7940.44,0,0
27,TRANSFER,402.13,C100004585,6232.05,5829.92,C200003768,313897.39,314299.52,0,0
27,TRANSFER,28796.14,C100004912,29274.679677970482,478.54,C200004751,19464.46,48260.6,0,0
27,TRANSFER,6995.74,C100004912,194474.19,187478.45,C200001640,60532.99,67528.73,0,0
27,TRANSFER,2687.52,C100004914,11603.97,8916.45,C200004095,51561.29,54248.81,0,0
27,TRANSFER,2559.52,C100005395,244685.72,242126.2,C200000712,135423.66,137983.18,0,0
27,TRANSFER,2306.01,C100006595,9795.99,7489.98,C200002359,154048.62,156354.63,0,0
27,TRANSFER,461.38,C100006606,9261.56,8800.18,C200002783,30948.07,31409.45,0,0
28,TRANSFER,821.87,C100001771,19852.49,19030.62,C200000855,13747.02,14568.89,0,0
28,TRANSFER,2881.51,C100001967,17327.09,14445.58,C200006201,43415.85,46297.36,0,0
28,TRANSFER,2612.27,C100002694,36660.07,34047.8,C200001474,74995.72,77607.99,0,0
28,TRANSFER,5644.17,C100002755,32091.19,26447.02,C200005298,33231.77,38875.94,0,0
28,TRANSFER,6940.91,C100003890,10371.988877770045,3431.08,C200004665,17725.38,24666.29,0,0
28,TRANSFER,1183.34,C100004234,24895.58,23712.24,C200006234,6807.04,7990.38,0,0
28,TRANSFER,663.04,C100004398,35448.84,34785.8,C200000194,141564.71,142227.75,0,0
28,TRANSFER,4394.2,C100005634,151417.92,147023.72,C200006043,7940.82,12335.02,0,0
28,TRANSFER,429.87,C100005961,22708.43,22278.56,C200001411,19526.28,19956.15,0,0
28,TRANSFER,363.25,C100006057,8225.13,7861.88,C200003169,6607.02,6970.27,0,0
28,TRANSFER,4952.01,C100006639,31469.77,26517.76,C200004269,57519.97,62471.98,0,0
29,TRANSFER,1724.75,C100000066,52291.86,50567.11,C200006441,15006.86,16731.61,0,0
29,TRANSFER,600.2,C100000237,13151.08,12550.88,C200001846,37898.29,38498.49,0,0
29,TRANSFER,1233.02,C100000831,7596.62,6363.6,C200004029,10695.51,11928.53,0,0
29,TRANSFER,6222.17,C100001636,30812.01,24589.84,C200003631,77193.64,83415.81,0,0
29,TRANSFER,1011.4,C100001639,5454.75,4443.35,C200005808,101353.07,102364.47,0,0
29,TRANSFER,144.47,C100002911,105220.09,105075.62,C200000212,14576.42,14720.89,0,0
29,TRANSFER,1671.65,C100003133,54539.27,52867.62,C200001032,36001.99,37673.64,0,0
29,TRANSFER,1739.48,C100003187,19612.93,17873.45,C200004579,7340.78,9080.26,0,0
29,TRANSFER,2365.51,C100003704,38182.83,35817.32,C200000327,1217.61,3583.12,0,0
29,TRANSFER,156.14,C100004145,3983.91,3827.77,C200003590,49286.18,49442.32,0,0
29,TRANSFER,702.16,C100004292,619336.08,618633.92,C200005927,35139.16,35841.32,0,0
29,TRANSFER,10465.08,C100004542,14189.602928814202,3724.52,C200003397,42589.31,53054.39,0,0
29,TRANSFER,457.95,C100004736,89937.32,89479.37,C200003610,30984.14,31442.09,0,0
29,TRANSFER,618.97,C100005064,8608.48,7989.51,C200002171,56627.02,57245.99,0,0
29,TRANSFER,887.88,C100005066,73280.44,72392.56,C200001729,19474.02,20361.9,0,0
29,TRANSFER,847.46,C100005235,294727.84,293880.38,C200001123,11192.2,12039.66,0,0
30,TRANSFER,15525.25,C100000597,149964.49,134439.24,C200003793,289890.83,305416.08,0,0
30,TRANSFER,3478.88,C100001501,22273.03,18794.15,C200002379,176148.05,179626.93,0,0
30,TRANSFER,10980.52,C100001534,117382.41,106401.89,C200005712,32914.2,43894.72,0,0
30,TRANSFER,4508.87,C100003012,98651.27,94142.4,C200002680,29483.6,33992.47,0,0
30,TRANSFER,3977.27,C100003158,79838.83,75861.56,C200002338,72928.19,76905.46,0,0
30,TRANSFER,11761.03,C100003166,38312.1,26551.07,C200004157,23378.48,35139.51,0,0
30,TRANSFER,936.98,C100003472,6339.14,5402.16,C200003966,40687.5,41624.48,0,0
30,TRANSFER,1123.86,C100003477,80278.46,79154.6,C200002413,20267.75,21391.61,0,0
30,TRANSFER,913.64,C100003872,290103.39,289189.75,C200001565,38768.05,39681.69,0,0
30,TRANSFER,9685.63,C100003944,13815.23,4129.6,C200003124,143925.07,153610.7,0,0
30,TRANSFER,195.48,C100004430,115969.52,115774.04,C200002397,155031.72,155227.2,0,0
30,TRANSFER,12168.53,C100004846,121254.62,109086.09,C200001678,21985.98,34154.51,0,0
30,TRANSFER,7894.86,C100005317,10449.46,2554.6,C200000789,93039.46,100934.32,0,0
30,TRANSFER,577.53,C100005439,24090.46,23512.93,C200005713,5264.87,5842.4,0,0
30,TRANSFER,832.79,C100005539,2596.09,1763.3,C200000727,112869.23,113702.02,0,0
30,TRANSFER,1671.34,C100005653,53598.27,51926.93,C200005915,16725.85,18397.19,0,0
30,TRANSFER,4065.81,C100006133,32995.11,28929.3,C200000368,62212.66,66278.47,0,0
30,TRANSFER,3399.35,C100006958,17410.41,14011.06,C200002391,13476.86,16876.21,0,0
31,TRANSFER,1615.65,C100000586,45624.81,44009.16,C200003137,13290.17,14905.82,0,0
31,TRANSFER,299.01,C100000839,20827.15,20528.14,C200005647,186605.27,186904.28,0,0
31,TRANSFER,3524.75,C100000978,35551.17,32026.42,C200005312,75336.95,78861.7,0,0
31,TRANSFER,5253.33,C100001046,13005.29,7751.96,C200005640,8817.74,14071.07,0,0
31,TRANSFER,486.54,C100001821,32367.06,31880.52,C200005971,93284.12,93770.66,0,0
31,TRANSFER,3981.75,C100002763,36775.02,32793.27,C200000044,41823.35,45805.1,0,0
31,TRANSFER,10782.35,C100003173,27917.28,17134.93,C200003453,2843.2,13625.55,0,0
31,TRANSFER,1449.17,C100003758,72235.41,70786.24,C200004657,79788.81,81237.98,0,0
31,TRANSFER,3727.19,C100003767,6119.77,2392.58,C200005741,11480.58,15207.77,0,0
31,TRANSFER,4690.58,C100004149,111409.63,106719.05,C200004553,10172.19,14862.77,0,0
31,TRANSFER,10664.1,C100004392,11803.57147395781,1139.47,C200001746,13962.65,24626.75,0,0
31,TRANSFER,4247.04,C100005634,166946.33,162699.29,C200001820,10737.49,14984.53,0,0
31,TRANSFER,415.66,C100005801,53344.01,52928.35,C200000167,24036.52,24452.18,0,0
31,TRANSFER,768.7,C100005829,34358.34,33589.64,C200006242,239382.26,240150.96,0,0
31,TRANSFER,131.03,C100006777,9664.52,9533.49,C200000664,19386.23,19517.26,0,0
32,TRANSFER,1321.9,C100000167,31718.61,30396.71,C200001194,56721.87,58043.77,0,0
32,TRANSFER,4493.92,C100001107,18350.32,13856.4,C200000294,29853.44,34347.36,0,0
32,TRANSFER,292.67,C100001198,14742.99,14450.32,C200002593,28460.54,28753.21,0,0
32,TRANSFER,41.89,C100001917,24548.69,24506.8,C200001029,228386.6,228428.49,0,0
32,TRANSFER,8012.8,C100001985,67574.81,59562.01,C200002305,20357.44,28370.24,0,0
32,TRANSFER,2883.2,C100002311,132830.29,129947.09,C200006080,132289.75,135172.95,0,0
32,TRANSFER,2077.25,C100003266,14828.23,12750.98,C200001846,106591.97,108669.22,0,0
32,TRANSFER,4396.22,C100003816,20150.0,15753.78,C200004458,33378.83,37775.05,0,0
32,TRANSFER,3045.47,C100005109,35722.65,32677.18,C200004396,117195.67,120241.14,0,0
32,TRANSFER,1005.23,C100005739,31470.41,30465.18,C200004002,580264.81,581270.04,0,0
32,TRANSFER,945.28,C100006680,49199.34,48254.06,C200000531,206505.51,207450.79,0,0
33,TRANSFER,22081.48,C100000161,331322.96,309241.48,C200005887,18100.94,40182.42,0,0
33,TRANSFER,1211.64,C100000590,149723.05,148511.41,C200005092,9085.93,10297.57,0,0
33,TRANSFER,1296.96,C100000698,5770.514940126844,4473.55,C200001277,10026.78,11323.74,0,0
33,TRANSFER,3747.11,C100001392,38874.85,35127.74,C200000125,48154.87,51901.98,0,0
33,TRANSFER,2324.88,C100001494,36121.76,33796.88,C200000106,29979.84,32304.72,0,0
33,TRANSFER,7946.05,C100001923,40064.33,32118.28,C200004938,724471.76,732417.81,0,0
33,TRANSFER,320.22,C100002874,30587.0,30266.78,C200005978,145291.95,145612.17,0,0
33,TRANSFER,6669.35,C100002919,9442.22,2772.87,C200000057,519326.97,525996.32,0,0
33,TRANSFER,4407.46,C100003204,32060.54,27653.08,C200001699,33363.96,37771.42,0,0
33,TRANSFER,4486.46,C100003788,24611.16,20124.7,C200000507,54238.96,58725.42,0,0
33,TRANSFER,24748.99,C100004848,28605.199106427575,3856.21,C200006291,84345.85,109094.84,0,0
33,TRANSFER,442.06,C100005475,63753.59,63311.53,C200000650,3156.14,3598.2,0,0
34,TRANSFER,5405.81,C100000541,12430.97,7025.16,C200000322,16921.09,22326.9,0,0
34,TRANSFER,814.45,C100000626,34041.21,33226.76,C200004247,6893.76,7708.21,0,0
34,TRANSFER,279.92,C100000795,28409.62,28129.7,C200004419,67449.55,67729.47,0,0
34,TRANSFER,7907.19,C100001225,17446.61,9539.42,C200002762,13312.49,21219.68,0,0
34,TRANSFER,3039.16,C100001302,32715.9,29676.74,C200005972,238408.86,241448.02,0,0
34,TRANSFER,3042.26,C100001369,3405.08,362.82,C200003345,13916.69,16958.95,0,0
34,TRANSFER,2641.57,C100002061,17671.26,15029.69,C200000660,71524.39,74165.96,0,0
34,TRANSFER,2539.0,C100002528,172793.38,170254.38,C200004467,106206.06,108745.06,0,0
34,TRANSFER,2383.91,C100003403,31556.38,29172.47,C200002577,7516.55,9900.46,0,0
34,TRANSFER,14367.03,C100004038,18730.33,4363.3,C200002231,110128.44,124495.47,0,0
34,TRANSFER,730.93,C100004280,74709.84,73978.91,C200006263,14359.15,15090.08,0,0
34,TRANSFER,10746.3,C100004384,14423.258459310797,3676.96,C200001521,2066.57,12812.87,0,0
34,TRANSFER,2087.52,C100004458,19377.74,17290.22,C200000147,77084.03,79171.55,0,0
34,TRANSFER,1140.33,C100004938,24926.58,23786.25,C200002028,157776.37,158916.7,0,0
34,TRANSFER,8378.75,C100005083,10149.748823846603,1771.0,C200004001,38372.14,46750.89,0,0
34,TRANSFER,2084.15,C100005346,3680.510599690938,1596.36,C200000963,35846.98,37931.13,0,0
34,TRANSFER,3046.77,C100005532,3363.6939531033354,316.92,C200004961,12238.05,15284.82,0,0
34,TRANSFER,7228.53,C100005635,274030.99,266802.46,C200003333,231267.18,238495.71,0,0
34,TRANSFER,724.97,C100005880,80602.44,79877.47,C200001718,70270.45,70995.42,0,0
34,TRANSFER,6634.42,C100006045,10852.643242226208,4218.22,C200006069,6953.49,13587.91,0,0
34,TRANSFER,6053.03,C100006911,11556.13,5503.1,C200001971,20460.92,26513.95,0,0
34,TRANSFER,1646.5,C100006950,15702.75,14056.25,C200006022,24121.46,25767.96,0,0
35,TRANSFER,122.39,C100000219,4948.07,4825.68,C200000585,38453.66,38576.05,0,0
35,TRANSFER,3365.06,C100000955,4662.132322128189,1297.07,C200002769,43414.5,46779.56,0,0
35,TRANSFER,1978.97,C100001144,31819.82,29840.85,C200003150,145553.92,147532.89,0,0
35,TRANSFER,803.68,C100001361,27087.02,26283.34,C200001500,55364.28,56167.96,0,0
35,TRANSFER,3628.33,C100001591,9837.44,6209.11,C200000006,17103.59,20731.92,0,0
35,TRANSFER,9444.38,C100002257,50527.08,41082.7,C200000142,254124.96,263569.34,0,0
35,TRANSFER,416.14,C100002282,13117.83,12701.69,C200005397,74626.37,75042.51,0,0
35,TRANSFER,2927.13,C100002768,82199.45,79272.32,C200004361,689472.33,692399.46,0,0
35,TRANSFER,2253.76,C100004630,3503.3284634923334,1249.57,C200003225,37260.62,39514.38,0,0
35,TRANSFER,3596.59,C100004960,14340.34,10743.75,C200000021,184424.13,188020.72,0,0
35,TRANSFER,5935.75,C100005110,6104.833862040908,169.08,C200005949,22335.87,28271.62,0,0
35,TRANSFER,3895.65,C100005443,7902.753659739552,4007.1,C200004054,66238.66,70134.31,0,0
35,TRANSFER,11242.4,C100005660,126191.52,114949.12,C200003171,1257.78,12500.18,0,0
35,TRANSFER,4451.26,C100006519,10758.62,6307.36,C200003601,4810.16,9261.42,0,0
35,TRANSFER,454.66,C100006998,25877.64,25422.98,C200003151,35865.01,36319.67,0,0
36,TRANSFER,1204.53,C100000319,3976.789619245318,2772.26,C200004489,10002.38,11206.91,0,0
36,TRANSFER,18870.8,C100000925,83317.21,64446.41,C200003406,2128.03,20998.83,0,0
36,TRANSFER,13004.16,C100001578,18959.96,5955.8,C200001395,8250.24,21254.4,0,0
36,TRANSFER,2808.98,C100001655,17023.71,14214.73,C200003611,123714.72,126523.7,0,0
36,TRANSFER,1186.71,C100002106,11181.01,9994.3,C200005401,192468.89,193655.6,0,0
36,TRANSFER,5268.2,C100002990,16577.25,11309.05,C200001626,84056.42,89324.62,0,0
36,TRANSFER,437.52,C100003528,8932.57,8495.05,C200000119,61827.31,62264.83,0,0
36,TRANSFER,4928.19,C100003586,99380.12,94451.93,C200003541,22696.52,27624.71,0,0
36,TRANSFER,2524.48,C100003918,26613.5,24089.02,C200004655,3693.01,6217.49,0,0
36,TRANSFER,14161.44,C100004356,33285.84,19124.4,C200002698,1968.2,16129.64,0,0
36,TRANSFER,10829.52,C100004567,80658.02,69828.5,C200005205,10146.06,20975.58,0,0
36,TRANSFER,423.88,C100005176,27338.47,26914.59,C200005230,8912.05,9335.93,0,0
36,TRANSFER,2299.22,C100005275,58828.22,56529.0,C200001285,2743.24,5042.46,0,0
36,TRANSFER,4341.2,C100005520,341339.96,336998.76,C200004648,799.46,5140.66,0,0
36,TRANSFER,3765.92,C100005997,67513.89,63747.97,C200003464,1040.89,4806.81,0,0
36,TRANSFER,2204.36,C100006056,3857.54,1653.18,C200000066,23424.9,25629.26,0,0
36,TRANSFER,307.69,C100006088,6143.77,5836.08,C200004918,27774.6,28082.29,0,0
36,TRANSFER,1047.65,C100006597,29861.98,28814.33,C200002281,5015.11,6062.76,0,0
37,TRANSFER,2293.22,C100000275,63349.15,61055.93,C200000188,256610.34,258903.56,0,0
37,TRANSFER,7755.57,C100000407,12973.99,5218.42,C200001177,66095.26,73850.83,0,0
37,TRANSFER,1022.66,C100000424,91627.47,90604.81,C200002424,454413.5,455436.16,0,0
37,TRANSFER,1749.84,C100000806,166824.97,165075.13,C200002980,56638.3,58388.14,0,0
37,TRANSFER,702.87,C100000858,6843.84,6140.97,C200001822,13776.38,14479.25,0,0
37,TRANSFER,845.02,C100001357,6606.22,5761.2,C200000167,123234.69,124079.71,0,0
37,TRANSFER,1876.92,C100001615,5148.68,3271.76,C200002575,16687.46,18564.38,0,0
37,TRANSFER,840.35,C100003793,10800.38,9960.03,C200002742,31546.88,32387.23,0,0
37,TRANSFER,3427.2,C100004028,12189.71,8762.51,C200003004,16782.72,20209.92,0,0
37,TRANSFER,3608.43,C100004680,342317.34,338708.91,C200005231,16726.44,20334.87,0,0
37,TRANSFER,665.96,C100004940,22268.69,21602.73,C200006406,16339.31,17005.27,0,0
37,TRANSFER,3215.29,C100005848,30158.05,26942.76,C200003397,20108.66,23323.95,0,0
37,TRANSFER,3003.31,C100005863,172376.45,169373.14,C200005078,47244.93,50248.24,0,0
37,TRANSFER,795.44,C100006152,18621.51,17826.07,C200004768,28056.21,28851.65,0,0
37,TRANSFER,442.79,C100006469,24932.38,24489.59,C200005995,34779.45,35222.24,0,0
38,TRANSFER,2683.68,C100000827,83297.36,80613.68,C200000612,36778.66,39462.34,0,0
38,TRANSFER,1161.24,C100001200,20573.43,19412.19,C200000272,31876.28,33037.52,0,0
38,TRANSFER,9167.63,C100001638,24407.19,15239.56,C200005811,280514.01,289681.64,0,0
38,TRANSFER,1456.63,C100002115,106710.26,105253.63,C200002593,12226.74,13683.37,0,0
38,TRANSFER,673.81,C100002942,97973.6,97299.79,C200001104,29534.88,30208.69,0,0
38,TRANSFER,15988.55,C100002963,19813.33,3824.78,C200003786,118025.2,134013.75,0,0
38,TRANSFER,1020.6,C100003385,11251.54,10230.94,C200000796,64099.77,65120.37,0,0
38,TRANSFER,4497.08,C100003596,36360.04,31862.96,C200001596,25674.21,30171.29,0,0
38,TRANSFER,80.52,C100003877,93177.7,93097.18,C200004741,33596.92,33677.44,0,0
38,TRANSFER,1596.82,C100004841,36105.33,34508.51,C200000569,38384.16,39980.98,0,0
38,TRANSFER,709.27,C100005190,5727.83,5018.56,C200000519,6506.67,7215.94,0,0
38,TRANSFER,17508.26,C100006030,110036.28,92528.02,C200002562,16145.1,33653.36,0,0
38,TRANSFER,8371.63,C100006061,28025.69,19654.06,C200005971,30872.79,39244.42,0,0
38,TRANSFER,4315.49,C100006089,26397.76,22082.27,C200002766,107717.28,112032.77,0,0
38,TRANSFER,1002.74,C100006419,63662.85,62660.11,C200000837,29204.46,30207.2,0,0
39,TRANSFER,4339.1,C100000354,24976.17,20637.07,C200006092,19043.88,23382.98,0,0
39,TRANSFER,2221.6,C100001570,70820.33,68598.73,C200003889,18471.37,20692.97,0,0
39,TRANSFER,2473.97,C100002305,5455.547735780381,2981.58,C200002530,6312.63,8786.6,0,0
39,TRANSFER,415.47,C100002569,11903.6,11488.13,C200004487,44737.42,45152.89,0,0
39,TRANSFER,1622.27,C100002658,20585.55,18963.28,C200003014,160022.9,161645.17,0,0
39,TRANSFER,2901.67,C100002762,17817.01,14915.34,C200004901,2306.76,5208.43,0,0
39,TRANSFER,3461.5,C100003289,18754.38,15292.88,C200004730,6803.14,10264.64,0,0
39,TRANSFER,1474.33,C100003697,69274.71,67800.38,C200000980,5801.71,7276.04,0,0
39,TRANSFER,5579.01,C100003725,10535.683431730236,4956.67,C200006109,29330.69,34909.7,0,0
39,TRANSFER,593.85,C100004222,19519.61,18925.76,C200003920,60503.62,61097.47,0,0
39,TRANSFER,325.97,C100005511,29777.12,29451.15,C200000794,5850.85,6176.82,0,0
39,TRANSFER,4862.16,C100006250,7479.2689324252815,2617.11,C200000910,5881.6,10743.76,0,0
39,TRANSFER,19162.68,C100006525,53456.63,34293.95,C200003333,20384.53,39547.21,0,0
39,TRANSFER,4645.49,C100006722,15177.29,10531.8,C200006415,5750.04,10395.53,0,0
39,TRANSFER,991.04,C100006794,30111.74,29120.7,C200004474,35397.61,36388.65,0,0
39,TRANSFER,485.75,C100006938,4840.42,4354.67,C200000594,2524.85,3010.6,0,0
40,TRANSFER,2268.24,C100000006,47483.61,45215.37,C200006387,32930.62,35198.86,0,0
40,TRANSFER,8440.44,C100000677,10911.584924255725,2471.14,C200001876,14761.81,23202.25,0,0
40,TRANSFER,593.16,C100001044,406809.19,406216.03,C200004287,9344.33,9937.49,0,0
40,TRANSFER,2139.17,C100001089,15521.22,13382.05,C200001100,18481.51,20620.68,0,0
40,TRANSFER,13632.02,C100002093,15661.246579725248,2029.23,C200000248,25725.32,39357.34,0,0
40,TRANSFER,2990.12,C100002690,17223.46,14233.34,C200003783,149348.69,152338.81,0,0
40,TRANSFER,3536.45,C100003093,187086.23,183549.78,C200001028,3238.68,6775.13,0,0
40,TRANSFER,2572.19,C100005555,403557.63,400985.44,C200005632,19492.36,22064.55,0,0
40,TRANSFER,474.37,C100006401,106669.14,106194.77,C200002464,31887.03,32361.4,0,0
40,TRANSFER,2507.78,C100006952,32956.45,30448.67,C200005249,24581.21,27088.99,0,0
41,TRANSFER,1932.87,C100000686,62777.83,60844.96,C200001876,176712.0,178644.87,0,0
41,TRANSFER,14512.43,C100000715,64259.41,49746.98,C200003399,15440.15,29952.58,0,0
41,TRANSFER,413.72,C100001753,187084.22,186670.5,C200000945,285878.92,286292.64,0,0
41,TRANSFER,11218.17,C100001879,16986.55,5768.38,C200005486,102183.87,113402.04,0,0
41,TRANSFER,1090.17,C100002853,152028.79,150938.62,C200004510,239130.29,240220.46,0,0
41,TRANSFER,433.68,C100003528,54891.06,54457.38,C200005124,160119.75,160553.43,0,0
41,TRANSFER,5765.62,C100003641,19353.17,13587.55,C200002583,2437.67,8203.29,0,0
41,TRANSFER,514.34,C100004571,69443.55,68929.21,C200002422,199263.56,199777.9,0,0
41,TRANSFER,6080.15,C100004573,12971.11,6890.96,C200004601,702.48,6782.63,0,0
41,TRANSFER,206.7,C100004929,113175.15,112968.45,C200004188,89083.04,89289.74,0,0
41,TRANSFER,4080.13,C100005574,17398.56,13318.43,C200003416,16881.3,20961.43,0,0
41,TRANSFER,292.39,C100005578,90528.25,90235.86,C200001948,419.94,712.33,0,0
41,TRANSFER,8036.36,C100006385,37962.64,29926.28,C200005173,23151.36,31187.72,0,0
41,TRANSFER,1609.92,C100006454,7707.64,6097.72,C200001458,12139.84,13749.76,0,0
42,TRANSFER,7350.24,C100000893,167419.57,160069.33,C200003025,13500.87,20851.11,0,0
42,TRANSFER,2070.76,C100000984,35494.56,33423.8,C200002266,8922.56,10993.32,0,0
42,TRANSFER,1954.87,C100001207,230399.89,228445.02,C200004098,12350.76,14305.63,0,0
42,TRANSFER,2237.25,C100001295,29309.09,27071.84,C200003509,9276.27,11513.52,0,0
42,TRANSFER,3215.38,C100001759,6568.170884972924,3352.79,C200003728,3275.14,6490.52,0,0
42,TRANSFER,573.68,C100002391,12512.67,11938.99,C200005717,4770.64,5344.32,0,0
42,TRANSFER,7725.08,C100002397,157347.75,149622.67,C200004232,16239.98,23965.06,0,0
42,TRANSFER,848.57,C100003656,8000.42,7151.85,C200005002,15802.92,16651.49,0,0
42,TRANSFER,5065.99,C100003696,16707.98,11641.99,C200004485,80378.65,85444.64,0,0
42,TRANSFER,957.84,C100003938,55033.2,54075.36,C200002070,52114.18,53072.02,0,0
42,TRANSFER,1445.96,C100004279,48273.5,46827.54,C200002698,144196.21,145642.17,0,0
42,TRANSFER,8579.23,C100004435,29689.47,21110.24,C200005919,16964.2,25543.43,0,0
42,TRANSFER,705.14,C100004897,111351.22,110646.08,C200001958,6193.91,6899.05,0,0
42,TRANSFER,1239.67,C100005336,32469.25,31229.58,C200001486,9217.17,10456.84,0,0
42,TRANSFER,680.52,C100005407,16139.16,15458.64,C200003322,23471.74,24152.26,0,0
42,TRANSFER,4672.92,C100006001,17888.77,13215.85,C200003509,19797.12,24470.04,0,0
42,TRANSFER,317.4,C100006263,10689.68,10372.28,C200003475,31254.6,31572.0,0,0
43,TRANSFER,9115.25,C100001369,86888.56,77773.31,C200001855,14524.51,23639.76,0,0
43,TRANSFER,3151.15,C100001612,45192.62,42041.47,C200001837,73313.67,76464.82,0,0
43,TRANSFER,1124.6,C100001669,34673.12,33548.52,C200000853,212172.48,213297.08,0,0
43,TRANSFER,7213.14,C100002014,148182.07,140968.93,C200000968,19854.7,27067.84,0,0
43,TRANSFER,9607.27,C100003241,10761.130867048996,1153.86,C200004424,2810.35,12417.62,0,0
43,TRANSFER,291.31,C100003649,17715.89,17424.58,C200006248,11647.88,11939.19,0,0
43,TRANSFER,1407.75,C100004899,17263.94,15856.19,C200001560,41262.15,42669.9,0,0
43,TRANSFER,329.91,C100005656,23937.23,23607.32,C200003508,7164.76,7494.67,0,0
43,TRANSFER,898.48,C100006190,12064.76,11166.28,C200005181,15754.01,16652.49,0,0
43,TRANSFER,885.45,C100006237,12256.51,11371.06,C200002546,29224.58,30110.03,0,0
44,TRANSFER,711.93,C100000180,157382.65,156670.72,C200005003,6797.09,7509.02,0,0
44,TRANSFER,1065.35,C100000507,7188.1,6122.75,C200006316,17407.96,18473.31,0,0
44,TRANSFER,893.23,C100000684,4337.267020892283,3444.04,C200005262,1704.96,2598.19,0,0
44,TRANSFER,1992.31,C100000917,177910.35,175918.04,C200004876,21764.84,23757.15,0,0
44,TRANSFER,2313.77,C100001457,5066.25,2752.48,C200004216,23740.23,26054.0,0,0
44,TRANSFER,6630.0,C100001829,31379.62,24749.62,C200006122,5967.76,12597.76,0,0
44,TRANSFER,3736.28,C100002255,12080.16,8343.88,C200000948,9697.68,13433.96,0,0
44,TRANSFER,452.39,C100002466,47834.62,47382.23,C200004303,35712.58,36164.97,0,0
44,TRANSFER,6324.75,C100002968,24854.02,18529.27,C200003302,7538.88,13863.63,0,0
44,TRANSFER,8261.7,C100003769,17939.88,9678.18,C200005299,7346.14,15607.84,0,0
44,TRANSFER,573.15,C100004009,18770.2,18197.05,C200001601,9759.95,10333.1,0,0
44,TRANSFER,1946.01,C100004381,57196.21,55250.2,C200003791,142382.01,144328.02,0,0
44,TRANSFER,4671.98,C100006105,65707.76,61035.78,C200004958,105218.34,109890.32,0,0
44,TRANSFER,2167.04,C100006626,57298.05,55131.01,C200004637,88999.34,91166.38,0,0
44,TRANSFER,6674.31,C100006966,20504.11,13829.8,C200000107,35893.63,42567.94,0,0
45,TRANSFER,2376.82,C100001022,27037.0,24660.18,C200005267,222220.75,224597.57,0,0
45,TRANSFER,1206.38,C100001344,11381.79,10175.41,C200006403,8530.13,9736.51,0,0
45,TRANSFER,7077.54,C100002357,98451.98,91374.44,C200001410,17602.65,24680.19,0,0
45,TRANSFER,4249.83,C100002507,183809.05,179559.22,C200005232,221301.96,225551.79,0,0
45,TRANSFER,5834.9,C100002826,8305.56418711857,2470.66,C200002975,1000000.0,1005834.9,0,0
45,TRANSFER,452.91,C100003033,50672.19,50219.28,C200005518,12722.84,13175.75,0,0
45,TRANSFER,1839.56,C100003463,5848.27,4008.71,C200006247,5755.48,7595.04,0,0
45,TRANSFER,965.13,C100003750,133117.03,132151.9,C200003924,979.87,1945.0,0,0
45,TRANSFER,6798.01,C100004733,17109.84,10311.83,C200004426,19017.15,25815.16,0,0
45,TRANSFER,3778.72,C100005081,7069.19,3290.47,C200000061,33495.23,37273.95,0,0
45,TRANSFER,1274.23,C100005580,43228.97,41954.74,C200002120,128730.24,130004.47,0,0
45,TRANSFER,205.82,C100006313,142398.74,142192.92,C200000849,4135.11,4340.93,0,0
46,TRANSFER,1233.04,C100000619,34158.83,32925.79,C200003469,113371.44,114604.48,0,0
46,TRANSFER,564.4,C100000670,78371.99,77807.59,C200006419,22607.58,23171.98,0,0
46,TRANSFER,816.58,C100000705,73767.31,72950.73,C200005291,11941.45,12758.03,0,0
46,TRANSFER,2029.34,C100001774,30374.16,28344.82,C200005444,3053.41,5082.75,0,0
46,TRANSFER,4105.11,C100001860,29062.73,24957.62,C200002516,35719.03,39824.14,0,0
46,TRANSFER,2698.32,C100002246,38759.62,36061.3,C200001059,2273.44,4971.76,0,0
46,TRANSFER,3980.72,C100002448,32602.54,28621.82,C200005293,37670.38,41651.1,0,0
46,TRANSFER,561.85,C100002566,22100.12,21538.27,C200004171,6251.25,6813.1,0,0
46,TRANSFER,20248.2,C100003193,32772.97,12524.77,C200001857,17659.44,37907.64,0,0
46,TRANSFER,1722.1,C100003294,50904.1,49182.0,C200006454,31058.51,32780.61,0,0
46,TRANSFER,3173.91,C100003773,18181.1,15007.19,C200001741,23236.15,26410.06,0,0
46,TRANSFER,2956.12,C100004228,28104.94,25148.82,C200001491,42573.52,45529.64,0,0
46,TRANSFER,754.78,C100005781,14922.28,14167.5,C200004154,565230.91,565985.69,0,0
46,TRANSFER,3789.48,C100005918,5000.3081323933975,1210.83,C200002108,22598.1,26387.58,0,0
46,TRANSFER,8381.03,C100006706,28135.54,19754.51,C200001413,42403.99,50785.02,0,0
47,TRANSFER,1793.47,C100000145,6062.32,4268.85,C200006350,12778.4,14571.87,0,0
47,TRANSFER,4823.34,C100000168,5382.86,559.52,C200000671,43025.61,47848.95,0,0
47,TRANSFER,3235.58,C100000386,14591.12,11355.54,C200006181,14349.66,17585.24,0,0
47,TRANSFER,3562.75,C100000877,4997.033340600497,1434.28,C200001654,175167.38,178730.13,0,0
47,TRANSFER,235.52,C100000906,16538.55,16303.03,C200005209,48190.63,48426.15,0,0
47,TRANSFER,1446.46,C100001607,5425.535110729549,3979.08,C200000623,11803.75,13250.21,0,0
47,TRANSFER,3014.18,C100001707,243151.48,240137.3,C200006180,33585.59,36599.77,0,0
47,TRANSFER,3709.43,C100003262,79522.93,75813.5,C200002052,210880.29,214589.72,0,0
47,TRANSFER,4753.47,C100003515,289750.25,284996.78,C200003364,19672.25,24425.72,0,0
47,TRANSFER,1598.49,C100003783,3941.03,2342.54,C200001785,38396.49,39994.98,0,0
47,TRANSFER,2122.23,C100005080,6253.85,4131.62,C200000560,34473.64,36595.87,0,0
47,TRANSFER,1122.49,C100005297,13669.7,12547.21,C200005164,49126.27,50248.76,0,0
47,TRANSFER,3592.51,C100006441,9128.11,5535.6,C200006202,15252.16,18844.67,0,0
48,TRANSFER,2977.97,C100000343,92485.49,89507.52,C200000795,782388.81,785366.78,0,0
48,TRANSFER,2494.22,C100000727,31603.97,29109.75,C200001285,39882.19,42376.41,0,0
48,TRANSFER,3441.68,C100002690,8044.76,4603.08,C200001093,16697.14,20138.82,0,0
48,TRANSFER,2610.11,C100002750,174924.57,172314.46,C200005980,50867.7,53477.81,0,0
48,TRANSFER,22866.96,C100003160,49331.7,26464.74,C200003949,39768.26,62635.22,0,0
48,TRANSFER,5970.18,C100004526,46115.95,40145.77,C200001431,27810.91,33781.09,0,0
48,TRANSFER,7852.63,C100004743,111690.79,103838.16,C200003519,8192.57,16045.2,0,0
48,TRANSFER,994.4,C100005142,19274.21,18279.81,C200005780,34699.84,35694.24,0,0
48,TRANSFER,1388.0,C100006425,29272.06,27884.06,C200004546,42570.83,43958.83,0,0
48,TRANSFER,5899.71,C100006428,46982.47,41082.76,C200001321,39793.74,45693.45,0,0
48,TRANSFER,9164.13,C100006750,31830.32,22666.19,C200005296,20937.38,30101.51,0,0
49,TRANSFER,951.96,C100001640,69156.81,68204.85,C200003865,8337.35,9289.31,0,0
49,TRANSFER,5199.07,C100001714,231210.24,226011.17,C200002157,2606.62,7805.69,0,0
49,TRANSFER,3050.11,C100001768,7629.22,4579.11,C200005320,21770.51,24820.62,0,0
49,TRANSFER,9887.86,C100001898,32450.0,22562.14,C200005721,99238.71,109126.57,0,0
49,TRANSFER,737.38,C100003200,31815.12,31077.74,C200004560,79990.14,80727.52,0,0
49,TRANSFER,499.44,C100003769,754833.44,754334.0,C200000819,54158.31,54657.75,0,0
49,TRANSFER,1152.35,C100004346,10882.79,9730.44,C200005292,3810.93,4963.28,0,0
49,TRANSFER,4572.36,C100005578,40321.55,35749.19,C200001432,4130.76,8703.12,0,0
49,TRANSFER,8504.63,C100006534,74303.85,65799.22,C200001164,52040.32,60544.95,0,0
49,TRANSFER,3469.27,C100006561,30693.04,27223.77,C200002843,88204.37,91673.64,0,0
50,TRANSFER,241.06,C100000453,61525.79,61284.73,C200005765,15238.24,15479.3,0,0
50,TRANSFER,848.33,C100000563,10733.86,9885.53,C200006211,30043.45,30891.78,0,0
50,TRANSFER,1720.5,C100000842,7529.46,5808.96,C200003911,58437.48,60157.98,0,0
50,TRANSFER,658.51,C100001039,50922.25,50263.74,C200000419,29709.61,30368.12,0,0
50,TRANSFER,11615.61,C100001335,13081.364160807416,1465.75,C200004395,277683.29,289298.9,0,0
50,TRANSFER,10114.27,C100002223,101717.18,91602.91,C200005659,8421.92,18536.19,0,0
50,TRANSFER,720.7,C100002501,393246.61,392525.91,C200005456,69035.71,69756.41,0,0
50,TRANSFER,603.2,C100002602,63894.64,63291.44,C200001848,69310.35,69913.55,0,0
50,TRANSFER,4016.66,C100003432,56845.6,52828.94,C200004980,6698.47,10715.13,0,0
50,TRANSFER,3216.92,C100003817,7341.88525062072,4124.97,C200006244,15768.77,18985.69,0,0
50,TRANSFER,5716.33,C100004093,8177.95,2461.62,C900008803,12547.1,18263.43,1,0
50,TRANSFER,1793.39,C100004270,11521.2,9727.81,C200000278,25423.49,27216.88,0,0
50,TRANSFER,559.73,C100004736,62510.6,61950.87,C200005915,65411.43,65971.16,0,0
50,TRANSFER,7150.26,C100004802,10584.334677552266,3434.07,C200004789,61642.81,68793.07,0,0
50,TRANSFER,1124.46,C100006215,41505.38,40380.92,C200006026,3380.29,4504.75,0,0
51,TRANSFER,4632.04,C100000076,12329.97,7697.93,C200005434,146237.03,150869.07,0,0
51,TRANSFER,7123.83,C100000425,20275.37,13151.54,C200000453,289834.92,296958.75,0,0
51,TRANSFER,5302.05,C100002173,35489.63,30187.58,C200000986,32935.2,38237.25,0,0
51,TRANSFER,3025.48,C100002640,87161.99,84136.51,C200005510,22136.65,25162.13,0,0
51,TRANSFER,3960.55,C100003412,33622.33,29661.78,C200003707,119866.01,123826.56,0,0
51,TRANSFER,1627.85,C100004104,117575.31,115947.46,C200002235,81110.96,82738.81,0,0
51,TRANSFER,3055.35,C100004160,15491.63,12436.28,C200004787,8680.95,11736.3,0,0
51,TRANSFER,6243.85,C100004258,103617.04,97373.19,C200005790,32714.22,38958.07,0,0
51,TRANSFER,2139.42,C100004451,150280.61,148141.19,C200001159,11971.57,14110.99,0,0
51,TRANSFER,3006.64,C100004891,11333.14,8326.5,C200001999,33443.9,36450.54,0,0
51,TRANSFER,385.01,C100005565,13874.43,13489.42,C200003898,186806.64,187191.65,0,0
51,TRANSFER,2874.89,C100006266,16570.22,13695.33,C200002838,48449.92,51324.81,0,0
51,TRANSFER,7398.94,C100006297,74165.05,66766.11,C200005708,29995.97,37394.91,0,0
51,TRANSFER,7182.14,C100006345,16654.24,9472.1,C200002798,119670.36,126852.5,0,0
51,TRANSFER,1550.42,C100006407,35959.42,34409.0,C200004209,19991.76,21542.18,0,0
51,TRANSFER,5882.94,C100006580,13820.22,7937.28,C200004764,11523.02,17405.96,0,0
51,TRANSFER,1052.32,C100006783,52485.58,51433.26,C200003622,15280.2,16332.52,0,0
51,TRANSFER,9981.89,C100006980,61225.26,51243.37,C200000853,23199.27,33181.16,0,0
52,TRANSFER,422.1,C100000439,118587.5,118165.4,C200001011,55924.15,56346.25,0,0
52,TRANSFER,19021.81,C100001459,57946.47,38924.66,C200000729,55584.23,74606.04,0,0
52,TRANSFER,2398.73,C100002278,8469.15,6070.42,C200006078,9321.6,11720.33,0,0
52,TRANSFER,2356.68,C100002534,123975.84,121619.16,C200003048,13607.45,15964.13,0,0
52,TRANSFER,13341.28,C100002795,26314.65,12973.37,C200000750,51109.81,64451.09,0,0
52,TRANSFER,3301.18,C100003117,18666.28,15365.1,C200001018,210780.29,214081.47,0,0
52,TRANSFER,1645.45,C100003575,40946.7,39301.25,C200005305,59343.18,60988.63,0,0
52,TRANSFER,6788.79,C100004195,36129.07,29340.28,C200000101,22661.45,29450.24,0,0
52,TRANSFER,524.28,C100004382,173064.29,172540.01,C200002447,10113.8,10638.08,0,0
52,TRANSFER,4439.98,C100005479,14083.25,9643.27,C200003343,4254.85,8694.83,0,0
52,TRANSFER,1038.12,C100006201,63759.74,62721.62,C200001879,74102.24,75140.36,0,0
52,TRANSFER,8059.68,C100006408,288225.46,280165.78,C200002569,78490.24,86549.92,0,0
53,TRANSFER,7586.55,C100000091,11539.803840308383,3953.25,C200004324,9638.33,17224.88,0,0
53,TRANSFER,2847.87,C100001057,7694.35888701546,4846.49,C200006333,72920.7,75768.57,0,0
53,TRANSFER,4285.39,C100001687,25733.56,21448.17,C200001492,5998.2,10283.59,0,0
53,TRANSFER,384.59,C100001864,5705.86,5321.27,C200004181,15988.96,16373.55,0,0
53,TRANSFER,10671.87,C100001892,13555.72,2883.85,C200001265,152871.98,163543.85,0,0
53,TRANSFER,10423.06,C100005203,17534.87,7111.81,C200005391,14063.02,24486.08,0,0
53,TRANSFER,1709.88,C100005222,39413.13,37703.25,C200005131,71820.88,73530.76,0,0
53,TRANSFER,2514.72,C100006100,6510.08,3995.36,C200004284,2381.46,4896.18,0,0
54,TRANSFER,11999.5,C100000253,164150.03,152150.53,C200002582,114471.45,126470.95,0,0
54,TRANSFER,5688.09,C100000443,17035.53,11347.44,C200003053,7612.11,13300.2,0,0
54,TRANSFER,692.58,C100000563,66494.27,65801.69,C200001448,8635.14,9327.72,0,0
54,TRANSFER,1926.49,C100001188,87692.2,85765.71,C200001526,3626.98,5553.47,0,0
54,TRANSFER,322.11,C100002298,13241.07,12918.96,C200006215,10383.41,10705.52,0,0
54,TRANSFER,4111.31,C100002506,5935.76,1824.45,C200000657,50263.46,54374.77,0,0
54,TRANSFER,1156.22,C100003548,30499.83,29343.61,C200004042,81194.59,82350.81,0,0
54,TRANSFER,4428.92,C100003713,35570.46,31141.54,C200000286,13558.46,17987.38,0,0
54,TRANSFER,379.82,C100003878,24777.97,24398.15,C200004679,11098.47,11478.29,0,0
54,TRANSFER,7464.23,C100003901,17239.54,9775.31,C200001638,14274.72,21738.95,0,0
54,TRANSFER,4689.83,C100005839,20402.89,15713.06,C200003004,340658.73,345348.56,0,0
54,TRANSFER,5593.89,C100006275,9606.15094331645,4012.26,C200002263,11649.88,17243.77,0,0
54,TRANSFER,330.47,C100006858,24822.44,24491.97,C200001600,9910.89,10241.36,0,0
55,TRANSFER,3832.03,C100000852,84991.57,81159.54,C200002131,30144.02,33976.05,0,0
55,TRANSFER,1776.06,C100001856,69389.46,67613.4,C200005929,3237.41,5013.47,0,0
55,TRANSFER,1044.3,C100002157,24944.16,23899.86,C200002461,64486.34,65530.64,0,0
55,TRANSFER,445.23,C100002687,64263.23,63818.0,C200001184,188453.45,188898.68,0,0
55,TRANSFER,2453.12,C100004595,23114.78,20661.66,C200004622,88660.59,91113.71,0,0
55,TRANSFER,18635.36,C100004934,22789.225194805254,4153.87,C200002480,12307.39,30942.75,0,0
55,TRANSFER,564.28,C100005306,24765.42,24201.14,C200005398,5939.08,6503.36,0,0
55,TRANSFER,1738.91,C100005916,130687.64,128948.73,C200001185,35746.53,37485.44,0,0
56,TRANSFER,1389.25,C100001637,11650.31,10261.06,C200001048,13994.74,15383.99,0,0
56,TRANSFER,1459.52,C100001652,19964.15,18504.63,C200003674,77245.55,78705.07,0,0
56,TRANSFER,1934.81,C100002520,13127.38,11192.57,C200005311,11821.84,13756.65,0,0
56,TRANSFER,259.93,C100003025,120236.51,119976.58,C200000686,9472.34,9732.27,0,0
56,TRANSFER,250.69,C100003485,8694.27,8443.58,C200005256,48702.5,48953.19,0,0
56,TRANSFER,317.18,C100003872,19426.31,19109.13,C200002078,9930.85,10248.03,0,0
56,TRANSFER,1090.0,C100004138,6060.871196606837,4970.87,C200004068,4868.72,5958.72,0,0
56,TRANSFER,4707.34,C100005303,12335.48,7628.14,C200004627,18138.04,22845.38,0,0
56,TRANSFER,700.59,C100005484,19293.78,18593.19,C200004795,283906.73,284607.32,0,0
56,TRANSFER,1775.38,C100005795,155615.36,153839.98,C200004110,171991.82,173767.2,0,0
56,TRANSFER,1473.39,C100006702,66294.32,64820.93,C200005902,57497.31,58970.7,0,0
56,TRANSFER,182.61,C100006899,27575.02,27392.41,C200002800,56810.92,56993.53,0,0
57,TRANSFER,1844.37,C100000370,54985.58,53141.21,C200000138,189297.55,191141.92,0,0
57,TRANSFER,2290.54,C100000772,5151.46,2860.92,C200000422,15757.09,18047.63,0,0
57,TRANSFER,3176.95,C100000879,136134.52,132957.57,C200001106,116491.98,119668.93,0,0
57,TRANSFER,7827.09,C100001013,10643.45,2816.36,C200004269,2230.77,10057.86,0,0
57,TRANSFER,682.55,C100004446,12479.87,11797.32,C200000122,28394.43,29076.98,0,0
57,TRANSFER,709.36,C100004930,59479.03,58769.67,C200006037,68392.76,69102.12,0,0
57,TRANSFER,1279.01,C100004964,23120.96,21841.95,C200001094,9154.84,10433.85,0,0
57,TRANSFER,3340.97,C100005001,8614.67,5273.7,C200002690,173504.27,176845.24,0,0
57,TRANSFER,3108.2,C100006133,15799.87,12691.67,C200003329,96321.03,99429.23,0,0
57,TRANSFER,3852.07,C100006583,77080.6,73228.53,C200003827,338999.85,342851.92,0,0
57,TRANSFER,11074.7,C100006650,89926.18,78851.48,C200000247,333459.81,344534.51,0,0
58,TRANSFER,268.44,C100000172,135521.83,135253.39,C200001912,114865.08,115133.52,0,0
58,TRANSFER,10186.04,C100000606,12309.84402410632,2123.8,C200001478,13043.48,23229.52,0,0
58,TRANSFER,5080.64,C100001366,50374.17,45293.53,C200003234,4496.36,9577.0,0,0
58,TRANSFER,560.16,C100001420,52581.46,52021.3,C200002794,8945.19,9505.35,0,0
58,TRANSFER,317.54,C100001703,56334.77,56017.23,C200000320,1268.31,1585.85,0,0
58,TRANSFER,333.99,C100001882,67365.26,67031.27,C200001646,14291.68,14625.67,0,0
58,TRANSFER,185.36,C100002099,65158.02,64972.66,C200001983,30688.03,30873.39,0,0
58,TRANSFER,6956.82,C100002592,8369.960391973967,1413.14,C200002841,161838.21,168795.03,0,0
58,TRANSFER,1019.88,C100003102,50276.75,49256.87,C200002006,56458.55,57478.43,0,0
58,TRANSFER,5146.39,C100003280,12258.88,7112.49,C200000270,65753.71,70900.1,0,0
58,TRANSFER,1753.91,C100005392,49224.41,47470.5,C200006260,38719.07,40472.98,0,0
58,TRANSFER,18040.74,C100005506,21849.586205267562,3808.85,C200001592,13517.69,31558.43,0,0
58,TRANSFER,565.13,C100006754,13907.2,13342.07,C200000320,40930.79,41495.92,0,0
59,TRANSFER,268.32,C100000360,74762.73,74494.41,C200003994,23207.08,23475.4,0,0
59,TRANSFER,4264.61,C100000837,205807.68,201543.07,C200005461,2248.67,6513.28,0,0
59,TRANSFER,786.9,C100001079,40076.37,39289.47,C200006268,1883.25,2670.15,0,0
59,TRANSFER,8483.49,C100001634,12530.23727375588,4046.75,C200006465,26270.14,34753.63,0,0
59,TRANSFER,1725.3,C100004197,61915.79,60190.49,C200004806,20007.92,21733.22,0,0
59,TRANSFER,921.89,C100004727,6853.83,5931.94,C200001349,10521.56,11443.45,0,0
59,TRANSFER,2280.83,C100005304,5915.26,3634.43,C200005429,3068.9,5349.73,0,0
59,TRANSFER,1321.25,C100005487,144018.34,142697.09,C200002520,40995.94,42317.19,0,0
60,TRANSFER,1793.02,C100000732,93680.99,91887.97,C200005100,70322.35,72115.37,0,0
60,TRANSFER,3564.05,C100002641,149778.95,146214.9,C200002039,7142.48,10706.53,0,0
60,TRANSFER,4032.63,C100003467,140099.72,136067.09,C200002777,6294.94,10327.57,0,0
60,TRANSFER,857.72,C100004428,13635.61,12777.89,C200005315,10535.67,11393.39,0,0
60,TRANSFER,2422.13,C100004470,5813.58,3391.45,C200002606,15807.39,18229.52,0,0
60,TRANSFER,18145.58,C100004943,184722.15,166576.57,C200002932,44495.85,62641.43,0,0
60,TRANSFER,2477.12,C100005512,11560.28,9083.16,C200002972,36034.91,38512.03,0,0
60,TRANSFER,1611.92,C100006159,31723.04,30111.12,C200001850,48915.78,50527.7,0,0
61,TRANSFER,1364.01,C100001334,76076.53,74712.52,C200005898,9293.15,10657.16,0,0
61,TRANSFER,3410.03,C100001602,4896.426037668595,1486.4,C200001527,113271.08,116681.11,0,0
61,TRANSFER,1091.13,C100001690,23226.54,22135.41,C200003421,235782.94,236874.07,0,0
61,TRANSFER,4401.33,C100002218,55860.64,51459.31,C200002743,5439.59,9840.92,0,0
61,TRANSFER,1275.95,C100003118,16064.14,14788.19,C200003531,1365.51,2641.46,0,0
61,TRANSFER,804.31,C100003530,91331.7,90527.39,C200004813,62131.57,62935.88,0,0
61,TRANSFER,3071.33,C100003685,41557.26,38485.93,C200004512,20608.26,23679.59,0,0
61,TRANSFER,3094.15,C100004772,29353.33,26259.18,C200002706,65854.93,68949.08,0,0
61,TRANSFER,4239.08,C100005007,21474.78,17235.7,C200002896,126177.73,130416.81,0,0
61,TRANSFER,681.65,C100005426,29766.29,29084.64,C200000734,9084.07,9765.72,0,0
61,TRANSFER,3052.12,C100005509,40822.27,37770.15,C200002262,6782.18,9834.3,0,0
61,TRANSFER,4142.22,C100005900,14838.6,10696.38,C200004018,19830.87,23973.09,0,0
61,TRANSFER,3126.86,C100006048,12714.27,9587.41,C200003406,44261.16,47388.02,0,0
61,TRANSFER,15984.77,C100006887,17725.29336162016,1740.52,C200001554,15420.94,31405.71,0,0
61,TRANSFER,1467.8,C100006974,62091.94,60624.14,C200003305,666.32,2134.12,0,0
62,TRANSFER,1568.31,C100000007,45341.86,43773.55,C200003517,4092.6,5660.91,0,0
62,TRANSFER,1388.52,C100001021,23375.13,21986.61,C200003946,77622.37,79010.89,0,0
62,TRANSFER,4857.8,C100001999,35894.98,31037.18,C200001539,53117.54,57975.34,0,0
62,TRANSFER,1077.75,C100003027,201063.77,199986.02,C200003325,69938.68,71016.43,0,0
62,TRANSFER,1047.44,C100003148,101317.54,100270.1,C200006141,124461.98,125509.42,0,0
62,TRANSFER,1058.97,C100003243,31969.1,30910.13,C200001155,37950.78,39009.75,0,0
62,TRANSFER,2914.34,C100003455,74524.76,71610.42,C200000352,5545.39,8459.73,0,0
62,TRANSFER,1342.44,C100004553,35995.02,34652.58,C200002093,17223.46,18565.9,0,0
62,TRANSFER,9017.11,C100005003,24227.58,15210.47,C200006288,3477.44,12494.55,0,0
62,TRANSFER,1801.59,C100005413,45178.54,43376.95,C200000383,32839.97,34641.56,0,0
62,TRANSFER,1107.37,C100005726,187027.96,185920.59,C200005953,2008.72,3116.09,0,0
63,TRANSFER,1194.01,C100000130,3970.52,2776.51,C200003449,53728.04,54922.05,0,0
63,TRANSFER,13517.38,C100000279,458563.03,445045.65,C200000759,161295.94,174813.32,0,0
63,TRANSFER,8369.22,C100000484,22184.67,13815.45,C200006136,37564.75,45933.97,0,0
63,TRANSFER,962.08,C100000611,22257.24,21295.16,C200004687,2598.89,3560.97,0,0
63,TRANSFER,982.12,C100001580,57781.95,56799.83,C200000695,6586.83,7568.95,0,0
63,TRANSFER,13556.09,C100001873,25235.89,11679.8,C200002328,152676.29,166232.38,0,0
63,TRANSFER,1944.11,C100002579,38580.16,36636.05,C200002466,20377.57,22321.68,0,0
63,TRANSFER,1583.17,C100003192,18700.88,17117.71,C200000039,2859.01,4442.18,0,0
63,TRANSFER,752.49,C100003282,3159.517239784196,2407.03,C200004213,56254.92,57007.41,0,0
63,TRANSFER,3104.92,C100003535,8972.86,5867.94,C200004962,19975.46,23080.38,0,0
63,TRANSFER,449.71,C100004815,10255.11,9805.4,C200005380,196349.09,196798.8,0,0
63,TRANSFER,5802.76,C100005214,9595.75080409661,3792.99,C200002639,4526.3,10329.06,0,0
63,TRANSFER,4264.46,C100005610,86592.23,82327.77,C200006153,21886.6,26151.06,0,0
64,TRANSFER,975.94,C100000429,6158.72,5182.78,C200004846,23897.24,24873.18,0,0
64,TRANSFER,1000.11,C100000496,4481.765026619989,3481.66,C200000819,4837.33,5837.44,0,0
64,TRANSFER,2833.37,C100001075,72319.32,69485.95,C200005578,14691.88,17525.25,0,0
64,TRANSFER,2183.43,C100001148,12807.34,10623.91,C200000699,15408.8,17592.23,0,0
64,TRANSFER,1693.58,C100001209,71187.05,69493.47,C200005215,3284.44,4978.02,0,0
64,TRANSFER,35992.33,C100001632,109903.86,73911.53,C200003609,82329.54,118321.87,0,0
64,TRANSFER,4824.44,C100002150,9183.043015647392,4358.6,C200001810,44092.87,48917.31,0,0
64,TRANSFER,6440.56,C100002325,16682.85,10242.29,C200006142,1068.35,7508.91,0,0
64,TRANSFER,10993.88,C100002992,43965.41,32971.53,C200000859,20653.74,31647.62,0,0
64,TRANSFER,3824.22,C100004677,39668.74,35844.52,C200001851,63235.74,67059.96,0,0
64,TRANSFER,1907.86,C100005784,18795.43,16887.57,C200001608,29865.01,31772.87,0,0
64,TRANSFER,3778.86,C100006356,57161.47,53382.61,C200005921,43448.72,47227.58,0,0
65,TRANSFER,862.39,C100000552,18137.28,17274.89,C200002915,25399.17,26261.56,0,0
65,TRANSFER,5525.86,C100001033,39018.8,33492.94,C200006079,25874.02,31399.88,0,0
65,TRANSFER,6207.36,C100001507,33899.19,27691.83,C200003877,34560.54,40767.9,0,0
65,TRANSFER,3860.58,C100001721,421636.99,417776.41,C200002342,3584.85,7445.43,0,0
65,TRANSFER,1483.14,C100001976,54866.9,53383.76,C200002650,101431.41,102914.55,0,0
65,TRANSFER,3263.23,C100002106,10670.04,7406.81,C200004394,83876.82,87140.05,0,0
65,TRANSFER,1218.34,C100004190,60192.09,58973.75,C200000699,5817.26,7035.6,0,0
65,TRANSFER,860.66,C100004196,8896.3,8035.64,C200005637,2048.93,2909.59,0,0
65,TRANSFER,2410.32,C100005056,9526.12,7115.8,C200005585,176220.58,178630.9,0,0
65,TRANSFER,206.88,C100005745,109985.3,109778.42,C200003516,22383.75,22590.63,0,0
65,TRANSFER,3852.95,C100005955,6919.15,3066.2,C200003701,13671.0,17523.95,0,0
65,TRANSFER,26402.11,C100006325,29212.239468875603,2810.13,C200004724,13020.51,39422.62,0,0
65,TRANSFER,2207.49,C100006699,6607.28654763017,4399.8,C200003833,805008.59,807216.08,0,0
65,TRANSFER,2363.92,C100006857,25691.41,23327.49,C200004290,15414.19,17778.11,0,0
66,TRANSFER,3745.13,C100000624,49503.28,45758.15,C200005194,59764.06,63509.19,0,0
66,TRANSFER,1676.09,C100000754,7701.6,6025.51,C200005444,3470.11,5146.2,0,0
66,TRANSFER,306.78,C100001616,20329.45,20022.67,C200006094,16849.66,17156.44,0,0
66,TRANSFER,215.8,C100002534,89483.31,89267.51,C200006430,19140.72,19356.52,0,0
66,TRANSFER,4495.03,C100002678,32490.98,27995.95,C200001713,35236.73,39731.76,0,0
66,TRANSFER,5647.36,C100002778,9991.38,4344.02,C200001084,1358.27,7005.63,0,0
66,TRANSFER,1651.22,C100002989,2878.91,1227.69,C200003490,16326.79,17978.01,0,0
66,TRANSFER,7094.15,C100003745,7365.446476717984,271.3,C200004807,18899.85,25994.0,0,0
66,TRANSFER,3821.86,C100004637,37498.07,33676.21,C200004343,90203.17,94025.03,0,0
66,TRANSFER,2108.33,C100005307,2843.0907465357122,734.76,C200002708,47139.31,49247.64,0,0
66,TRANSFER,1156.58,C100005333,40829.54,39672.96,C200000621,23304.43,24461.01,0,0
66,TRANSFER,1474.79,C100005520,8560.79,7086.0,C200005940,22481.74,23956.53,0,0
66,TRANSFER,7083.03,C100006126,28399.67,21316.64,C200000406,7901.39,14984.42,0,0
66,TRANSFER,871.03,C100006809,11649.16,10778.13,C200004915,42802.37,43673.4,0,0
66,TRANSFER,1518.45,C100006855,24515.0,22996.55,C200001945,24946.49,26464.94,0,0
66,TRANSFER,5035.64,C100006985,15888.12,10852.48,C200002999,5432.39,10468.03,0,0
67,TRANSFER,652.72,C100000067,32908.75,32256.03,C200000458,67885.45,68538.17,0,0
67,TRANSFER,551.5,C100000568,46994.87,46443.37,C200003934,49023.12,49574.62,0,0
67,TRANSFER,5337.76,C100000891,7714.82,2377.06,C200000431,11436.26,16774.02,0,0
67,TRANSFER,6163.5,C100001101,148123.48,141959.98,C200001686,1000000.0,1006163.5,0,0
67,TRANSFER,2187.72,C100001253,14247.09,12059.37,C200003702,24940.49,27128.21,0,0
67,TRANSFER,6862.81,C100001778,49148.42,42285.61,C200002014,30042.33,36905.14,0,0
67,TRANSFER,4861.52,C100001841,23283.96,18422.44,C200002579,34440.1,39301.62,0,0
67,TRANSFER,4794.49,C100002038,10446.35,5651.86,C200005940,32595.46,37389.95,0,0
67,TRANSFER,931.43,C100002163,49712.03,48780.6,C200001064,7556.79,8488.22,0,0
67,TRANSFER,680.44,C100002238,67090.13,66409.69,C200003326,3585.56,4266.0,0,0
67,TRANSFER,1609.05,C100002477,2766.2820311550895,1157.23,C200003094,13915.82,15524.87,0,0
67,TRANSFER,1258.68,C100003858,91672.64,90413.96,C200001470,31097.45,32356.13,0,0
67,TRANSFER,5447.16,C100004802,32528.35,27081.19,C200004884,47490.15,52937.31,0,0
67,TRANSFER,2265.51,C100005224,31324.65,29059.14,C200001435,45783.59,48049.1,0,0
67,TRANSFER,3612.59,C100005265,135641.14,132028.55,C200006323,7998.44,11611.03,0,0
67,TRANSFER,2196.45,C100005839,198490.35,196293.9,C200001199,10481.47,12677.92,0,0
67,TRANSFER,1758.78,C100006090,20778.3,19019.52,C200005273,78588.69,80347.47,0,0
67,TRANSFER,765.4,C100006369,85856.17,85090.77,C200003004,16475.69,17241.09,0,0
67,TRANSFER,311.06,C100006693,33359.97,33048.91,C200002413,124860.82,125171.88,0,0
68,TRANSFER,1012.74,C100000058,16037.04,15024.3,C200001285,6259.17,7271.91,0,0
68,TRANSFER,2317.14,C100000195,6077.208581497901,3760.07,C200000641,7015.73,9332.87,0,0
68,TRANSFER,588.22,C100000247,599700.83,599112.61,C200001699,5797.31,6385.53,0,0
68,TRANSFER,6487.42,C100000857,6872.581264312871,385.16,C200002726,19590.51,26077.93,0,0
68,TRANSFER,378.59,C100001859,51897.67,51519.08,C200003618,6484.77,6863.36,0,0
68,TRANSFER,3342.8,C100002049,20985.32,17642.52,C200003166,67123.68,70466.48,0,0
68,TRANSFER,1622.11,C100003407,11462.36,9840.25,C200004262,19833.27,21455.38,0,0
68,TRANSFER,789.16,C100003993,47869.66,47080.5,C200004657,3228.28,4017.44,0,0
68,TRANSFER,2369.74,C100005132,55977.97,53608.23,C200005628,75859.89,78229.63,0,0
68,TRANSFER,2789.46,C100005137,63505.53,60716.07,C200002084,13391.59,16181.05,0,0
68,TRANSFER,1524.21,C100006258,5971.268881681605,4447.06,C200001891,9313.49,10837.7,0,0
68,TRANSFER,2846.69,C100006626,227118.61,224271.92,C200002256,58057.73,60904.42,0,0
69,TRANSFER,312.91,C100000076,43334.28,43021.37,C200001757,155484.15,155797.06,0,0
69,TRANSFER,1206.07,C100000560,15449.57,14243.5,C200000751,254011.41,255217.48,0,0
69,TRANSFER,2902.6,C100001058,22160.89,19258.29,C200005690,4036.11,6938.71,0,0
69,TRANSFER,674.24,C100001613,48911.67,48237.43,C200005936,40226.98,40901.22,0,0
69,TRANSFER,1150.99,C100002734,5423.18,4272.19,C200001627,26180.74,27331.73,0,0
69,TRANSFER,2188.88,C100002842,20224.88,18036.0,C200001714,14870.05,17058.93,0,0
69,TRANSFER,404.42,C100003361,59796.23,59391.81,C200002134,19429.02,19833.44,0,0
69,TRANSFER,620.32,C100004362,19580.76,18960.44,C200005586,83012.32,83632.64,0,0
69,TRANSFER,2146.51,C100004640,10282.73,8136.22,C200002523,54599.37,56745.88,0,0
69,TRANSFER,988.33,C100004848,18396.18,17407.85,C200004934,169844.15,170832.48,0,0
69,TRANSFER,1469.39,C100005595,28006.91,26537.52,C200003630,25473.21,26942.6,0,0
69,TRANSFER,737.47,C100006138,44302.84,43565.37,C200004162,7004.42,7741.89,0,0
70,TRANSFER,2495.64,C100000312,65364.02,62868.38,C200003529,96671.16,99166.8,0,0
70,TRANSFER,738.94,C100000411,361527.71,360788.77,C200002273,92153.9,92892.84,0,0
70,TRANSFER,1429.46,C100001010,9565.18,8135.72,C200002711,32022.73,33452.19,0,0
70,TRANSFER,1267.93,C100001118,13912.57,12644.64,C200001200,5649.31,6917.24,0,0
70,TRANSFER,8201.69,C100002127,89318.17,81116.48,C200000134,10629.26,18830.95,0,0
70,TRANSFER,9611.41,C100003332,119648.55,110037.14,C200005463,34193.83,43805.24,0,0
70,TRANSFER,675.68,C100003745,20396.35,19720.67,C200001578,25315.52,25991.2,0,0
70,TRANSFER,965.82,C100003852,7916.43,6950.61,C200002228,77947.82,78913.64,0,0
70,TRANSFER,1958.06,C100004789,7262.05,5303.99,C200004090,1674.15,3632.21,0,0
70,TRANSFER,520.26,C100005138,17964.07,17443.81,C200001826,3558.02,4078.28,0,0
70,TRANSFER,255.07,C100005964,59338.45,59083.38,C200004117,147737.54,147992.61,0,0
70,TRANSFER,9833.05,C100006148,231776.87,221943.82,C200002018,79061.38,88894.43,0,0
71,TRANSFER,974.17,C100000082,30374.73,29400.56,C200001698,6942.79,7916.96,0,0
71,TRANSFER,652.51,C100000126,43945.11,43292.6,C200002859,35873.45,36525.96,0,0
71,TRANSFER,879.15,C100001643,35294.58,34415.43,C200000309,17747.02,18626.17,0,0
71,TRANSFER,240.89,C100001831,31681.01,31440.12,C200000847,28086.83,28327.72,0,0
71,TRANSFER,1713.57,C100002481,14261.92,12548.35,C200002885,18557.16,20270.73,0,0
71,TRANSFER,1185.64,C100002570,12303.67,11118.03,C200005556,120220.67,121406.31,0,0
71,TRANSFER,3411.11,C100002631,26605.25,23194.14,C200003975,4417.61,7828.72,0,0
71,TRANSFER,587.15,C100003207,62308.67,61721.52,C200002826,8042.13,8629.28,0,0
71,TRANSFER,4078.86,C100003617,49733.39,45654.53,C200000278,40081.54,44160.4,0,0
71,TRANSFER,1596.01,C100003771,527376.97,525780.96,C200004024,130444.41,132040.42,0,0
71,TRANSFER,12704.94,C100004724,16112.26,3407.32,C200002732,41687.28,54392.22,0,0
71,TRANSFER,3711.74,C100005105,26366.2,22654.46,C200001335,66304.2,70015.94,0,0
71,TRANSFER,9088.18,C100005243,48072.54,38984.36,C200003012,292999.76,302087.94,0,0
71,TRANSFER,1364.28,C100005375,21293.72,19929.44,C200000554,504123.12,505487.4,0,0
71,TRANSFER,1068.44,C100005619,14914.44,13846.0,C200002873,31425.59,32494.03,0,0
71,TRANSFER,5520.96,C100005701,27835.16,22314.2,C200004319,7809.32,13330.28,0,0
71,TRANSFER,660.51,C100005845,96566.23,95905.72,C200002770,36293.72,36954.23,0,0
71,TRANSFER,14012.45,C100005984,18852.61099835764,4840.16,C200003497,1515.03,15527.48,0,0
71,TRANSFER,1129.13,C100006162,96560.23,95431.1,C200000993,5924.22,7053.35,0,0
71,TRANSFER,506.88,C100006232,35549.3,35042.42,C200001226,80478.19,80985.07,0,0
71,TRANSFER,2904.98,C100006521,102653.55,99748.57,C200005617,28903.9,31808.88,0,0
71,TRANSFER,6624.76,C100006586,9937.495547933064,3312.74,C200000738,111693.15,118317.91,0,0
71,TRANSFER,2755.28,C100006884,134630.41,131875.13,C200003347,7377.76,10133.04,0,0
72,TRANSFER,4725.57,C100001216,246210.84,241485.27,C200000808,12452.99,17178.56,0,0
72,TRANSFER,1798.7,C100001500,19388.57,17589.87,C200004063,3362.04,5160.74,0,0
72,TRANSFER,138.52,C100003136,3803.01,3664.49,C200000245,28302.16,28440.68,0,0
72,TRANSFER,2718.65,C100003427,37648.73,34930.08,C200006479,29370.12,32088.77,0,0
72,TRANSFER,503.14,C100003636,36112.01,35608.87,C200000039,10685.72,11188.86,0,0
72,TRANSFER,507.94,C100004956,5667.07,5159.13,C200000831,64523.68,65031.62,0,0
72,TRANSFER,3480.81,C100005003,8052.316629587163,4571.51,C200005722,28483.26,31964.07,0,0
72,TRANSFER,2723.78,C100005571,36219.82,33496.04,C200004014,24060.13,26783.91,0,0
72,TRANSFER,3518.91,C100005625,72497.13,68978.22,C200004324,253874.01,257392.92,0,0
72,TRANSFER,8436.05,C100006000,26907.48,18471.43,C200005854,28436.83,36872.88,0,0
73,TRANSFER,9897.03,C100000243,103265.66,93368.63,C200001152,102292.7,112189.73,0,0
73,TRANSFER,240.73,C100000601,241532.03,241291.3,C200002793,117832.28,118073.01,0,0
73,TRANSFER,481.59,C100000696,3358.88,2877.29,C200002522,1188.81,1670.4,0,0
73,TRANSFER,8859.99,C100000887,43226.68,34366.69,C200006003,3062.68,11922.67,0,0
73,TRANSFER,2143.92,C100001236,145101.15,142957.23,C200006412,935.35,3079.27,0,0
73,TRANSFER,6400.82,C100001277,77389.05,70988.23,C200004844,41645.83,48046.65,0,0
73,TRANSFER,3626.75,C100001362,13912.29,10285.54,C200003918,53353.45,56980.2,0,0
73,TRANSFER,167.81,C100001403,30294.17,30126.36,C200004873,2231.32,2399.13,0,0
73,TRANSFER,193.33,C100001685,27852.78,27659.45,C200004630,360348.44,360541.77,0,0
73,TRANSFER,13151.06,C100002554,23271.2,10120.14,C200004545,32977.49,46128.55,0,0
73,TRANSFER,4599.59,C100002571,9561.46,4961.87,C200003194,163347.31,167946.9,0,0
73,TRANSFER,1846.11,C100002951,7876.01,6029.9,C200004940,7873.15,9719.26,0,0
73,TRANSFER,500.68,C100002963,31627.05,31126.37,C200004239,3240.16,3740.84,0,0
73,TRANSFER,5460.84,C100003284,13720.89,8260.05,C200000024,12424.5,17885.34,0,0
73,TRANSFER,109272.1,C100004047,110387.57441606438,1115.47,C900006640,257197.78,366469.88,1,0
73,TRANSFER,3103.01,C100004098,7042.830686159477,3939.82,C200005270,14245.5,17348.51,0,0
73,TRANSFER,1289.95,C100005878,20977.1,19687.15,C200003015,51376.94,52666.89,0,0
73,TRANSFER,10084.24,C100006099,18060.96,7976.72,C200000079,58699.22,68783.46,0,0
73,TRANSFER,4061.07,C100006252,51022.51,46961.44,C200000294,68892.71,72953.78,0,0
73,TRANSFER,1350.33,C100006455,28421.01,27070.68,C200005596,17373.58,18723.91,0,0
73,TRANSFER,6194.07,C100006545,10874.486661992913,4680.42,C900004337,84619.8,90813.87,1,0
73,TRANSFER,2212.83,C100006572,34113.51,31900.68,C200000634,165279.03,167491.86,0,0
74,TRANSFER,457.8,C100000216,124957.37,124499.57,C200006057,7697.22,8155.02,0,0
74,TRANSFER,793.52,C100000738,33790.56,32997.04,C200000678,11312.43,12105.95,0,0
74,TRANSFER,2490.4,C100000970,10384.46,7894.06,C200000949,27284.41,29774.81,0,0
74,TRANSFER,1920.16,C100001277,181479.46,179559.3,C200004841,33645.25,35565.41,0,0
74,TRANSFER,473.5,C100001479,145554.9,145081.4,C200005235,84145.05,84618.55,0,0
74,TRANSFER,6368.24,C100001784,88040.37,81672.13,C200000550,4621.29,10989.53,0,0
74,TRANSFER,3112.22,C100003360,40348.94,37236.72,C200003896,73381.99,76494.21,0,0
74,TRANSFER,685.09,C100004214,12077.53,11392.44,C200004252,5785.88,6470.97,0,0
74,TRANSFER,443.11,C100004331,22512.7,22069.59,C200005391,23225.81,23668.92,0,0
74,TRANSFER,1530.46,C100004525,8033.86,6503.4,C200004335,15808.7,17339.16,0,0
74,TRANSFER,1574.82,C100004672,441255.19,439680.37,C200004461,168413.47,169988.29,0,0
74,TRANSFER,2435.56,C100004751,10918.45,8482.89,C200002161,7435.36,9870.92,0,0
74,TRANSFER,1241.18,C100005283,113201.78,111960.6,C200004314,255599.65,256840.83,0,0
74,TRANSFER,4044.36,C100005535,6973.379823635396,2929.02,C200001558,138018.09,142062.45,0,0
74,TRANSFER,2108.06,C100006751,70365.34,68257.28,C200006125,19672.44,21780.5,0,0
75,TRANSFER,4209.49,C100000187,82792.16,78582.67,C200001300,12353.76,16563.25,0,0
75,TRANSFER,5335.18,C100000496,9743.06,4407.88,C200002973,14126.35,19461.53,0,0
75,TRANSFER,361.07,C100000851,53032.7,52671.63,C200005027,89273.84,89634.91,0,0
75,TRANSFER,3344.96,C100000908,63645.34,60300.38,C200004625,49984.57,53329.53,0,0
75,TRANSFER,4940.68,C100001649,87079.45,82138.77,C200003299,76331.49,81272.17,0,0
75,TRANSFER,2224.19,C100002229,32872.36,30648.17,C200001221,10541.01,12765.2,0,0
75,TRANSFER,1436.68,C100002490,22428.19,20991.51,C200002461,28526.92,29963.6,0,0
75,TRANSFER,35729.04,C100002837,37612.871191383376,1883.83,C200006175,8996.27,44725.31,0,0
75,TRANSFER,877.23,C100003791,59271.54,58394.31,C200004750,41056.23,41933.46,0,0
75,TRANSFER,3391.09,C100003866,44977.64,41586.55,C200000887,7278.54,10669.63,0,0
75,TRANSFER,587.62,C100003902,7765.45,7177.83,C200005433,112221.86,112809.48,0,0
75,TRANSFER,919.28,C100004405,41289.76,40370.48,C200001863,10717.33,11636.61,0,0
75,TRANSFER,1664.36,C100004473,26772.4,25108.04,C200000145,5566.54,7230.9,0,0
75,TRANSFER,2335.16,C100005146,4234.467284744512,1899.31,C200000033,6002.57,8337.73,0,0
75,TRANSFER,3646.06,C100006219,4617.81,971.75,C200000348,7866.29,11512.35,0,0
75,TRANSFER,665.29,C100006269,14313.83,13648.54,C200002471,30853.13,31518.42,0,0
75,TRANSFER,1441.17,C100006383,12895.29,11454.12,C200003185,129757.34,131198.51,0,0
75,TRANSFER,11411.7,C100006855,22026.23,10614.53,C200005505,4436.12,15847.82,0,0
75,TRANSFER,2111.43,C100006966,35604.45,33493.02,C200006318,28666.14,30777.57,0,0
76,TRANSFER,162.81,C100000396,227683.29,227520.48,C200002939,6621.05,6783.86,0,0
76,TRANSFER,5577.13,C100000941,144829.05,139251.92,C200002539,16967.88,22545.01,0,0
76,TRANSFER,14328.33,C100000970,31229.12,16900.79,C200003263,38337.22,52665.55,0,0
76,TRANSFER,1655.87,C100001650,12172.84,10516.97,C200006477,126182.89,127838.76,0,0
76,TRANSFER,35705.68,C100002259,36885.59799296939,1179.92,C900006266,119377.01,155082.69,1,0
76,TRANSFER,12527.0,C100002260,23324.57,10797.57,C200006014,210289.22,222816.22,0,0
76,TRANSFER,2234.24,C100002516,5319.139333096913,3084.9,C200004857,189630.11,191864.35,0,0
76,TRANSFER,607.33,C100003127,100943.97,100336.64,C200001030,30453.09,31060.42,0,0
76,TRANSFER,3688.08,C100004210,29365.08,25677.0,C200004750,6166.37,9854.45,0,0
76,TRANSFER,1398.25,C100004565,9544.75,8146.5,C200000485,14068.02,15466.27,0,0
76,TRANSFER,470.12,C100005177,20095.3,19625.18,C200004906,7539.16,8009.28,0,0
76,TRANSFER,4444.71,C100006453,190979.01,186534.3,C200001681,5995.92,10440.63,0,0
76,TRANSFER,18045.02,C100006647,59215.47,41170.45,C200004749,23045.18,41090.2,0,0
76,TRANSFER,1146.74,C100006743,110211.37,109064.63,C200005321,2483.18,3629.92,0,0
77,TRANSFER,15862.08,C100000046,157613.8,141751.72,C200002774,19213.55,35075.63,0,0
77,TRANSFER,1894.14,C100000995,17560.85,15666.71,C200000876,153753.61,155647.75,0,0
77,TRANSFER,1248.16,C100001067,5055.938961815805,3807.78,C200004270,184565.11,185813.27,0,0
77,TRANSFER,3386.76,C100002143,8184.332769322702,4797.57,C200004950,33327.33,36714.09,0,0
77,TRANSFER,3575.04,C100002287,13426.77,9851.73,C200000795,48006.51,51581.55,0,0
77,TRANSFER,8779.96,C100002418,107096.73,98316.77,C200003826,10844.56,19624.52,0,0
77,TRANSFER,2345.44,C100002817,29974.42,27628.98,C200001568,44184.13,46529.57,0,0
77,TRANSFER,7711.54,C100003752,77320.9,69609.36,C200000228,17046.15,24757.69,0,0
77,TRANSFER,4814.56,C100003865,37381.78,32567.22,C200005900,12809.2,17623.76,0,0
77,TRANSFER,1754.74,C100003919,314556.48,312801.74,C200003538,20883.56,22638.3,0,0
77,TRANSFER,6528.75,C100004133,29470.63,22941.88,C200004680,21165.18,27693.93,0,0
77,TRANSFER,5388.74,C100004506,16668.85,11280.11,C200002528,12266.79,17655.53,0,0
77,TRANSFER,1507.51,C100004985,93639.29,92131.78,C200004048,7909.82,9417.33,0,0
77,TRANSFER,5848.61,C100005187,9801.37,3952.76,C200003948,220311.7,226160.31,0,0
78,TRANSFER,5461.9,C100000106,58158.88,52696.98,C200005659,4065.52,9527.42,0,0
78,TRANSFER,3008.8,C100000403,38695.51,35686.71,C200001720,49748.43,52757.23,0,0
78,TRANSFER,3367.48,C100000450,30021.05,26653.57,C200000106,78490.06,81857.54,0,0
78,TRANSFER,3532.74,C100000913,29566.68,26033.94,C200004782,42978.17,46510.91,0,0
78,TRANSFER,9622.37,C100001076,10690.029074661135,1067.66,C200003109,11590.4,21212.77,0,0
78,TRANSFER,7917.97,C100001206,239376.94,231458.97,C200005785,25887.0,33804.97,0,0
78,TRANSFER,10742.8,C100001305,12507.872039604854,1765.07,C200004260,43400.89,54143.69,0,0
78,TRANSFER,1464.58,C100001454,62021.19,60556.61,C200001716,10698.96,12163.54,0,0
78,TRANSFER,1206.56,C100001819,47154.81,45948.25,C200001817,49291.71,50498.27,0,0
78,TRANSFER,4783.64,C100002222,16398.25,11614.61,C200002828,10404.78,15188.42,0,0
78,TRANSFER,660.59,C100002310,118165.5,117504.91,C200006460,22969.82,23630.41,0,0
78,TRANSFER,5072.2,C100002357,17173.26,12101.06,C200001133,2992.01,8064.21,0,0
78,TRANSFER,3796.21,C100002947,29107.56,25311.35,C200005440,309680.65,313476.86,0,0
78,TRANSFER,5891.53,C100004536,12028.13,6136.6,C200004318,13371.22,19262.75,0,0
78,TRANSFER,597.57,C100005701,42239.52,41641.95,C200003942,10500.33,11097.9,0,0
78,TRANSFER,1938.72,C100005928,527440.99,525502.27,C200006057,93847.3,95786.02,0,0
78,TRANSFER,7454.17,C100006001,14970.4,7516.23,C200000656,1413.26,8867.43,0,0
79,TRANSFER,7119.91,C100000067,32815.92,25696.01,C200004868,17706.03,24825.94,0,0
79,TRANSFER,2461.46,C100000497,101885.33,99423.87,C200002818,13420.74,15882.2,0,0
79,TRANSFER,1004.83,C100001057,43678.66,42673.83,C200000358,22334.05,23338.88,0,0
79,TRANSFER,2353.95,C100001817,6933.397059665522,4579.45,C200004920,23022.02,25375.97,0,0
79,TRANSFER,1904.06,C100002410,11583.46,9679.4,C200002039,22716.62,24620.68,0,0
79,TRANSFER,368.57,C100002420,22196.25,21827.68,C200003550,252457.6,252826.17,0,0
79,TRANSFER,3004.7,C100002477,5063.429973068791,2058.73,C200001517,30523.0,33527.7,0,0
79,TRANSFER,8044.2,C100002493,132052.27,124008.07,C200002630,6558.72,14602.92,0,0
79,TRANSFER,4419.31,C100003245,226458.98,222039.67,C200005305,5081.03,9500.34,0,0
79,TRANSFER,3871.85,C100003976,5523.19,1651.34,C200000760,33524.97,37396.82,0,0
79,TRANSFER,7101.83,C100004170,160737.36,153635.53,C200001387,12589.69,19691.52,0,0
79,TRANSFER,6089.96,C100004312,32101.09,26011.13,C200000970,13831.91,19921.87,0,0
79,TRANSFER,542.51,C100004988,20915.62,20373.11,C200005922,24743.62,25286.13,0,0
79,TRANSFER,1413.59,C100005690,18033.36,16619.77,C200006407,4167.49,5581.08,0,0
79,TRANSFER,3607.52,C100005754,162441.38,158833.86,C200004883,46054.75,49662.27,0,0
79,TRANSFER,3357.74,C100006028,65526.14,62168.4,C200002043,14332.23,17689.97,0,0
79,TRANSFER,1335.89,C100006600,216135.59,214799.7,C200005416,27384.0,28719.89,0,0
79,TRANSFER,6370.09,C100006703,22543.94,16173.85,C200001800,5932.74,12302.83,0,0
80,TRANSFER,2375.85,C100000059,7057.86,4682.01,C200000955,20766.11,23141.96,0,0
80,TRANSFER,461.6,C100000598,16425.0,15963.4,C200005771,21620.83,22082.43,0,0
80,TRANSFER,1730.02,C100000826,51822.32,50092.3,C200006335,70337.54,72067.56,0,0
80,TRANSFER,2795.58,C100000960,4862.5,2066.92,C200002427,7426.94,10222.52,0,0
80,TRANSFER,1992.3,C100001153,6141.17,4148.87,C200006099,2425.9,4418.2,0,0
80,TRANSFER,831.23,C100002640,3277.26,2446.03,C200001397,13909.01,14740.24,0,0
80,TRANSFER,6935.12,C100003529,29510.7,22575.58,C900005498,255669.99,262605.11,1,0
80,TRANSFER,2611.02,C100003715,30172.83,27561.81,C200001554,16072.02,18683.04,0,0
80,TRANSFER,8945.16,C100004365,102907.47,93962.31,C200003590,102844.23,111789.39,0,0
80,TRANSFER,4980.14,C100004766,12009.33,7029.19,C200001125,16636.88,21617.02,0,0
80,TRANSFER,1021.92,C100004982,32499.75,31477.83,C200004348,20076.19,21098.11,0,0
80,TRANSFER,2101.93,C100005320,16504.73,14402.8,C200006016,52179.92,54281.85,0,0
80,TRANSFER,12354.95,C100005997,49637.83,37282.88,C200004436,19004.69,31359.64,0,0
80,TRANSFER,8355.95,C100006233,13470.53,5114.58,C200000201,3110.21,11466.16,0,0
80,TRANSFER,851.47,C100006238,31661.71,30810.24,C200005466,10811.66,11663.13,0,0
80,TRANSFER,1007.53,C100006414,92417.64,91410.11,C200005472,120188.45,121195.98,0,0
80,TRANSFER,898.38,C100006650,39638.96,38740.58,C200003510,113071.01,113969.39,0,0
81,TRANSFER,2630.48,C100000317,15033.62,12403.14,C200004037,75782.65,78413.13,0,0
81,TRANSFER,1796.94,C100000369,43193.95,41397.01,C200001317,8666.72,10463.66,0,0
81,TRANSFER,11902.05,C100000970,113186.99,101284.94,C200001977,26797.86,38699.91,0,0
81,TRANSFER,4757.22,C100001017,62382.08,57624.86,C200003991,77786.43,82543.65,0,0
81,TRANSFER,848.71,C100001322,136792.68,135943.97,C200006320,11290.75,12139.46,0,0
81,TRANSFER,17052.47,C100001809,25115.22,8062.75,C200003157,16982.67,34035.14,0,0
81,TRANSFER,819.74,C100002236,190868.68,190048.94,C200001448,7566.48,8386.22,0,0
81,TRANSFER,2155.99,C100003834,16118.11,13962.12,C200001863,36365.7,38521.69,0,0
81,TRANSFER,11942.78,C100004492,16702.569533755708,4759.79,C200005392,16594.06,28536.84,0,0
81,TRANSFER,1680.26,C100004767,5152.639773819653,3472.38,C200001674,2413.61,4093.87,0,0
82,TRANSFER,5939.09,C100000576,172804.03,166864.94,C200005933,29612.62,35551.71,0,0
82,TRANSFER,9113.86,C100000904,11805.766502096678,2691.91,C200000047,14451.83,23565.69,0,0
82,TRANSFER,1091.89,C100001577,92020.92,90929.03,C200001176,26904.77,27996.66,0,0
82,TRANSFER,59537.97,C100001682,62280.22380056078,2742.25,C200003853,177497.51,237035.48,0,0
82,TRANSFER,10324.43,C100002782,90998.65,80674.22,C200000875,88715.21,99039.64,0,0
82,TRANSFER,848.41,C100003121,93742.62,92894.21,C200001454,30667.36,31515.77,0,0
82,TRANSFER,2732.12,C100003533,18872.42,16140.3,C200006188,25421.99,28154.11,0,0
82,TRANSFER,364.35,C100003640,12893.73,12529.38,C200005440,30829.51,31193.86,0,0
82,TRANSFER,2216.06,C100004162,51669.83,49453.77,C200004447,6491.05,8707.11,0,0
82,TRANSFER,3061.55,C100004407,209048.69,205987.14,C200003460,53008.88,56070.43,0,0
82,TRANSFER,37654.75,C100004825,38723.35513385815,1068.61,C200003640,5099.34,42754.09,0,0
82,TRANSFER,780.62,C100004869,30816.67,30036.05,C200004958,16462.12,17242.74,0,0
82,TRANSFER,7418.91,C100005322,11096.568919462128,3677.66,C200006490,996578.91,1003997.82,0,0
83,TRANSFER,10274.52,C100000273,13710.525324089067,3436.01,C200000676,40284.68,50559.2,0,0
83,TRANSFER,830.81,C100000519,87119.45,86288.64,C200002387,25986.63,26817.44,0,0
83,TRANSFER,2331.16,C100002056,13514.66,11183.5,C200004835,2637.2,4968.36,0,0
83,TRANSFER,771.29,C100002266,15280.5,14509.21,C200006471,42115.72,42887.01,0,0
83,TRANSFER,892.42,C100003001,11032.02,10139.6,C200004640,112667.71,113560.13,0,0
83,TRANSFER,696.43,C100003627,59888.65,59192.22,C200004689,5639.89,6336.32,0,0
83,TRANSFER,1981.26,C100003773,5546.5391731824375,3565.28,C200005414,54102.49,56083.75,0,0
83,TRANSFER,796.29,C100003795,361285.24,360488.95,C200001259,181648.24,182444.53,0,0
83,TRANSFER,2880.09,C100004072,89852.02,86971.93,C200004839,25435.1,28315.19,0,0
83,TRANSFER,2284.79,C100004417,7422.0,5137.21,C200003822,5732.73,8017.52,0,0
83,TRANSFER,10690.81,C100004631,12608.96,1918.15,C200000103,37032.15,47722.96,0,0
83,TRANSFER,1903.56,C100005344,8297.99,6394.43,C200001710,130053.23,131956.79,0,0
83,TRANSFER,523.74,C100005592,17442.32,16918.58,C200004688,72000.0,72523.74,0,0
83,TRANSFER,785.12,C100005776,24323.78,23538.66,C200001726,207159.88,207945.0,0,0
83,TRANSFER,32549.87,C100005857,43454.69,10904.82,C200005538,16678.77,49228.64,0,0
83,TRANSFER,8091.41,C100006601,24614.32,16522.91,C200005108,67368.04,75459.45,0,0
83,TRANSFER,511.85,C100006661,33160.59,32648.74,C200003813,326185.33,326697.18,0,0
83,TRANSFER,727.11,C100006795,11291.22,10564.11,C200005575,12717.43,13444.54,0,0
84,TRANSFER,13303.06,C100001858,82771.94,69468.88,C200004711,53694.25,66997.31,0,0
84,TRANSFER,178.66,C100002398,15292.84,15114.18,C200005252,149219.64,149398.3,0,0
84,TRANSFER,243.69,C100003402,120599.02,120355.33,C200000195,24818.05,25061.74,0,0
84,TRANSFER,845.3,C100003955,55859.01,55013.71,C200001889,109773.83,110619.13,0,0
84,TRANSFER,959.46,C100004396,46487.1,45527.64,C200004653,3420.87,4380.33,0,0
84,TRANSFER,175.83,C100004704,47429.25,47253.42,C200000414,7496.29,7672.12,0,0
84,TRANSFER,860.4,C100005080,34960.84,34100.44,C200005953,78854.09,79714.49,0,0
84,TRANSFER,22515.62,C100005358,23897.948824928033,1382.33,C200000505,59452.4,81968.02,0,0
84,TRANSFER,2892.76,C100005805,23787.38,20894.62,C200005607,50346.2,53238.96,0,0
84,TRANSFER,2024.07,C100006046,30462.29,28438.22,C200004928,5451.3,7475.37,0,0
85,TRANSFER,2929.24,C100000016,88444.76,85515.52,C200004127,182654.56,185583.8,0,0
85,TRANSFER,2033.37,C100000467,70795.32,68761.95,C200005546,7175.54,9208.91,0,0
85,TRANSFER,649.62,C100000511,16222.8,15573.18,C200004896,53990.65,54640.27,0,0
85,TRANSFER,1650.13,C100000684,27217.4,25567.27,C200001669,4710.31,6360.44,0,0
85,TRANSFER,2367.32,C100000914,4852.616070150796,2485.3,C200003306,7903.59,10270.91,0,0
85,TRANSFER,9539.5,C100001522,65539.76,56000.26,C200006078,79856.73,89396.23,0,0
85,TRANSFER,9402.12,C100001560,90685.67,81283.55,C200000292,37742.39,47144.51,0,0
85,TRANSFER,2137.61,C100001586,62487.14,60349.53,C200004124,9677.41,11815.02,0,0
85,TRANSFER,4607.55,C100002146,13794.97,9187.42,C200002828,12990.48,17598.03,0,0
85,TRANSFER,183.63,C100002167,81724.77,81541.14,C200000840,12072.94,12256.57,0,0
85,TRANSFER,2377.94,C100003706,27292.22,24914.28,C200000010,60162.14,62540.08,0,0
85,TRANSFER,9928.22,C100003911,26872.44,16944.22,C200001661,56035.65,65963.87,0,0
85,TRANSFER,881.28,C100004637,16129.7,15248.42,C200002625,7020.93,7902.21,0,0
85,TRANSFER,1759.12,C100005089,37037.15,35278.03,C200000527,6908.35,8667.47,0,0
85,TRANSFER,824.89,C100005381,11519.22,10694.33,C200005002,10762.57,11587.46,0,0
85,TRANSFER,5454.14,C100006177,6033.056659928298,578.92,C200003355,15003.33,20457.47,0,0
85,TRANSFER,7307.89,C100006308,108756.85,101448.96,C200003200,10844.14,18152.03,0,0
85,TRANSFER,10314.93,C100006640,22328.02,12013.09,C200001356,1876.44,12191.37,0,0
86,TRANSFER,1642.32,C100000121,12927.08,11284.76,C200000838,17355.4,18997.72,0,0
86,TRANSFER,388.15,C100001379,25755.71,25367.56,C200002498,142436.03,142824.18,0,0
86,TRANSFER,1728.14,C100003045,28107.21,26379.07,C200001605,27360.65,29088.79,0,0
86,TRANSFER,2839.42,C100003208,11273.52,8434.1,C200005359,2079.1,4918.52,0,0
86,TRANSFER,6539.36,C100003223,455262.21,448722.85,C200005362,19914.2,26453.56,0,0
86,TRANSFER,1835.69,C100003591,26142.69,24307.0,C200005475,19597.49,21433.18,0,0
86,TRANSFER,4167.54,C100004005,70216.33,66048.79,C200001409,22289.42,26456.96,0,0
86,TRANSFER,3023.87,C100004770,103859.67,100835.8,C200000401,85314.83,88338.7,0,0
86,TRANSFER,1053.17,C100004811,3919.95,2866.78,C200006327,6050.26,7103.43,0,0
86,TRANSFER,977.67,C100004968,13471.33,12493.66,C200002159,1747.02,2724.69,0,0
86,TRANSFER,17019.79,C100005501,17610.209823990124,590.42,C200005186,11642.68,28662.47,0,0
86,TRANSFER,937.82,C100006136,57470.71,56532.89,C200004238,22925.62,23863.44,0,0
87,TRANSFER,2123.6,C100000487,67960.08,65836.48,C200004749,96364.6,98488.2,0,0
87,TRANSFER,573.16,C100000724,42417.54,41844.38,C200006310,26856.95,27430.11,0,0
87,TRANSFER,1197.91,C100001583,6042.68,4844.77,C200001020,23026.79,24224.7,0,0
87,TRANSFER,3916.46,C100002435,7938.524889846156,4022.06,C200004030,5948.47,9864.93,0,0
87,TRANSFER,6076.42,C100002588,12328.45,6252.03,C200001122,13674.14,19750.56,0,0
87,TRANSFER,2064.4,C100003092,36917.47,34853.07,C200002774,46540.46,48604.86,0,0
87,TRANSFER,1741.34,C100003169,28035.77,26294.43,C200004332,33254.92,34996.26,0,0
87,TRANSFER,66879.36,C100003742,68604.93094181336,1725.57,C200000073,7480.96,74360.32,0,0
87,TRANSFER,3492.37,C100004429,14131.99,10639.62,C200003611,30088.71,33581.08,0,0
87,TRANSFER,11915.03,C100004598,12630.444893667183,715.41,C200000597,5547.65,17462.68,0,0
88,TRANSFER,4919.0,C100000445,9479.13,4560.13,C200000360,8249.29,13168.29,0,0
88,TRANSFER,18800.29,C100000952,93827.49,75027.2,C200004591,1313.77,20114.06,0,0
88,TRANSFER,1849.08,C100001215,31791.82,29942.74,C200000720,7424.23,9273.31,0,0
88,TRANSFER,1990.21,C100001685,13616.25,11626.04,C200001104,25850.63,27840.84,0,0
88,TRANSFER,2906.24,C100003106,75064.28,72158.04,C200004376,38724.71,41630.95,0,0
88,TRANSFER,4134.14,C100003836,47681.87,43547.73,C200001429,20400.77,24534.91,0,0
88,TRANSFER,2748.34,C100004195,16801.72,14053.38,C200001027,73718.3,76466.64,0,0
88,TRANSFER,2306.32,C100004226,15323.23,13016.91,C200006012,86166.83,88473.15,0,0
88,TRANSFER,1651.42,C100004443,15386.61,13735.19,C200005344,15405.7,17057.12,0,0
88,TRANSFER,6968.11,C100004596,29510.83,22542.72,C200004139,17204.89,24173.0,0,0
88,TRANSFER,384.66,C100005408,8273.02,7888.36,C200001215,20560.47,20945.13,0,0
88,TRANSFER,1624.68,C100005500,56385.9,54761.22,C200002384,80166.23,81790.91,0,0
89,TRANSFER,996.31,C100000156,34077.95,33081.64,C200006271,2518.41,3514.72,0,0
89,TRANSFER,5009.21,C100000287,34431.85,29422.64,C200002310,28774.74,33783.95,0,0
89,TRANSFER,348.18,C100000376,5651.36,5303.18,C200005468,29416.11,29764.29,0,0
89,TRANSFER,3730.3,C100001148,211096.72,207366.42,C200000568,31464.75,35195.05,0,0
89,TRANSFER,11006.13,C100001561,50736.48,39730.35,C200003390,2256.25,13262.38,0,0
89,TRANSFER,566.38,C100001696,7888.41,7322.03,C200000548,15242.77,15809.15,0,0
89,TRANSFER,521.9,C100001921,71903.44,71381.54,C200004848,44136.51,44658.41,0,0
89,TRANSFER,1995.23,C100002006,6938.744777520282,4943.51,C200001168,1888.19,3883.42,0,0
89,TRANSFER,11119.63,C100003100,11780.788946809615,661.16,C200001365,54740.72,65860.35,0,0
89,TRANSFER,4703.56,C100003426,20367.56,15664.0,C200000644,55393.57,60097.13,0,0
89,TRANSFER,899.86,C100003572,77593.02,76693.16,C200001292,39038.51,39938.37,0,0
89,TRANSFER,5875.18,C100003642,184189.29,178314.11,C200005773,10670.6,16545.78,0,0
89,TRANSFER,6047.65,C100003700,8173.2939235602535,2125.64,C200005137,19165.44,25213.09,0,0
89,TRANSFER,1124.27,C100003880,15053.25,13928.98,C200003174,38127.1,39251.37,0,0
89,TRANSFER,3995.59,C100004050,18354.34,14358.75,C200000202,771729.47,775725.06,0,0
89,TRANSFER,2359.7,C100005276,19770.58,17410.88,C200005260,44138.15,46497.85,0,0
89,TRANSFER,232.71,C100005582,15023.81,14791.1,C200000874,18062.07,18294.78,0,0
89,TRANSFER,1749.84,C100005990,188489.88,186740.04,C200006354,198530.92,200280.76,0,0
89,TRANSFER,7217.55,C100006058,21256.97,14039.42,C200002604,114589.21,121806.76,0,0
89,TRANSFER,2482.46,C100006191,220997.13,218514.67,C200003524,5270.56,7753.02,0,0
89,TRANSFER,2184.9,C100006392,11646.94,9462.04,C200005161,222193.75,224378.65,0,0
89,TRANSFER,1378.32,C100006591,8842.92,7464.6,C200002603,11763.6,13141.92,0,0
90,TRANSFER,623.67,C100000021,14412.72,13789.05,C200003364,27827.42,28451.09,0,0
90,TRANSFER,5803.71,C100001840,96445.55,90641.84,C200004947,75054.12,80857.83,0,0
90,TRANSFER,3867.92,C100001880,8935.37,5067.45,C200002510,83029.48,86897.4,0,0
90,TRANSFER,2896.73,C100002154,6639.92,3743.19,C200002538,81171.87,84068.6,0,0
90,TRANSFER,6721.09,C100002819,12397.05,5675.96,C200005618,5352.72,12073.81,0,0
90,TRANSFER,2573.9,C100003567,25579.79,23005.89,C200004238,153702.55,156276.45,0,0
90,TRANSFER,4963.7,C100003772,24326.52,19362.82,C200001463,232600.54,237564.24,0,0
90,TRANSFER,1554.33,C100003787,65034.95,63480.62,C200002633,4470.92,6025.25,0,0
90,TRANSFER,5320.32,C100004035,9851.973090174895,4531.65,C200005822,154246.04,159566.36,0,0
90,TRANSFER,1663.78,C100004618,21487.11,19823.33,C200005218,306197.78,307861.56,0,0
90,TRANSFER,2985.16,C100005014,22282.47,19297.31,C200004130,36403.22,39388.38,0,0
90,TRANSFER,4472.56,C100005344,147874.17,143401.61,C200003681,18146.01,22618.57,0,0
90,TRANSFER,4115.44,C100005583,89601.42,85485.98,C200003240,48957.06,53072.5,0,0
90,TRANSFER,2204.06,C100006355,64976.1,62772.04,C200002200,11881.21,14085.27,0,0
90,TRANSFER,1037.39,C100006666,86266.24,85228.85,C200002014,77526.46,78563.85,0,0
90,TRANSFER,14608.03,C100006843,14923.034376123938,315.0,C200000740,195060.98,209669.01,0,0
90,TRANSFER,3264.55,C100006950,81473.09,78208.54,C200000959,36698.14,39962.69,0,0
91,TRANSFER,1431.62,C100000707,76475.39,75043.77,C200001054,166558.12,167989.74,0,0
91,TRANSFER,2720.06,C100000793,33117.47,30397.41,C200000615,3243.61,5963.67,0,0
91,TRANSFER,7092.56,C100001157,17821.1,10728.54,C200002397,4624.06,11716.62,0,0
91,TRANSFER,1782.1,C100001844,50980.98,49198.88,C200001411,3376.07,5158.17,0,0
91,TRANSFER,1033.64,C100001986,120651.82,119618.18,C200005238,9858.29,10891.93,0,0
91,TRANSFER,1537.48,C100003182,7172.15,5634.67,C200002835,1176.33,2713.81,0,0
91,TRANSFER,1827.24,C100003529,50323.32,48496.08,C200006028,33076.88,34904.12,0,0
91,TRANSFER,1731.45,C100003714,30892.8,29161.35,C200006389,11477.23,13208.68,0,0
91,TRANSFER,2348.49,C100005487,20279.54,17931.05,C200002347,15908.66,18257.15,0,0
91,TRANSFER,689.72,C100005585,28434.38,27744.66,C200001840,16692.37,17382.09,0,0
91,TRANSFER,3015.7,C100005669,4786.27,1770.57,C200001229,122985.64,126001.34,0,0
91,TRANSFER,3980.15,C100005945,20992.93,17012.78,C200004764,48233.34,52213.49,0,0
92,TRANSFER,237.91,C100000013,104782.77,104544.86,C200000853,32137.65,32375.56,0,0
92,TRANSFER,1406.67,C100000219,9682.29,8275.62,C200000296,69826.36,71233.03,0,0
92,TRANSFER,2998.9,C100000737,22304.02,19305.12,C200000020,45127.95,48126.85,0,0
92,TRANSFER,3276.94,C100001222,376461.58,373184.64,C200002768,1000000.0,1003276.94,0,0
92,TRANSFER,2183.84,C100002307,347836.71,345652.87,C200001659,126758.32,128942.16,0,0
92,TRANSFER,766.71,C100002328,22194.0,21427.29,C200001307,10870.78,11637.49,0,0
92,TRANSFER,2406.62,C100003117,6128.492699660199,3721.87,C200002254,11861.17,14267.79,0,0
92,TRANSFER,650.22,C100003397,22759.73,22109.51,C200003634,62873.02,63523.24,0,0
92,TRANSFER,5043.41,C100003668,52039.12,46995.71,C200003139,6748.6,11792.01,0,0
92,TRANSFER,5471.64,C100004267,9608.155258401117,4136.52,C200000764,19912.49,25384.13,0,0
92,TRANSFER,2578.53,C100004959,44460.01,41881.48,C200005059,6555.97,9134.5,0,0
92,TRANSFER,10944.03,C100005231,35323.68,24379.65,C200003686,15234.64,26178.67,0,0
92,TRANSFER,869.53,C100005440,31746.73,30877.2,C200002780,36110.87,36980.4,0,0
92,TRANSFER,760.76,C100005862,39270.84,38510.08,C200002776,5283.98,6044.74,0,0
92,TRANSFER,1509.47,C100006507,190457.48,188948.01,C200004248,16791.04,18300.51,0,0
93,TRANSFER,1512.96,C100000195,93720.85,92207.89,C200002622,45894.31,47407.27,0,0
93,TRANSFER,6535.33,C100000362,17679.0,11143.67,C200000688,38370.18,44905.51,0,0
93,TRANSFER,3047.72,C100000585,52830.23,49782.51,C200002298,10541.49,13589.21,0,0
93,TRANSFER,153518.12,C100000768,158237.50775013823,4719.39,C900001268,9324.2,162842.32,1,0
93,TRANSFER,2444.23,C100001155,30299.65,27855.42,C200003353,16796.68,19240.91,0,0
93,TRANSFER,8084.62,C100001263,30164.5,22079.88,C200005333,10239.45,18324.07,0,0
93,TRANSFER,1935.87,C100001295,141561.31,139625.44,C200001170,180102.19,182038.06,0,0
93,TRANSFER,2741.95,C100001596,14602.96,11861.01,C200005601,129394.46,132136.41,0,0
93,TRANSFER,3500.98,C100001816,28995.28,25494.3,C200005948,95826.15,99327.13,0,0
93,TRANSFER,882.66,C100002562,6673.85,5791.19,C200002024,293749.42,294632.08,0,0
93,TRANSFER,347.32,C100002858,6805.12,6457.8,C200003777,5494.98,5842.3,0,0
93,TRANSFER,4399.69,C100002986,22841.79,18442.1,C200001953,2657.81,7057.5,0,0
93,TRANSFER,3671.28,C100004671,6370.576141569596,2699.3,C200001806,10112.01,13783.29,0,0
93,TRANSFER,2517.29,C100005597,10392.14,7874.85,C200003946,8218.43,10735.72,0,0
93,TRANSFER,473.26,C100005968,15770.9,15297.64,C200005446,3741.33,4214.59,0,0
94,TRANSFER,3043.08,C100001514,18600.26,15557.18,C200006107,34746.74,37789.82,0,0
94,TRANSFER,3805.77,C100001916,6992.790400407099,3187.02,C200001078,141023.78,144829.55,0,0
94,TRANSFER,574.7,C100002092,41557.48,40982.78,C200002284,3055.86,3630.56,0,0
94,TRANSFER,18577.42,C100002696,34672.57,16095.15,C200002407,161451.0,180028.42,0,0
94,TRANSFER,176.24,C100003165,193806.81,193630.57,C200004575,5137.04,5313.28,0,0
94,TRANSFER,9532.48,C100003165,96331.35,86798.87,C200003967,69154.94,78687.42,1,0
94,TRANSFER,5901.39,C100005079,11526.14,5624.75,C200003681,16467.06,22368.45,0,0
94,TRANSFER,8237.11,C100006182,41108.48,32871.37,C200002056,8564.63,16801.74,0,0
94,TRANSFER,7873.51,C100006667,101027.71,93154.2,C200002777,7084.06,14957.57,0,0
94,TRANSFER,1067.11,C100006736,30862.12,29795.01,C200000244,30397.76,31464.87,0,0
95,TRANSFER,425.92,C100000108,4135.05,3709.13,C200003592,65686.2,66112.12,0,0
95,TRANSFER,1267.03,C100000232,90080.36,88813.33,C200006242,9095.97,10363.0,0,0
95,TRANSFER,51234.04,C100000437,52974.912778558304,1740.87,C900007956,15002.44,66236.48,1,0
95,TRANSFER,2081.82,C100000709,6142.51,4060.69,C200005687,3787.84,5869.66,0,0
95,TRANSFER,4966.59,C100000958,8072.322663779262,3105.73,C200004517,31480.42,36447.01,0,0
95,TRANSFER,1804.55,C100001220,77875.02,76070.47,C200000053,1507.64,3312.19,0,0
95,TRANSFER,17001.19,C100001428,19799.8306753394,2798.64,C200002532,40791.92,57793.11,0,0
95,TRANSFER,7062.75,C100001984,11877.060110854938,4814.31,C200003257,1171.36,8234.11,0,0
95,TRANSFER,3739.99,C100004457,322809.68,319069.69,C200001444,42973.24,46713.23,0,0
95,TRANSFER,2487.2,C100004479,514160.56,511673.36,C200003126,62757.07,65244.27,0,0
95,TRANSFER,1903.55,C100004925,7821.74,5918.19,C200005245,43813.3,45716.85,0,0
95,TRANSFER,76034.28,C100005187,101241.01,25206.73,C900000931,25162.13,101196.41,1,0
95,TRANSFER,4183.08,C100005611,540060.08,535877.0,C200006396,29511.05,33694.13,0,0
95,TRANSFER,10944.23,C100005907,47887.14,36942.91,C200001959,53114.32,64058.55,0,0
95,TRANSFER,553.45,C100006088,49338.14,48784.69,C200003624,5081.16,5634.61,0,0
95,TRANSFER,1035.02,C100006791,122442.33,121407.31,C200006235,63367.09,64402.11,0,0
96,TRANSFER,112.97,C100000564,178417.47,178304.5,C200001156,16130.74,16243.71,0,0
96,TRANSFER,3475.67,C100000824,36529.29,33053.62,C200004556,17851.56,21327.23,0,0
96,TRANSFER,2864.89,C100001063,4690.8,1825.91,C200003647,50031.3,52896.19,0,0
96,TRANSFER,938.46,C100001502,44854.21,43915.75,C200002108,23317.54,24256.0,0,0
96,TRANSFER,1122.02,C100001756,22967.13,21845.11,C200006119,3112.64,4234.66,0,0
96,TRANSFER,740.03,C100001975,34441.55,33701.52,C200005797,97295.69,98035.72,0,0
96,TRANSFER,4082.26,C100002581,11735.74,7653.48,C200003917,30019.43,34101.69,0,0
96,TRANSFER,7801.94,C100002916,12380.615805234413,4578.68,C200003493,12411.22,20213.16,0,0
96,TRANSFER,2190.59,C100003181,76470.89,74280.3,C200000504,18135.99,20326.58,0,0
96,TRANSFER,2210.55,C100003656,33599.5,31388.95,C200005417,12559.8,14770.35,0,0
96,TRANSFER,1632.24,C100004693,48621.25,46989.01,C200000384,86535.16,88167.4,0,0
96,TRANSFER,1784.06,C100005429,47205.6,45421.54,C200004055,172016.34,173800.4,0,0
96,TRANSFER,665.39,C100006582,61184.48,60519.09,C200005889,6411.86,7077.25,0,0
96,TRANSFER,4642.2,C100006887,6405.282225956325,1763.08,C200003685,26836.82,31479.02,0,0
96,TRANSFER,1011.11,C100006927,18535.61,17524.5,C200001861,106245.42,107256.53,0,0
96,TRANSFER,7738.15,C100006981,51851.3,44113.15,C200005411,22707.74,30445.89,0,0
97,TRANSFER,1426.83,C100000912,3604.1,2177.27,C200001169,5561.23,6988.06,0,0
97,TRANSFER,3308.02,C100002569,92876.39,89568.37,C200003652,83974.41,87282.43,0,0
97,TRANSFER,1431.12,C100003844,41616.37,40185.25,C200001270,37324.21,38755.33,0,0
97,TRANSFER,782.52,C100005347,9135.34,8352.82,C200005974,6480.32,7262.84,0,0
97,TRANSFER,2390.62,C100005891,4882.96,2492.34,C200004099,12318.62,14709.24,0,0
97,TRANSFER,4513.09,C100006170,11700.38,7187.29,C200001052,30208.96,34722.05,0,0
97,TRANSFER,7381.94,C100006384,328438.44,321056.5,C200003724,49903.73,57285.67,0,0
97,TRANSFER,2728.82,C100006896,34954.83,32226.01,C200003975,18820.88,21549.7,0,0
97,TRANSFER,690.22,C100006948,7118.64,6428.42,C200004721,23097.86,23788.08,0,0
98,TRANSFER,1169.89,C100000221,42709.99,41540.1,C200003443,8970.82,10140.71,0,0
98,TRANSFER,4976.61,C100001051,17012.31,12035.7,C200006060,4559.11,9535.72,0,0
98,TRANSFER,2617.67,C100001192,58689.26,56071.59,C200005423,120850.93,123468.6,0,0
98,TRANSFER,10702.61,C100001615,15269.175223026392,4566.57,C200003283,7289.78,17992.39,0,0
98,TRANSFER,3280.09,C100001863,107255.56,103975.47,C200001002,3832.25,7112.34,0,0
98,TRANSFER,2743.13,C100002089,39138.75,36395.62,C200000331,145617.86,148360.99,0,0
98,TRANSFER,2844.4,C100002101,113351.6,110507.2,C200006179,58342.74,61187.14,0,0
98,TRANSFER,6478.25,C100002281,25014.89,18536.64,C200003007,23445.33,29923.58,0,0
98,TRANSFER,398.64,C100002532,51324.65,50926.01,C200003283,28766.6,29165.24,0,0
98,TRANSFER,1443.82,C100002717,5269.42,3825.6,C200002739,3244.04,4687.86,0,0
98,TRANSFER,10952.84,C100003764,30615.15,19662.31,C200006190,136431.12,147383.96,0,0
98,TRANSFER,909.17,C100004128,44448.7,43539.53,C200006286,23972.77,24881.94,0,0
98,TRANSFER,1034.86,C100004631,127743.69,126708.83,C200001303,37528.2,38563.06,0,0
98,TRANSFER,1117.82,C100005230,265958.81,264840.99,C200002557,5293.54,6411.36,0,0
98,TRANSFER,21811.61,C100005515,342999.27,321187.66,C200000482,33272.8,55084.41,0,0
98,TRANSFER,10052.9,C100005909,13250.25967380304,3197.36,C200006164,15457.28,25510.18,0,0
99,TRANSFER,10066.6,C100000087,13038.150803329207,2971.55,C200003713,162352.08,172418.68,0,0
99,TRANSFER,4916.23,C100000711,29821.35,24905.12,C200005229,154120.55,159036.78,0,0
99,TRANSFER,7493.05,C100001022,26059.0,18565.95,C200004942,63863.07,71356.12,0,0
99,TRANSFER,1953.36,C100001243,57444.85,55491.49,C200002073,11411.64,13365.0,0,0
99,TRANSFER,1876.77,C100001736,67061.5,65184.73,C200006348,57647.96,59524.73,0,0
99,TRANSFER,5362.99,C100001854,52311.26,46948.27,C200006379,67351.49,72714.48,0,0
99,TRANSFER,5117.63,C100002412,34059.14,28941.51,C200001005,93146.15,98263.78,0,0
99,TRANSFER,736.28,C100002788,35591.19,34854.91,C200004846,5800.07,6536.35,0,0
99,TRANSFER,1818.87,C100002853,183565.88,181747.01,C200001698,51889.57,53708.44,0,0
99,TRANSFER,1925.77,C100003852,3002.0590730433833,1076.29,C200001779,66111.76,68037.53,0,0
99,TRANSFER,6015.94,C100005526,8549.657679272475,2533.72,C200002873,19560.45,25576.39,0,0
99,TRANSFER,1802.8,C100006197,106848.3,105045.5,C200002670,4194.48,5997.28,0,0
99,TRANSFER,954.57,C100006577,40562.51,39607.94,C200003584,44000.66,44955.23,0,0
100,TRANSFER,4260.69,C100000689,17693.04,13432.35,C200001448,11126.42,15387.11,0,0
100,TRANSFER,1242.92,C100000896,46498.05,45255.13,C200005915,136890.04,138132.96,0,0
100,TRANSFER,3568.29,C100001906,53277.03,49708.74,C200005217,21268.31,24836.6,0,0
100,TRANSFER,7380.95,C100002447,203287.45,195906.5,C200000210,23077.74,30458.69,0,0
100,TRANSFER,286.7,C100002550,61083.18,60796.48,C200001007,35854.72,36141.42,0,0
100,TRANSFER,2674.34,C100002762,65502.86,62828.52,C200006183,65315.29,67989.63,0,0
100,TRANSFER,671.55,C100002866,14389.76,13718.21,C200005391,12061.93,12733.48,0,0
100,TRANSFER,660.8,C100003135,11778.31,11117.51,C200005259,13400.34,14061.14,0,0
100,TRANSFER,921.1,C100004795,7817.0,6895.9,C200005978,75561.52,76482.62,0,0
100,TRANSFER,637.1,C100005388,308565.04,307927.94,C200003187,3926.47,4563.57,0,0
100,TRANSFER,972.49,C100005870,5468.07,4495.58,C200004832,10821.04,11793.53,0,0
100,TRANSFER,8620.09,C100005991,12801.055007980098,4180.97,C200006225,35212.43,43832.52,0,0
100,TRANSFER,714.62,C100006013,16542.59,15827.97,C200003330,28974.78,29689.4,0,0
100,TRANSFER,2774.98,C100006468,48241.04,45466.06,C200006043,34992.12,37767.1,0,0
101,TRANSFER,942.02,C100000149,101827.83,100885.81,C200001837,79164.5,80106.52,0,0
101,TRANSFER,20150.13,C100000695,256789.15,236639.02,C200002866,14754.38,34904.51,0,0
101,TRANSFER,3732.94,C100001059,41684.52,37951.58,C200002351,32707.3,36440.24,0,0
101,TRANSFER,535.81,C100001653,70081.66,69545.85,C200003896,20475.97,21011.78,0,0
101,TRANSFER,627.8,C100001742,48080.55,47452.75,C200002268,5571.13,6198.93,0,0
101,TRANSFER,14224.56,C100002030,16589.59887055235,2365.04,C200005443,31130.95,45355.51,0,0
101,TRANSFER,8112.31,C100003358,261294.98,253182.67,C200006456,336.1,8448.41,0,0
101,TRANSFER,532.04,C100004102,95756.95,95224.91,C200000561,47561.66,48093.7,0,0
101,TRANSFER,1529.48,C100004666,51235.6,49706.12,C200005227,94880.25,96409.73,0,0
101,TRANSFER,5492.64,C100004980,147566.83,142074.19,C200001928,24542.32,30034.96,0,0
101,TRANSFER,2620.8,C100005008,19840.78,17219.98,C200002044,30499.6,33120.4,0,0
101,TRANSFER,258.54,C100005218,96282.8,96024.26,C200006141,106615.39,106873.93,0,0
101,TRANSFER,11558.01,C100005308,72235.2,60677.19,C200004711,18550.08,30108.09,0,0
101,TRANSFER,3094.09,C100005487,10244.71,7150.62,C200005758,4502.18,7596.27,0,0
102,TRANSFER,6440.7,C100000702,27374.14,20933.44,C200003748,1922.6,8363.3,0,0
102,TRANSFER,18841.32,C100000883,88720.96,69879.64,C200005229,37466.99,56308.31,0,0
102,TRANSFER,1332.1,C100001050,147623.38,146291.28,C200004676,3300.63,4632.73,0,0
102,TRANSFER,7782.97,C100002666,30837.57,23054.6,C200004457,259807.12,267590.09,0,0
102,TRANSFER,1371.65,C100002689,51458.22,50086.57,C200001617,8592.19,9963.84,0,0
102,TRANSFER,11162.48,C100002741,20218.16,9055.68,C200001467,40800.97,51963.45,0,0
102,TRANSFER,7301.25,C100003821,32631.45,25330.2,C200003731,176819.83,184121.08,0,0
102,TRANSFER,1342.17,C100004313,287803.85,286461.68,C200001809,13776.45,15118.62,0,0
102,TRANSFER,6124.17,C100004786,36891.04,30766.87,C200001331,22968.17,29092.34,0,0
102,TRANSFER,3487.14,C100005720,22568.55,19081.41,C200001152,6445.8,9932.94,0,0
102,TRANSFER,2276.96,C100006481,11519.36,9242.4,C200000189,11702.56,13979.52,0,0
102,TRANSFER,3457.17,C100006568,28384.36,24927.19,C200005859,7138.09,10595.26,0,0
103,TRANSFER,2985.74,C100000934,5023.213863454822,2037.47,C200005552,13840.83,16826.57,0,0
103,TRANSFER,4835.51,C100001157,103453.65,98618.14,C200005581,46163.3,50998.81,0,0
103,TRANSFER,2420.37,C100001390,49928.41,47508.04,C200002522,4050.2,6470.57,0,0
103,TRANSFER,1581.7,C100001535,12767.43,11185.73,C200002722,678481.87,680063.57,0,0
103,TRANSFER,7573.56,C100002511,11385.94,3812.38,C200004896,45302.29,52875.85,0,0
103,TRANSFER,2283.9,C100002634,17505.35,15221.45,C200001523,27863.44,30147.34,0,0
103,TRANSFER,523.04,C100002829,12730.39,12207.35,C200006459,1000000.0,1000523.04,0,0
103,TRANSFER,4730.82,C100002870,15511.37,10780.55,C200001093,6204.33,10935.15,0,0
103,TRANSFER,14247.5,C100003116,260102.36,245854.86,C200005864,3051.0,17298.5,0,0
103,TRANSFER,2542.97,C100003900,5575.62,3032.65,C200006496,3243.32,5786.29,0,0
103,TRANSFER,1299.72,C100004601,7076.68,5776.96,C200006205,6101.87,7401.59,0,0
103,TRANSFER,2243.08,C100004620,14057.49,11814.41,C200001961,29751.69,31994.77,0,0
103,TRANSFER,3617.81,C100004766,108944.83,105327.02,C200003623,10647.71,14265.52,0,0
103,TRANSFER,7676.56,C100005290,64022.44,56345.88,C200004014,15176.29,22852.85,0,0
103,TRANSFER,5560.72,C100006306,25819.02,20258.3,C200005672,80366.34,85927.06,0,0
103,TRANSFER,926.67,C100006419,21145.77,20219.1,C200006423,6647.53,7574.2,0,0
104,TRANSFER,3136.86,C100000661,20117.05,16980.19,C200002045,96865.08,100001.94,0,0
104,TRANSFER,144.98,C100001383,13235.26,13090.28,C200004758,50090.88,50235.86,0,0
104,TRANSFER,3168.95,C100001541,198500.39,195331.44,C200000379,4538.5,7707.45,0,0
104,TRANSFER,13101.88,C100001624,312548.14,299446.26,C200001480,56838.71,69940.59,0,0
104,TRANSFER,7242.09,C100003705,37465.6,30223.51,C200002134,104482.52,111724.61,0,0
104,TRANSFER,727.37,C100003864,22298.3,21570.93,C200002766,21163.58,21890.95,0,0
104,TRANSFER,1690.45,C100004132,35805.12,34114.67,C200001457,157498.79,159189.24,0,0
104,TRANSFER,535.26,C100004326,77646.43,77111.17,C200001520,88800.39,89335.65,0,0
104,TRANSFER,504.8,C100004703,55087.78,54582.98,C200002564,42626.87,43131.67,0,0
104,TRANSFER,1071.03,C100004703,18119.49,17048.46,C200005397,23712.28,24783.31,0,0
104,TRANSFER,6645.65,C100004987,169879.07,163233.42,C200003192,24960.45,31606.1,0,0
104,TRANSFER,10568.37,C100005068,29834.7,19266.33,C200001622,2790.71,13359.08,0,0
104,TRANSFER,14717.5,C100005377,338848.44,324130.94,C200001847,299602.2,314319.7,0,0
104,TRANSFER,2753.2,C100005585,52000.1,49246.9,C200002356,5363.59,8116.79,0,0
104,TRANSFER,1135.49,C100006164,57116.85,55981.36,C200004188,21974.78,23110.27,0,0
104,TRANSFER,1144.16,C100006232,25165.02,24020.86,C200002102,1835.18,2979.34,0,0
104,TRANSFER,1367.94,C100006652,68682.3,67314.36,C200002890,31530.15,32898.09,0,0
105,TRANSFER,1166.08,C100000025,32095.27,30929.19,C200003236,13180.79,14346.87,0,0
105,TRANSFER,1805.8,C100000717,51803.51,49997.71,C200002193,3255.67,5061.47,0,0
105,TRANSFER,1713.79,C100000900,40552.49,38838.7,C200005216,207611.12,209324.91,0,0
105,TRANSFER,1125.58,C100001111,3853.09,2727.51,C200006162,95733.85,96859.43,0,0
105,TRANSFER,4996.71,C100001523,81900.13,76903.42,C200000914,23681.38,28678.09,0,0
105,TRANSFER,22804.12,C100001524,34980.95,12176.83,C200000611,16990.87,39794.99,0,0
105,TRANSFER,3701.47,C100001861,11429.4,7727.93,C200005009,101996.21,105697.68,0,0
105,TRANSFER,1479.17,C100002035,19844.74,18365.57,C200001519,144885.55,146364.72,0,0
105,TRANSFER,921.28,C100002376,52461.98,51540.7,C200005797,298281.56,299202.84,0,0
105,TRANSFER,2280.62,C100002861,110385.33,108104.71,C200000599,1426.32,3706.94,0,0
105,TRANSFER,419.34,C100002878,27623.71,27204.37,C200001717,17442.52,17861.86,0,0
105,TRANSFER,2045.51,C100004076,15936.66,13891.15,C200000183,20260.96,22306.47,0,0
105,TRANSFER,8747.37,C100004296,12271.967832392203,3524.6,C200004603,145743.67,154491.04,0,0
105,TRANSFER,702.37,C100004322,4139.99,3437.62,C200001779,39305.13,40007.5,0,0
105,TRANSFER,2967.41,C100004938,11664.94,8697.53,C200002052,2325.5,5292.91,0,0
105,TRANSFER,6303.51,C100005519,9389.27,3085.76,C200000135,3337.48,9640.99,0,0
106,TRANSFER,3274.75,C100000115,21653.81,18379.06,C200003967,43362.81,46637.56,0,0
106,TRANSFER,3008.26,C100002185,140626.86,137618.6,C200000102,69445.46,72453.72,0,0
106,TRANSFER,2760.62,C100002252,81950.46,79189.84,C200001883,5763.87,8524.49,0,0
106,TRANSFER,659.17,C100003208,67527.81,66868.64,C200000149,38979.26,39638.43,0,0
106,TRANSFER,11029.82,C100003219,15825.183826572145,4795.36,C200003882,21875.63,32905.45,0,0
106,TRANSFER,806.64,C100003533,71168.09,70361.45,C200003836,10782.38,11589.02,0,0
106,TRANSFER,4140.2,C100003779,5477.900017450412,1337.7,C200003186,1710.61,5850.81,0,0
106,TRANSFER,914.22,C100005230,47226.73,46312.51,C200003661,22926.63,23840.85,0,0
106,TRANSFER,1076.52,C100005896,5893.785936964534,4817.27,C200005119,10720.44,11796.96,0,0
106,TRANSFER,6061.82,C100006895,65219.85,59158.03,C200003370,27750.97,33812.79,0,0
107,TRANSFER,1141.25,C100002456,2165.6574707779887,1024.41,C200002993,124489.42,125630.67,0,0
107,TRANSFER,3524.63,C100002503,21305.16,17780.53,C200002542,262241.32,265765.95,0,0
107,TRANSFER,1969.08,C100002563,8474.97,6505.89,C200000825,24913.8,26882.88,0,0
107,TRANSFER,3083.96,C100002708,41849.83,38765.87,C200001149,112881.55,115965.51,0,0
107,TRANSFER,5652.97,C100003019,53263.57,47610.6,C200001157,197640.02,203292.99,0,0
107,TRANSFER,3166.33,C100003019,13502.77,10336.44,C200003000,41225.89,44392.22,0,0
107,TRANSFER,2064.24,C100003571,80016.2,77951.96,C200001963,4979.12,7043.36,0,0
107,TRANSFER,1184.85,C100003938,26268.53,25083.68,C200005629,71788.6,72973.45,0,0
107,TRANSFER,1817.42,C100005180,85631.0,83813.58,C200003028,8574.24,10391.66,0,0
107,TRANSFER,2162.54,C100006323,16882.63,14720.09,C200001449,20670.6,22833.14,0,0
107,TRANSFER,15306.87,C100006354,114726.78,99419.91,C200003335,16554.75,31861.62,0,0
107,TRANSFER,728.32,C100006824,21084.36,20356.04,C200002455,2969.79,3698.11,0,0
108,TRANSFER,135.04,C100000189,57057.96,56922.92,C200003434,673403.95,673538.99,0,0
108,TRANSFER,5279.83,C100000471,28047.07,22767.24,C200000262,6858.38,12138.21,0,0
108,TRANSFER,950.38,C100001016,2765.98,1815.6,C200001764,12610.11,13560.49,0,0
108,TRANSFER,491.74,C100001334,187229.26,186737.52,C200002165,29926.78,30418.52,0,0
108,TRANSFER,7133.54,C100002167,9619.067817825984,2485.53,C200005144,7620.35,14753.89,0,0
108,TRANSFER,3180.28,C100002706,12892.92,9712.64,C200001653,50269.89,53450.17,0,0
108,TRANSFER,9353.02,C100002964,11774.976111093338,2421.96,C200001509,26645.37,35998.39,0,0
108,TRANSFER,11501.08,C100003095,40009.14,28508.06,C200000706,10171.62,21672.7,0,0
108,TRANSFER,513.93,C100003191,49283.04,48769.11,C200001062,65440.81,65954.74,0,0
108,TRANSFER,495.75,C100003704,11585.6,11089.85,C200002678,545343.34,545839.09,0,0
108,TRANSFER,1825.21,C100003827,74298.21,72473.0,C200003032,213730.52,215555.73,0,0
108,TRANSFER,7370.14,C100003928,55255.8,47885.66,C200005960,80913.13,88283.27,0,0
108,TRANSFER,2618.13,C100003945,3650.92,1032.79,C200004334,81865.98,84484.11,0,0
108,TRANSFER,8567.99,C100004030,14900.59,6332.6,C200005711,24801.75,33369.74,0,0
108,TRANSFER,1872.24,C100004364,27044.45,25172.21,C200005441,6540.07,8412.31,0,0
108,TRANSFER,3354.27,C100005212,19454.92,16100.65,C200000442,58748.19,62102.46,0,0
108,TRANSFER,1792.08,C100005461,73533.75,71741.67,C200005914,27740.24,29532.32,0,0
108,TRANSFER,533.51,C100005571,50908.64,50375.13,C200000365,24028.49,24562.0,0,0
108,TRANSFER,1779.85,C100005890,27573.29,25793.44,C200003112,344138.49,345918.34,0,0
108,TRANSFER,1526.93,C100005911,19838.74,18311.81,C200006088,35323.31,36850.24,0,0
108,TRANSFER,2059.84,C100006375,14908.98,12849.14,C200000796,36709.95,38769.79,0,0
108,TRANSFER,3003.56,C100006606,10294.05,7290.49,C200001837,5655.37,8658.93,0,0
108,TRANSFER,5920.15,C100006878,374211.56,368291.41,C200001188,98630.03,104550.18,0,0
109,TRANSFER,6213.54,C100001094,18251.57,12038.03,C200002213,3370.18,9583.72,0,0
109,TRANSFER,1011.53,C100002242,51495.05,50483.52,C200004973,90820.31,91831.84,0,0
109,TRANSFER,1201.81,C100002535,31711.43,30509.62,C200005494,6321.06,7522.87,0,0
109,TRANSFER,6394.71,C100003237,33176.24,26781.53,C200003264,135316.26,141710.97,0,0
109,TRANSFER,1110.75,C100003904,34232.27,33121.52,C200001503,43633.19,44743.94,0,0
109,TRANSFER,650.95,C100004752,27076.82,26425.87,C200003058,6479.46,7130.41,0,0
109,TRANSFER,2150.37,C100005613,78133.19,75982.82,C200005410,48782.4,50932.77,0,0
109,TRANSFER,4269.97,C100006145,16427.13,12157.16,C200002343,7096.34,11366.31,0,0
110,TRANSFER,2857.39,C100001836,17910.68,15053.29,C200006465,16554.29,19411.68,0,0
110,TRANSFER,2298.66,C100002366,86138.64,83839.98,C200000169,162398.72,164697.38,0,0
110,TRANSFER,2627.29,C100002424,78020.28,75392.99,C200004797,72731.52,75358.81,0,0
110,TRANSFER,210.78,C100003389,18725.62,18514.84,C200001440,5341.87,5552.65,0,0
110,TRANSFER,744.67,C100003515,53829.73,53085.06,C200003194,772741.67,773486.34,0,0
110,TRANSFER,1862.6,C100004070,6626.19,4763.59,C200003617,14705.19,16567.79,0,0
110,TRANSFER,1414.61,C100005056,39074.59,37659.98,C200003063,35622.27,37036.88,0,0
110,TRANSFER,8114.11,C100006145,28780.44,20666.33,C200000373,20160.57,28274.68,0,0
110,TRANSFER,11877.05,C100006264,29126.59,17249.54,C200004890,365350.05,377227.1,0,0
110,TRANSFER,5359.27,C100006320,103118.75,97759.48,C200002061,442644.98,448004.25,0,0
110,TRANSFER,5035.66,C100006329,21026.99,15991.33,C200005297,9021.84,14057.5,0,0
111,TRANSFER,5960.74,C100000368,12799.61,6838.87,C200000686,219091.44,225052.18,0,0
111,TRANSFER,5774.18,C100000794,25596.78,19822.6,C200004265,19833.56,25607.74,0,0
111,TRANSFER,16575.78,C100001126,219541.41,202965.63,C200003306,4359.42,20935.2,0,0
111,TRANSFER,40846.43,C100001164,42475.15249465804,1628.72,C900000435,3992.65,44839.08,1,0
111,TRANSFER,1454.19,C100002603,35216.56,33762.37,C200000672,60316.76,61770.95,0,0
111,TRANSFER,3936.78,C100002712,46044.68,42107.9,C200006487,26747.6,30684.38,0,0
111,TRANSFER,1584.46,C100003067,43483.12,41898.66,C200004634,449845.85,451430.31,0,0
111,TRANSFER,1721.85,C100003518,16034.38,14312.53,C200002685,109239.85,110961.7,0,0
111,TRANSFER,1793.19,C100003619,51529.58,49736.39,C200005745,3872.99,5666.18,0,0
111,TRANSFER,2817.32,C100004391,4808.447462334296,1991.13,C200002179,84527.46,87344.78,0,0
111,TRANSFER,666.0,C100005333,9561.81,8895.81,C200006365,30221.68,30887.68,0,0
111,TRANSFER,727.5,C100006640,3380.4052275114423,2652.91,C200003261,77781.34,78508.84,0,0
111,TRANSFER,11449.79,C100006877,18787.94,7338.15,C200002016,33471.43,44921.22,0,0
112,TRANSFER,12676.98,C100000212,137357.09,124680.11,C200002419,41914.22,54591.2,0,0
112,TRANSFER,10065.66,C100000463,150048.93,139983.27,C200004763,44334.35,54400.01,0,0
112,TRANSFER,1802.76,C100000803,59901.47,58098.71,C200002394,5998.95,7801.71,0,0
112,TRANSFER,2964.51,C100001086,8259.25,5294.74,C200005664,12736.15,15700.66,0,0
112,TRANSFER,4659.31,C100002387,64171.04,59511.73,C200001105,3003.13,7662.44,0,0
112,TRANSFER,968.89,C100003306,3481.990862023541,2513.1,C200002716,15181.2,16150.09,0,0
112,TRANSFER,933.74,C100003511,8033.44,7099.7,C200006040,12599.95,13533.69,0,0
112,TRANSFER,3432.72,C100003652,26309.88,22877.16,C200002664,68545.45,71978.17,0,0
112,TRANSFER,3923.29,C100004307,21934.97,18011.68,C200000435,15821.38,19744.67,0,0
112,TRANSFER,7746.09,C100004672,8883.8300633776,1137.74,C200004405,11645.93,19392.02,0,0
112,TRANSFER,4685.26,C100005316,6084.704319156746,1399.44,C200002987,19579.87,24265.13,0,0
112,TRANSFER,1834.76,C100005329,30551.66,28716.9,C200001056,127466.7,129301.46,0,0
112,TRANSFER,816.02,C100005525,5849.19,5033.17,C200001674,60255.25,61071.27,0,0
112,TRANSFER,3420.98,C100005630,51767.8,48346.82,C200002844,467110.21,470531.19,0,0
112,TRANSFER,658.45,C100005872,31491.25,30832.8,C200001310,27427.39,28085.84,0,0
112,TRANSFER,1664.5,C100006723,23002.69,21338.19,C200000331,18097.55,19762.05,0,0
113,TRANSFER,504.51,C100001654,40558.36,40053.85,C200002005,58210.14,58714.65,0,0
113,TRANSFER,1474.06,C100001811,4761.7,3287.64,C200002541,464716.13,466190.19,0,0
113,TRANSFER,3479.4,C100002340,35663.48,32184.08,C200000486,51002.13,54481.53,0,0
113,TRANSFER,19384.4,C100002576,27216.71,7832.31,C200001528,6920.31,26304.71,0,0
113,TRANSFER,7111.33,C100002605,15205.92,8094.59,C200005536,5862.28,12973.61,0,0
113,TRANSFER,371.87,C100002999,38067.18,37695.31,C200003824,156482.33,156854.2,0,0
113,TRANSFER,541.07,C100003592,12831.21,12290.14,C200005064,19003.47,19544.54,0,0
113,TRANSFER,14886.3,C100003683,18595.18,3708.88,C200000470,5224.49,20110.79,0,0
113,TRANSFER,3908.38,C100004598,7801.190661444357,3892.81,C200002757,6080.91,9989.29,0,0
113,TRANSFER,7517.87,C100004690,553947.88,546430.01,C200002232,2376.08,9893.95,0,0
113,TRANSFER,1569.57,C100005160,14619.88,13050.31,C200002626,12071.75,13641.32,0,0
113,TRANSFER,4386.63,C100005247,149892.2,145505.57,C200002126,18715.1,23101.73,0,0
113,TRANSFER,1088.84,C100005726,11062.41,9973.57,C200002229,30220.42,31309.26,0,0
113,TRANSFER,837.62,C100005816,39406.09,38568.47,C200004550,8242.73,9080.35,0,0
114,TRANSFER,1308.62,C100000291,14781.56,13472.94,C200003382,33093.72,34402.34,0,0
114,TRANSFER,17351.3,C100000777,19974.678325316607,2623.38,C200000305,20747.73,38099.03,0,0
114,TRANSFER,124.75,C100000841,14232.1,14107.35,C200003723,251772.98,251897.73,0,0
114,TRANSFER,1972.61,C100001101,12019.57,10046.96,C200001262,104069.64,106042.25,0,0
114,TRANSFER,2023.09,C100001836,25988.53,23965.44,C200003903,45061.4,47084.49,0,0
114,TRANSFER,29446.14,C100002203,29967.623628415735,521.48,C200000362,63211.65,92657.79,0,0
114,TRANSFER,396.96,C100002428,19878.66,19481.7,C200006243,47882.35,48279.31,0,0
114,TRANSFER,701.72,C100002865,5276.15,4574.43,C200005778,5757.28,6459.0,0,0
114,TRANSFER,1096.28,C100003237,28317.9,27221.62,C200004498,5682.92,6779.2,0,0
114,TRANSFER,9347.67,C100003543,41346.15,31998.48,C200004437,316258.41,325606.08,0,0
114,TRANSFER,1346.83,C100003551,3847.56,2500.73,C200005879,8858.6,10205.43,0,0
114,TRANSFER,1110.12,C100003626,5940.68,4830.56,C200003788,87100.62,88210.74,0,0
114,TRANSFER,526.26,C100004696,16307.67,15781.41,C200004313,69122.62,69648.88,0,0
114,TRANSFER,1650.89,C100006723,23400.06,21749.17,C200002868,60116.36,61767.25,0,0
115,TRANSFER,1321.71,C100000249,66380.51,65058.8,C200003399,59510.7,60832.41,0,0
115,TRANSFER,2950.95,C100000572,225493.77,222542.82,C200003565,7526.57,10477.52,0,0
115,TRANSFER,2718.41,C100000858,28648.87,25930.46,C200004437,204198.68,206917.09,0,0
115,TRANSFER,21578.01,C100001523,23265.428981864923,1687.42,C200003538,212388.91,233966.92,0,0
115,TRANSFER,1005.24,C100002102,58567.43,57562.19,C200004915,19441.95,20447.19,0,0
115,TRANSFER,7801.64,C100003390,26462.11,18660.47,C200004814,163914.15,171715.79,0,0
115,TRANSFER,3265.04,C100003654,83437.19,80172.15,C200004663,13466.59,16731.63,0,0
115,TRANSFER,1356.86,C100004063,35293.18,33936.32,C200002726,57687.21,59044.07,0,0
115,TRANSFER,2127.84,C100004225,37165.82,35037.98,C200002979,80680.94,82808.78,0,0
115,TRANSFER,5269.0,C100004367,29562.17,24293.17,C200003189,3423.54,8692.54,0,0
115,TRANSFER,2952.63,C100004420,22123.82,19171.19,C200004015,43386.06,46338.69,0,0
115,TRANSFER,18030.05,C100004770,81395.98,63365.93,C200001761,28967.52,46997.57,0,0
115,TRANSFER,25018.07,C100004934,25492.474763588194,474.4,C200001587,2474.36,27492.43,0,0
115,TRANSFER,142.13,C100005567,87728.24,87586.11,C200004379,42428.18,42570.31,0,0
115,TRANSFER,1065.35,C100005577,15845.09,14779.74,C200002449,22074.1,23139.45,0,0
115,TRANSFER,6419.58,C100005748,8143.089190306642,1723.51,C200002664,153451.29,159870.87,0,0
115,TRANSFER,5888.32,C100006086,10247.764850782904,4359.44,C200006431,65863.8,71752.12,0,0
115,TRANSFER,444.69,C100006168,13336.21,12891.52,C200001457,52353.37,52798.06,0,0
115,TRANSFER,635.46,C100006449,170788.34,170152.88,C200003700,11467.61,12103.07,0,0
115,TRANSFER,2286.22,C100006774,126873.58,124587.36,C200000302,5895.66,8181.88,0,0
115,TRANSFER,191.66,C100006871,20674.21,20482.55,C200001886,6271.49,6463.15,0,0
116,TRANSFER,406.19,C100000426,743560.8,743154.61,C200002267,65977.94,66384.13,0,0
116,TRANSFER,914.35,C100001161,173928.27,173013.92,C200004849,12947.5,13861.85,0,0
116,TRANSFER,597.5,C100001237,95428.56,94831.06,C200003990,6933.09,7530.59,0,0
116,TRANSFER,1072.81,C100002091,51084.04,50011.23,C200003476,131089.19,132162.0,0,0
116,TRANSFER,8194.92,C100003718,11191.379965948363,2996.46,C200002147,7660.44,15855.36,0,0
116,TRANSFER,1260.9,C100004314,8122.37,6861.47,C200000122,39249.35,40510.25,0,0
116,TRANSFER,4067.64,C100004327,105673.73,101606.09,C200001418,14827.91,18895.55,0,0
116,TRANSFER,1779.46,C100004406,3952.4,2172.94,C200004311,12428.47,14207.93,0,0
116,TRANSFER,3723.92,C100004834,670825.68,667101.76,C200001442,3032.44,6756.36,0,0
116,TRANSFER,4397.2,C100005318,23623.21,19226.01,C200002559,40536.21,44933.41,0,0
116,TRANSFER,19603.81,C100006092,159480.28,139876.47,C900009635,12278.61,31882.42,1,0
116,TRANSFER,3182.13,C100006480,10492.95,7310.82,C200003581,10502.59,13684.72,0,0
116,TRANSFER,584.12,C100006882,52388.84,51804.72,C200006365,1415.48,1999.6,0,0
117,TRANSFER,4604.54,C100000161,56281.52,51676.98,C200003825,25157.68,29762.22,0,0
117,TRANSFER,6308.24,C100001143,33329.78,27021.54,C200000977,13652.29,19960.53,0,0
117,TRANSFER,1246.97,C100001313,21108.0,19861.03,C200001568,126477.45,127724.42,0,0
117,TRANSFER,137.35,C100002338,290758.87,290621.52,C200002840,34304.5,34441.85,0,0
117,TRANSFER,518.05,C100002511,117724.82,117206.77,C200003548,36639.53,37157.58,0,0
117,TRANSFER,618.82,C100003667,3647.04,3028.22,C200006017,80598.37,81217.19,0,0
117,TRANSFER,168.77,C100003782,35227.6,35058.83,C200002909,15419.45,15588.22,0,0
117,TRANSFER,4578.7,C100004322,8738.23832314413,4159.54,C200004002,72442.63,77021.33,0,0
117,TRANSFER,676.05,C100005292,51834.88,51158.83,C200003554,52948.48,53624.53,0,0
117,TRANSFER,1462.71,C100005334,48226.59,46763.88,C200003865,14389.51,15852.22,0,0
117,TRANSFER,3444.53,C100005481,30985.25,27540.72,C200003396,56574.56,60019.09,0,0
117,TRANSFER,1719.05,C100005851,41578.83,39859.78,C200005738,51453.03,53172.08,0,0
117,TRANSFER,14242.98,C100006922,46225.89,31982.91,C200006154,23402.6,37645.58,0,0
118,TRANSFER,9683.78,C100000091,52051.51,42367.73,C200000622,37174.22,46858.0,0,0
118,TRANSFER,3507.49,C100001084,13063.63,9556.14,C200001096,35821.6,39329.09,0,0
118,TRANSFER,3290.34,C100001249,70404.0,67113.66,C200000779,22734.43,26024.77,0,0
118,TRANSFER,8015.66,C100001351,11934.240495355058,3918.58,C200005984,29599.27,37614.93,0,0
118,TRANSFER,20486.81,C100001847,34513.41,14026.6,C200006435,1888.75,22375.56,1,0
118,TRANSFER,9769.6,C100002803,88534.85,78765.25,C200002184,65925.84,75695.44,0,0
118,TRANSFER,1508.8,C100003994,1000000.0,998491.2,C200003277,25549.38,27058.18,0,0
118,TRANSFER,2911.68,C100005183,3261.869163340063,350.19,C200005614,50581.38,53493.06,0,0
118,TRANSFER,1095.55,C100006937,95151.1,94055.55,C200000879,84813.56,85909.11,0,0
119,TRANSFER,4522.78,C100000868,482250.33,477727.55,C200002739,18364.8,22887.58,0,0
119,TRANSFER,2676.1,C100003379,8203.84,5527.74,C200006125,5467.48,8143.58,0,0
119,TRANSFER,1256.39,C100004478,21474.19,20217.8,C200000692,21430.71,22687.1,0,0
119,TRANSFER,568.92,C100004938,89588.46,89019.54,C200001392,53134.02,53702.94,0,0
119,TRANSFER,69502.5,C100005139,81623.25,12120.75,C900002745,10148.97,79651.47,1,0
119,TRANSFER,1081.04,C100005579,20038.26,18957.22,C200004679,22271.09,23352.13,0,0
119,TRANSFER,3086.75,C100006513,12688.61,9601.86,C200001246,74679.05,77765.8,0,0
120,TRANSFER,1941.26,C100000086,24591.59,22650.33,C200004734,20592.55,22533.81,0,0
120,TRANSFER,738.69,C100000349,28977.32,28238.63,C200005176,3352.08,4090.77,0,0
120,TRANSFER,2262.91,C100002114,11674.9,9411.99,C200001465,16014.04,18276.95,0,0
120,TRANSFER,20199.55,C100002400,67479.27,47279.72,C200005406,6769.78,26969.33,0,0
120,TRANSFER,400.35,C100002451,92037.8,91637.45,C200004518,6808.43,7208.78,0,0
120,TRANSFER,1536.65,C100002594,7646.51,6109.86,C200001596,80108.74,81645.39,0,0
120,TRANSFER,29197.21,C100003268,32940.53674859495,3743.33,C900002876,257786.72,286983.93,1,0
120,TRANSFER,2829.52,C100003771,11033.0,8203.48,C200000952,8963.03,11792.55,0,0
120,TRANSFER,1434.04,C100003950,41879.12,40445.08,C200006216,40650.01,42084.05,0,0
120,TRANSFER,1455.73,C100004005,6086.082581466477,4630.35,C200000149,33084.53,34540.26,0,0
120,TRANSFER,12131.15,C100004439,17747.21,5616.06,C200000144,38813.54,50944.69,0,0
120,TRANSFER,297.04,C100004811,55835.93,55538.89,C200004796,18049.02,18346.06,0,0
120,TRANSFER,2216.2,C100006194,9199.08,6982.88,C200006446,65077.6,67293.8,0,0
120,TRANSFER,1126.11,C100006536,151418.66,150292.55,C200000823,10572.65,11698.76,0,0
120,TRANSFER,575.34,C100006587,5559.060980978924,4983.72,C200001691,25640.97,26216.31,0,0
121,TRANSFER,353.65,C100000048,15014.38,14660.73,C200000332,47201.6,47555.25,0,0
121,TRANSFER,994.18,C100000217,41764.08,40769.9,C200003238,60342.82,61337.0,0,0
121,TRANSFER,1685.38,C100000327,24933.98,23248.6,C200000360,11754.37,13439.75,0,0
121,TRANSFER,10901.43,C100000466,39403.73,28502.3,C200004068,6115.14,17016.57,0,0
121,TRANSFER,7174.0,C100000593,121572.1,114398.1,C200005974,52170.89,59344.89,0,0
121,TRANSFER,1623.15,C100001218,6261.638641910107,4638.49,C200000192,2459.21,4082.36,0,0
121,TRANSFER,6341.57,C100002240,22612.78,16271.21,C200000597,13315.18,19656.75,0,0
121,TRANSFER,724.19,C100003076,5730.04,5005.85,C200004293,4567.3,5291.49,0,0
121,TRANSFER,1837.9,C100003379,264370.31,262532.41,C200000540,21283.87,23121.77,0,0
121,TRANSFER,364.18,C100003459,50427.3,50063.12,C200001059,9240.14,9604.32,0,0
121,TRANSFER,379.24,C100003779,5187.98,4808.74,C200003404,22664.1,23043.34,0,0
121,TRANSFER,999.0,C100004616,142173.61,141174.61,C200004727,14947.33,15946.33,0,0
121,TRANSFER,21974.21,C100004736,39945.45,17971.24,C200006130,9841.62,31815.83,0,0
121,TRANSFER,600.41,C100005487,22787.62,22187.21,C200003201,64558.42,65158.83,0,0
122,TRANSFER,2128.0,C100001478,5104.740343787798,2976.74,C200005510,12248.64,14376.64,0,0
122,TRANSFER,12903.84,C100002169,120492.65,107588.81,C200004730,13000.8,25904.64,0,0
122,TRANSFER,1284.12,C100002235,17312.41,16028.29,C200004021,44405.54,45689.66,0,0
122,TRANSFER,1486.19,C100002611,30050.18,28563.99,C200000393,15736.44,17222.63,0,0
122,TRANSFER,886.81,C100003277,107492.27,106605.46,C200006014,57300.0,58186.81,0,0
122,TRANSFER,2858.84,C100004361,9152.21,6293.37,C200000712,4089.12,6947.96,0,0
122,TRANSFER,679.72,C100005088,9474.71,8794.99,C200004645,11358.47,12038.19,0,0
122,TRANSFER,5315.35,C100005136,315521.82,310206.47,C200000473,6120.3,11435.65,1,0
122,TRANSFER,633.2,C100005183,11849.75,11216.55,C200002721,2897.81,3531.01,0,0
122,TRANSFER,4690.2,C100005260,7229.731117370417,2539.53,C200001384,81368.74,86058.94,0,0
122,TRANSFER,3471.44,C100005473,59365.23,55893.79,C900003113,8882.85,12354.29,1,0
122,TRANSFER,2510.99,C100005772,10358.57,7847.58,C200000305,9580.61,12091.6,0,0
122,TRANSFER,2604.74,C100005838,26678.5,24073.76,C200004966,5814.32,8419.06,0,0
122,TRANSFER,22302.98,C100005842,132693.41,110390.43,C200001835,52476.15,74779.13,0,0
122,TRANSFER,4080.93,C100005863,27391.64,23310.71,C200000183,221389.3,225470.23,0,0
123,TRANSFER,620.55,C100000239,8675.44,8054.89,C200005157,192400.43,193020.98,0,0
123,TRANSFER,13168.78,C100000346,19758.51,6589.73,C200004480,11711.7,24880.48,0,0
123,TRANSFER,4766.68,C100000416,33453.34,28686.66,C200000152,5456.24,10222.92,0,0
123,TRANSFER,7162.15,C100001455,37770.35,30608.2,C200006499,129821.14,136983.29,0,0
123,TRANSFER,346.52,C100001547,22001.57,21655.05,C200004026,118843.23,119189.75,0,0
123,TRANSFER,655.43,C100004059,11773.03,11117.6,C200004291,302048.26,302703.69,0,0
123,TRANSFER,39756.48,C100004292,355319.17,315562.69,C200005048,8769.24,48525.72,1,0
123,TRANSFER,968.58,C100006165,6133.05,5164.47,C200005747,50827.52,51796.1,0,0
123,TRANSFER,8595.07,C100006292,16753.73,8158.66,C200003545,16992.77,25587.84,0,0
123,TRANSFER,1165.63,C100006914,31046.44,29880.81,C200001872,29508.84,30674.47,0,0
124,TRANSFER,784.53,C100000235,20846.74,20062.21,C200004540,264258.0,265042.53,0,0
124,TRANSFER,1272.06,C100000843,21052.81,19780.75,C200001418,4560.29,5832.35,0,0
124,TRANSFER,12164.74,C100001265,13093.939489061222,929.2,C200000155,2562.5,14727.24,0,0
124,TRANSFER,4646.5,C100001410,23578.43,18931.93,C200001645,14630.11,19276.61,0,0
124,TRANSFER,1050.92,C100001682,48653.54,47602.62,C200002552,59398.42,60449.34,0,0
124,TRANSFER,7442.71,C100002301,59333.71,51891.0,C200004229,9550.92,16993.63,0,0
124,TRANSFER,16703.08,C100002342,55349.4,38646.32,C200001517,77257.65,93960.73,0,0
124,TRANSFER,1679.28,C100002833,126471.69,124792.41,C200006267,4446.05,6125.33,0,0
124,TRANSFER,1330.93,C100003610,34855.55,33524.62,C200004684,7486.25,8817.18,0,0
124,TRANSFER,15158.11,C100003912,26483.13,11325.02,C200000965,192139.72,207297.83,0,0
124,TRANSFER,2419.1,C100004258,4535.02,2115.92,C200006286,37279.83,39698.93,0,0
124,TRANSFER,1086.84,C100004276,5782.851598331776,4696.01,C200001094,15759.92,16846.76,0,0
124,TRANSFER,2788.75,C100004937,61682.5,58893.75,C200001917,16092.11,18880.86,0,0
124,TRANSFER,560.59,C100005415,4871.193785629911,4310.6,C200000950,48284.31,48844.9,0,0
124,TRANSFER,12724.08,C100005508,16758.61168686001,4034.53,C200002515,3496.13,16220.21,0,0
124,TRANSFER,5272.5,C100005682,24400.97,19128.47,C200001515,9267.66,14540.16,0,0
124,TRANSFER,1059.54,C100006682,43185.37,42125.83,C200001291,12099.57,13159.11,0,0
125,TRANSFER,1837.73,C100000484,25216.65,23378.92,C200000374,175924.32,177762.05,0,0
125,TRANSFER,16361.14,C100001790,17479.85293929207,1118.71,C200002468,137511.3,153872.44,0,0
125,TRANSFER,1727.21,C100002195,13665.16,11937.95,C200002326,5766.8,7494.01,0,0
125,TRANSFER,768.09,C100002610,271788.49,271020.4,C200006432,65480.36,66248.45,0,0
125,TRANSFER,8966.84,C100003122,28535.55,19568.71,C200005923,32494.28,41461.12,0,0
125,TRANSFER,703.69,C100003970,387803.74,387100.05,C200005680,14771.2,15474.89,0,0
125,TRANSFER,4459.94,C100004021,6986.93,2526.99,C200004749,49708.33,54168.27,0,0
125,TRANSFER,2366.71,C100005881,25860.64,23493.93,C200006466,52892.52,55259.23,0,0
126,TRANSFER,6899.77,C100001231,10385.679018885203,3485.91,C200004645,18540.93,25440.7,0,0
126,TRANSFER,1904.99,C100004254,61139.91,59234.92,C200005850,2061.29,3966.28,0,0
126,TRANSFER,2200.16,C100005385,24207.14,22006.98,C200005911,48043.1,50243.26,0,0
127,TRANSFER,1170.77,C100000174,27932.49,26761.72,C200002951,165561.5,166732.27,0,0
127,TRANSFER,1437.18,C100000789,40515.27,39078.09,C200003653,18095.65,19532.83,0,0
127,TRANSFER,5011.89,C100000987,37069.23,32057.34,C200002149,9687.21,14699.1,0,0
127,TRANSFER,2099.71,C100001207,9157.67,7057.96,C200000753,52255.86,54355.57,0,0
127,TRANSFER,1903.55,C100001460,106319.54,104415.99,C200001121,4713.13,6616.68,0,0
127,TRANSFER,5158.68,C100002899,87560.03,82401.35,C200003822,8795.82,13954.5,0,0
127,TRANSFER,9619.71,C100003098,11658.879803304373,2039.17,C200000719,407296.17,416915.88,0,0
127,TRANSFER,20609.46,C100003242,20661.032360840618,51.57,C200000273,68590.55,89200.01,0,0
127,TRANSFER,12865.7,C100003509,98664.37,85798.67,C200005752,60189.55,73055.25,0,0
127,TRANSFER,1463.64,C100003753,23801.58,22337.94,C200005629,141712.0,143175.64,0,0
127,TRANSFER,671.95,C100005238,8003.97,7332.02,C200002056,203416.1,204088.05,0,0
127,TRANSFER,950.06,C100005403,5871.74,4921.68,C200000772,38396.25,39346.31,0,0
127,TRANSFER,1791.91,C100005787,13123.44,11331.53,C200002864,4840.56,6632.47,0,0
127,TRANSFER,971.74,C100005873,26805.69,25833.95,C200003844,42681.99,43653.73,0,0
127,TRANSFER,9362.35,C100006811,77666.62,68304.27,C200002998,34368.09,43730.44,0,0
127,TRANSFER,3150.73,C100006919,47399.93,44249.2,C200002105,53248.42,56399.15,0,0
128,TRANSFER,7833.22,C100000127,26371.32,18538.1,C200002748,5067.09,12900.31,0,0
128,TRANSFER,2135.76,C100001239,74092.8,71957.04,C200005493,15957.44,18093.2,0,0
128,TRANSFER,22477.05,C100001341,25296.587850596894,2819.54,C200000060,10733.29,33210.34,0,0
128,TRANSFER,1162.75,C100002739,121617.13,120454.38,C200004523,93952.02,95114.77,0,0
128,TRANSFER,759.25,C100003226,49261.4,48502.15,C200000730,3466.15,4225.4,0,0
128,TRANSFER,2889.33,C100003287,3988.2118150983442,1098.88,C200003153,12192.36,15081.69,0,0
128,TRANSFER,4540.9,C100003362,38955.89,34414.99,C200000111,7686.89,12227.79,0,0
129,TRANSFER,820.52,C100000149,11092.96,10272.44,C200002773,209867.01,210687.53,0,0
129,TRANSFER,3119.96,C100000423,11802.24,8682.28,C200003502,1917.54,5037.5,0,0
129,TRANSFER,1185.21,C100000904,14427.63,13242.42,C200003623,258707.24,259892.45,0,0
129,TRANSFER,2031.77,C100002248,400994.22,398962.45,C200004379,19573.74,21605.51,0,0
129,TRANSFER,5213.08,C100002281,68460.25,63247.17,C200003162,22661.88,27874.96,0,0
129,TRANSFER,555.52,C100004106,12873.69,12318.17,C200003163,13773.07,14328.59,0,0
129,TRANSFER,1421.07,C100004765,25701.18,24280.11,C200004388,25356.63,26777.7,0,0
129,TRANSFER,2461.73,C100005039,25791.95,23330.22,C200003988,38265.91,40727.64,0,0
129,TRANSFER,10846.44,C100005782,15200.115519128365,4353.68,C200003645,1171.29,12017.73,0,0
129,TRANSFER,1539.41,C100005918,16787.18,15247.77,C200001170,3121.11,4660.52,0,0
129,TRANSFER,2563.61,C100006154,19320.91,16757.3,C200004341,10982.37,13545.98,0,0
129,TRANSFER,4150.34,C100006276,41170.51,37020.17,C200006201,11322.92,15473.26,0,0
129,TRANSFER,274.53,C100006302,91065.32,90790.79,C200000015,172519.57,172794.1,0,0
129,TRANSFER,1837.99,C100006321,30590.48,28752.49,C200004786,30787.88,32625.87,0,0
130,TRANSFER,914.7,C100000441,5388.88,4474.18,C200001235,83313.23,84227.93,0,0
130,TRANSFER,7490.56,C100000810,62838.79,55348.23,C200001208,3435.96,10926.52,0,0
130,TRANSFER,4437.0,C100000880,45809.4,41372.4,C200003381,8918.3,13355.3,0,0
130,TRANSFER,30906.96,C100001412,32730.203277795685,1823.24,C900001639,47817.18,78724.14,1,0
130,TRANSFER,2418.29,C100001610,74671.48,72253.19,C200004508,13811.59,16229.88,0,0
130,TRANSFER,265.7,C100001870,13736.09,13470.39,C200004445,24798.14,25063.84,0,0
130,TRANSFER,965.51,C100002109,78847.93,77882.42,C200002806,15150.17,16115.68,0,0
130,TRANSFER,1243.54,C100002114,79791.66,78548.12,C200006422,465931.58,467175.12,0,0
130,TRANSFER,2215.7,C100002221,334999.48,332783.78,C200001423,9209.81,11425.51,0,0
130,TRANSFER,1140.5,C100002310,13830.61,12690.11,C200001790,74103.89,75244.39,0,0
130,TRANSFER,3853.49,C100002911,20631.4,16777.91,C200006194,2288.03,6141.52,0,0
130,TRANSFER,5971.75,C100004186,95714.67,89742.92,C200004230,95666.09,101637.84,0,0
130,TRANSFER,133.83,C100004552,19333.15,19199.32,C200003403,2225.06,2358.89,0,0
130,TRANSFER,823.9,C100004999,29008.93,28185.03,C200005313,26586.34,27410.24,0,0
130,TRANSFER,580.41,C100005658,46986.16,46405.75,C200003302,15056.6,15637.01,0,0
130,TRANSFER,3488.95,C100006311,6483.556451542885,2994.61,C200006168,82377.68,85866.63,0,0
131,TRANSFER,1774.22,C100000091,77466.84,75692.62,C200002801,47309.18,49083.4,0,0
131,TRANSFER,3354.62,C100000156,23219.15,19864.53,C200005400,63828.09,67182.71,0,0
131,TRANSFER,159.57,C100000941,7068.54,6908.97,C200004109,20043.74,20203.31,0,0
131,TRANSFER,992.04,C100001124,102874.1,101882.06,C200006323,10690.77,11682.81,0,0
131,TRANSFER,1719.84,C100001700,23560.96,21841.12,C200006196,4656.41,6376.25,0,0
131,TRANSFER,860.35,C100002074,14382.65,13522.3,C200000069,222757.17,223617.52,0,0
131,TRANSFER,1041.44,C100002122,49995.97,48954.53,C200005362,9471.42,10512.86,0,0
131,TRANSFER,4168.5,C100003796,167868.35,163699.85,C200000439,63534.19,67702.69,0,0
131,TRANSFER,8071.94,C100004757,31668.14,23596.2,C200001821,237190.8,245262.74,0,0
131,TRANSFER,26533.39,C100006590,28900.18,2366.79,C200004200,2731.09,29264.48,0,0
132,TRANSFER,4665.38,C100000308,7771.454925285797,3106.07,C200006416,53220.0,57885.38,0,0
132,TRANSFER,27805.2,C100001325,29038.058830922735,1232.86,C200004960,9304.17,37109.37,0,0
132,TRANSFER,237.36,C100001455,27243.71,27006.35,C200001273,34467.17,34704.53,0,0
132,TRANSFER,260.21,C100002408,36422.44,36162.23,C200001375,42701.43,42961.64,0,0
132,TRANSFER,5105.62,C100002838,60825.31,55719.69,C200003546,28245.08,33350.7,0,0
132,TRANSFER,10356.21,C100003524,18049.02,7692.81,C200005326,114217.18,124573.39,0,0
132,TRANSFER,994.21,C100003714,79774.15,78779.94,C200000362,64735.9,65730.11,0,0
132,TRANSFER,6765.94,C100003897,40367.95,33602.01,C200000652,9341.5,16107.44,0,0
132,TRANSFER,4275.27,C100003909,12417.54,8142.27,C200004260,806938.37,811213.64,0,0
132,TRANSFER,1113.28,C100004630,25897.96,24784.68,C200005321,27570.25,28683.53,0,0
132,TRANSFER,4140.57,C100004683,10511.99,6371.42,C200000928,10389.37,14529.94,0,0
132,TRANSFER,926.07,C100004863,29133.07,28207.0,C200003665,86039.94,86966.01,0,0
132,TRANSFER,1965.76,C100005664,15584.3,13618.54,C200001637,28413.2,30378.96,0,0
132,TRANSFER,1296.45,C100005818,56977.06,55680.61,C200005791,7259.37,8555.82,0,0
132,TRANSFER,4654.13,C100006112,138372.12,133717.99,C200004914,7791.97,12446.1,0,0
132,TRANSFER,484.41,C100006121,88581.58,88097.17,C200000565,54083.89,54568.3,0,0
132,TRANSFER,3411.93,C100006289,56552.8,53140.87,C200000111,16838.62,20250.55,0,0
132,TRANSFER,2178.95,C100006310,65103.09,62924.14,C200006141,9643.69,11822.64,0,0
132,TRANSFER,255.17,C100006854,2994.6,2739.43,C200000470,16138.53,16393.7,0,0
132,TRANSFER,2440.4,C100006871,21068.73,18628.33,C200005705,6876.09,9316.49,0,0
132,TRANSFER,16573.49,C100006994,18835.35367598148,2261.86,C200001371,106481.53,123055.02,0,0
133,TRANSFER,1738.53,C100000000,162509.91,160771.38,C200001668,225388.54,227127.07,0,0
133,TRANSFER,1897.91,C100001688,14678.43,12780.52,C200002650,72722.27,74620.18,0,0
133,TRANSFER,825.63,C100001710,4765.978655474412,3940.35,C200000778,1865.15,2690.78,0,0
133,TRANSFER,2920.01,C100002895,11185.42,8265.41,C200000616,3791.77,6711.78,0,0
133,TRANSFER,2353.47,C100003919,28357.91,26004.44,C200003105,12685.81,15039.28,0,0
133,TRANSFER,514.35,C100004377,28678.43,28164.08,C200001104,2742.91,3257.26,0,0
133,TRANSFER,2090.63,C100004629,72962.01,70871.38,C200006047,44045.39,46136.02,0,0
133,TRANSFER,6325.4,C100004914,22683.04,16357.64,C200005869,6687.42,13012.82,0,0
133,TRANSFER,10412.83,C100005031,17275.56,6862.73,C200002135,370095.51,380508.34,0,0
133,TRANSFER,536.02,C100006212,36033.22,35497.2,C200000962,13339.69,13875.71,0,0
133,TRANSFER,273.9,C100006701,261667.02,261393.12,C200000055,199904.97,200178.87,0,0
133,TRANSFER,6014.44,C100006916,55701.3,49686.86,C200005654,57505.93,63520.37,0,0
134,TRANSFER,2077.65,C100003329,144346.47,142268.82,C200004326,15993.24,18070.89,0,0
134,TRANSFER,4098.95,C100003475,44497.02,40398.07,C200004660,25186.21,29285.16,0,0
134,TRANSFER,1084.24,C100005460,11156.94,10072.7,C200004566,10854.55,11938.79,0,0
134,TRANSFER,5411.85,C100005477,150420.37,145008.52,C200006265,52977.9,58389.75,0,0
134,TRANSFER,5349.29,C100005853,9510.294835136514,4161.0,C200003489,7248.63,12597.92,0,0
134,TRANSFER,485.71,C100006502,31247.97,30762.26,C200001117,42059.58,42545.29,0,0
135,TRANSFER,968.23,C100000410,14137.88,13169.65,C200002542,3913.87,4882.1,0,0
135,TRANSFER,2744.07,C100001588,143063.21,140319.14,C200004286,44394.2,47138.27,0,0
135,TRANSFER,1116.4,C100002046,54114.65,52998.25,C200000394,161858.89,162975.29,0,0
135,TRANSFER,2322.32,C100002181,79899.41,77577.09,C200000677,104049.63,106371.95,0,0
135,TRANSFER,6636.24,C100002238,22016.52,15380.28,C200002743,18201.78,24838.02,0,0
135,TRANSFER,879.71,C100002417,19060.08,18180.37,C200006111,18392.48,19272.19,0,0
135,TRANSFER,38259.61,C100002602,42302.42630631086,4042.82,C200003914,8723.59,46983.2,0,0
135,TRANSFER,1228.24,C100002747,46492.72,45264.48,C200002976,17072.37,18300.61,0,0
135,TRANSFER,2661.8,C100002973,35583.98,32922.18,C200001896,1335.25,3997.05,0,0
135,TRANSFER,1879.6,C100003148,103643.09,101763.49,C200004329,114189.52,116069.12,0,0
135,TRANSFER,1496.6,C100003368,14877.93,13381.33,C200000222,55201.86,56698.46,0,0
135,TRANSFER,1914.24,C100004526,31798.45,29884.21,C200004377,23231.88,25146.12,0,0
135,TRANSFER,127.56,C100005311,37077.28,36949.72,C200005289,8960.52,9088.08,0,0
135,TRANSFER,858.05,C100006730,44726.89,43868.84,C200004051,46354.37,47212.42,0,0
136,TRANSFER,1305.15,C100000705,216869.78,215564.63,C200001362,6294.26,7599.41,0,0
136,TRANSFER,25308.66,C100000869,31582.09,6273.43,C200004643,91368.04,116676.7,0,0
136,TRANSFER,3592.54,C100001208,23973.91,20381.37,C200004159,253643.16,257235.7,0,0
136,TRANSFER,9254.41,C100001716,22166.87,12912.46,C200000350,13342.53,22596.94,0,0
136,TRANSFER,913.64,C100001929,4821.320185313745,3907.68,C200005576,51454.73,52368.37,0,0
136,TRANSFER,6393.88,C100003330,13227.65,6833.77,C200004287,86609.83,93003.71,0,0
136,TRANSFER,747.07,C100003960,111861.39,111114.32,C200004552,357319.86,358066.93,0,0
136,TRANSFER,1416.06,C100004461,23643.31,22227.25,C200000663,14951.08,16367.14,0,0
136,TRANSFER,5139.89,C100004665,72903.52,67763.63,C200006464,22254.0,27393.89,0,0
136,TRANSFER,8399.44,C100004800,19444.38,11044.94,C200002199,108820.74,117220.18,0,0
136,TRANSFER,1656.01,C100005231,127462.27,125806.26,C200001316,8381.39,10037.4,0,0
136,TRANSFER,2445.93,C100005835,54412.74,51966.81,C200004053,2271.26,4717.19,0,0
136,TRANSFER,9377.21,C100006710,219122.72,209745.51,C200000364,101099.89,110477.1,0,0
136,TRANSFER,1524.54,C100006795,21200.47,19675.93,C200001432,20935.25,22459.79,0,0
137,TRANSFER,1826.02,C100000378,8644.7,6818.68,C200004464,1729.72,3555.74,0,0
137,TRANSFER,3150.27,C100000881,71907.15,68756.88,C200004587,15739.05,18889.32,0,0
137,TRANSFER,337.22,C100001100,22788.72,22451.5,C200003416,1000000.0,1000337.22,0,0
137,TRANSFER,1176.07,C100001406,210686.75,209510.68,C200005633,19198.39,20374.46,0,0
137,TRANSFER,559.76,C100001938,74888.3,74328.54,C200005502,11056.55,11616.31,0,0
137,TRANSFER,306.0,C100002559,48711.59,48405.59,C200000891,32240.92,32546.92,0,0
137,TRANSFER,2126.83,C100002946,12716.7,10589.87,C200004365,101847.58,103974.41,0,0
137,TRANSFER,1514.01,C100003135,8628.12,7114.11,C200001889,9266.33,10780.34,0,0
137,TRANSFER,1240.69,C100004482,154423.59,153182.9,C200002670,10914.15,12154.84,0,0
137,TRANSFER,650.34,C100005893,74833.63,74183.29,C200004308,31138.14,31788.48,0,0
137,TRANSFER,13613.69,C100006752,417631.34,404017.65,C200003509,41726.55,55340.24,0,0
138,TRANSFER,982.76,C100000010,23900.34,22917.58,C200005545,29116.0,30098.76,0,0
138,TRANSFER,4292.6,C100000039,230851.88,226559.28,C200001381,231835.58,236128.18,0,0
138,TRANSFER,755.48,C100003343,38605.43,37849.95,C200004105,8888.27,9643.75,0,0
138,TRANSFER,3038.25,C100003352,17681.02,14642.77,C200004429,98897.28,101935.53,0,0
138,TRANSFER,847.68,C100003688,9457.49,8609.81,C200000532,24766.09,25613.77,0,0
138,TRANSFER,7067.53,C100004382,11663.235677136181,4595.71,C200000501,12002.11,19069.64,0,0
138,TRANSFER,1739.91,C100004534,59690.47,57950.56,C200003553,136287.62,138027.53,0,0
138,TRANSFER,8756.21,C100005640,29578.27,20822.06,C200005226,339367.78,348123.99,0,0
138,TRANSFER,2222.26,C100006396,44748.53,42526.27,C200006312,86955.37,89177.63,0,0
139,TRANSFER,4949.36,C100001096,9471.87,4522.51,C200000189,45502.75,50452.11,0,0
139,TRANSFER,377.23,C100001631,59117.12,58739.89,C200003887,15270.03,15647.26,0,0
139,TRANSFER,3656.18,C100001935,25306.43,21650.25,C200004407,488029.98,491686.16,0,0
139,TRANSFER,20883.96,C100002720,25753.46895079758,4869.51,C200006174,6991.06,27875.02,0,0
139,TRANSFER,1159.58,C100003521,4377.998148232349,3218.42,C200004650,10119.53,11279.11,0,0
139,TRANSFER,1414.78,C100004101,54243.63,52828.85,C200004710,18798.51,20213.29,0,0
139,TRANSFER,1217.18,C100004466,43763.92,42546.74,C200000587,24882.56,26099.74,0,0
139,TRANSFER,499.71,C100004477,3737.013196405541,3237.3,C200006250,17541.34,18041.05,0,0
140,TRANSFER,15163.0,C100000201,16471.674448176836,1308.67,C200003775,22402.87,37565.87,0,0
140,TRANSFER,3436.72,C100001421,39598.38,36161.66,C200002950,35405.83,38842.55,0,0
140,TRANSFER,1627.19,C100001609,340740.89,339113.7,C200001969,10113.87,11741.06,0,0
140,TRANSFER,2678.35,C100001618,16192.96,13514.61,C200001809,215463.27,218141.62,0,0
140,TRANSFER,1866.92,C100001630,34981.38,33114.46,C200004623,6335.71,8202.63,0,0
140,TRANSFER,11925.86,C100002134,16572.44104117257,4646.58,C200000599,3510.43,15436.29,0,0
140,TRANSFER,3811.93,C100002365,53453.29,49641.36,C200001057,97590.46,101402.39,0,0
140,TRANSFER,6120.17,C100002615,37250.31,31130.14,C200001773,15110.94,21231.11,0,0
140,TRANSFER,1474.0,C100002930,39846.72,38372.72,C200001862,23588.62,25062.62,0,0
140,TRANSFER,962.47,C100003366,3304.44,2341.97,C200000076,10549.46,11511.93,0,0
140,TRANSFER,1454.62,C100004389,13562.88,12108.26,C200000913,88587.01,90041.63,0,0
140,TRANSFER,5219.84,C100004394,62043.55,56823.71,C200002333,28018.12,33237.96,0,0
140,TRANSFER,2833.42,C100004547,5954.905726995528,3121.49,C200005286,326645.38,329478.8,0,0
140,TRANSFER,1851.27,C100004690,19765.44,17914.17,C200005453,143572.34,145423.61,0,0
140,TRANSFER,6944.47,C100004786,20816.47,13872.0,C200001457,66725.77,73670.24,0,0
140,TRANSFER,1219.98,C100004815,61811.38,60591.4,C200002790,110093.11,111313.09,0,0
140,TRANSFER,1806.15,C100005202,21666.51,19860.36,C200005156,5100.59,6906.74,0,0
140,TRANSFER,7549.32,C100005359,55170.15,47620.83,C200004204,2002.02,9551.34,0,0
140,TRANSFER,1133.17,C100006047,5359.1,4225.93,C200002974,26452.0,27585.17,0,0
140,TRANSFER,2817.81,C100006594,83738.31,80920.5,C200005657,13842.37,16660.18,0,0
141,TRANSFER,1011.95,C100000222,18202.47,17190.52,C200002143,29956.23,30968.18,0,0
141,TRANSFER,2589.73,C100000370,417586.44,414996.71,C200004373,6606.81,9196.54,0,0
141,TRANSFER,12091.63,C100000536,16051.96,3960.33,C200004972,5752.46,17844.09,0,0
141,TRANSFER,683.45,C100000580,387707.53,387024.08,C200004876,9995.99,10679.44,0,0
141,TRANSFER,7822.43,C100002273,37430.17,29607.74,C200003071,45713.5,53535.93,0,0
141,TRANSFER,363.2,C100003098,34457.14,34093.94,C200004879,29858.11,30221.31,0,0
141,TRANSFER,657.75,C100003921,148112.43,147454.68,C200005608,623.73,1281.48,0,0
141,TRANSFER,1495.52,C100004255,31388.54,29893.02,C200004799,123760.09,125255.61,0,0
141,TRANSFER,6287.64,C100004739,13017.13,6729.49,C200003785,66827.7,73115.34,0,0
141,TRANSFER,2197.15,C100005232,12855.83,10658.68,C200002634,77551.18,79748.33,0,0
141,TRANSFER,1698.56,C100006286,10112.26,8413.7,C200006123,35127.69,36826.25,0,0
141,TRANSFER,4481.6,C100006311,37244.63,32763.03,C200003308,55076.91,59558.51,0,0
141,TRANSFER,682.07,C100006428,21042.86,20360.79,C200003372,39379.73,40061.8,0,0
141,TRANSFER,1522.59,C100006580,24479.19,22956.6,C200002389,52831.45,54354.04,0,0
141,TRANSFER,1183.54,C100006635,31132.29,29948.75,C200000291,66002.93,67186.47,0,0
142,TRANSFER,1470.94,C100000188,8458.66,6987.72,C200003092,158442.2,159913.14,0,0
142,TRANSFER,3361.37,C100000383,18527.59,15166.22,C200005817,25253.76,28615.13,0,0
142,TRANSFER,3893.23,C100000877,27292.44,23399.21,C200002394,1914.73,5807.96,0,0
142,TRANSFER,4404.22,C100000926,369143.51,364739.29,C200000558,40683.81,45088.03,0,0
142,TRANSFER,476.01,C100001331,100913.76,100437.75,C200004992,726.19,1202.2,0,0
142,TRANSFER,774.29,C100002204,7360.44,6586.15,C200002935,9773.46,10547.75,0,0
142,TRANSFER,1535.25,C100002270,117997.86,116462.61,C200000731,94040.97,95576.22,0,0
142,TRANSFER,8781.94,C100003619,386037.98,377256.04,C200005516,4929.66,13711.6,0,0
142,TRANSFER,846.18,C100003635,11781.03,10934.85,C200001584,24691.02,25537.2,0,0
142,TRANSFER,2180.06,C100003922,300132.42,297952.36,C200000005,88409.98,90590.04,0,0
142,TRANSFER,7230.42,C100004603,135576.67,128346.25,C200001065,15562.04,22792.46,0,0
142,TRANSFER,6019.68,C100005448,168204.32,162184.64,C200003293,6385.16,12404.84,0,0
142,TRANSFER,714.73,C100005452,32582.91,31868.18,C200000668,172561.97,173276.7,0,0
142,TRANSFER,3373.71,C100006673,14438.29,11064.58,C200003044,11952.42,15326.13,0,0
143,TRANSFER,328.04,C100001310,10027.52,9699.48,C200002537,22064.89,22392.93,0,0
143,TRANSFER,1764.36,C100001400,450203.48,448439.12,C200001648,9048.21,10812.57,0,0
143,TRANSFER,12559.84,C100002152,14958.677818955914,2398.84,C200002220,125688.55,138248.39,0,0
143,TRANSFER,3535.11,C100002614,19283.67,15748.56,C200004536,23765.58,27300.69,0,0
143,TRANSFER,298.32,C100003012,164278.5,163980.18,C200004373,65084.16,65382.48,0,0
143,TRANSFER,1223.49,C100003621,10764.56,9541.07,C200001342,20565.97,21789.46,0,0
143,TRANSFER,4127.37,C100003788,27771.66,23644.29,C200000282,44319.2,48446.57,0,0
143,TRANSFER,370.74,C100004366,15409.72,15038.98,C200004716,31155.7,31526.44,0,0
143,TRANSFER,2910.76,C100004669,7070.54,4159.78,C900002390,12091.88,15002.64,1,0
143,TRANSFER,1193.59,C100006462,30011.14,28817.55,C200005478,26653.28,27846.87,0,0
143,TRANSFER,3538.78,C100006608,9710.07,6171.29,C200001902,18968.98,22507.76,0,0
143,TRANSFER,841.36,C100006679,416951.9,416110.54,C200002256,27431.89,28273.25,0,0
144,TRANSFER,848.62,C100000221,17826.79,16978.17,C200006109,215872.27,216720.89,0,0
144,TRANSFER,6102.89,C100000271,44529.18,38426.29,C200003708,68184.96,74287.85,0,0
144,TRANSFER,2225.98,C100001011,40918.68,38692.7,C200002121,1658.57,3884.55,0,0
144,TRANSFER,2720.64,C100001747,80232.23,77511.59,C200006197,259484.52,262205.16,0,0
144,TRANSFER,2620.15,C100002634,23364.55,20744.4,C200000819,24292.88,26913.03,0,0
144,TRANSFER,1725.78,C100002727,11580.57,9854.79,C200004495,9116.91,10842.69,0,0
144,TRANSFER,3992.35,C100002728,23071.61,19079.26,C200001622,6797.59,10789.94,0,0
144,TRANSFER,7163.86,C100003196,12115.92,4952.06,C200003298,12127.19,19291.05,0,0
144,TRANSFER,1802.94,C100003857,8999.78,7196.84,C200006358,33572.31,35375.25,0,0
144,TRANSFER,1618.58,C100003907,40768.43,39149.85,C200004161,12049.1,13667.68,0,0
144,TRANSFER,4123.39,C100004095,90906.38,86782.99,C200004999,31187.95,35311.34,0,0
144,TRANSFER,4646.43,C100004433,72916.78,68270.35,C200004281,41417.95,46064.38,0,0
144,TRANSFER,2274.56,C100005154,30347.27,28072.71,C200000717,108095.72,110370.28,0,0
144,TRANSFER,4463.8,C100005866,22625.05,18161.25,C200001168,436388.4,440852.2,0,0
144,TRANSFER,17262.09,C100006234,692310.32,675048.23,C900009007,75124.49,92386.58,1,0
144,TRANSFER,2335.82,C100006641,65344.01,63008.19,C200004607,107953.26,110289.08,0,0
144,TRANSFER,8606.4,C100006671,26785.02,18178.62,C200001115,40188.54,48794.94,0,0
144,TRANSFER,8675.14,C100006743,63899.61,55224.47,C200003467,79933.28,88608.42,0,0
144,TRANSFER,2004.71,C100006957,2772.6448478718216,767.93,C200004467,22481.49,24486.2,0,0
145,TRANSFER,5626.11,C100001012,18614.12,12988.01,C200002618,13306.65,18932.76,0,0
145,TRANSFER,4597.42,C100001653,182615.24,178017.82,C200003228,13854.62,18452.04,0,0
145,TRANSFER,1755.69,C100001799,17923.63,16167.94,C200002743,13129.41,14885.1,0,0
145,TRANSFER,6368.78,C100002161,7170.795883316739,802.02,C200000900,13881.19,20249.97,0,0
145,TRANSFER,185.75,C100002196,8235.05,8049.3,C200002904,5748.59,5934.34,0,0
145,TRANSFER,7028.03,C100002360,40027.13,32999.1,C200002127,47463.72,54491.75,0,0
145,TRANSFER,12516.8,C100002701,202816.93,190300.13,C200000998,30037.54,42554.34,0,0
145,TRANSFER,13929.98,C100002969,15279.607125303326,1349.63,C900007404,4154.22,18084.2,1,0
145,TRANSFER,472.2,C100004149,16044.69,15572.49,C200001096,7406.37,7878.57,0,0
145,TRANSFER,3342.17,C100005932,77301.07,73958.9,C200003809,57547.86,60890.03,0,0
145,TRANSFER,703.18,C100006605,69076.68,68373.5,C200001400,107216.88,107920.06,0,0
145,TRANSFER,1657.31,C100006841,38688.82,37031.51,C200003025,6059.05,7716.36,0,0
145,TRANSFER,4769.41,C100006918,194567.8,189798.39,C200005743,1232.07,6001.48,0,0
146,TRANSFER,3485.49,C100000278,34591.64,31106.15,C200001461,31211.69,34697.18,0,0
146,TRANSFER,8286.93,C100001390,36380.72,28093.79,C200000083,55032.42,63319.35,0,0
146,TRANSFER,2637.22,C100001786,128829.96,126192.74,C200004013,23080.59,25717.81,0,0
146,TRANSFER,3473.06,C100002215,50942.72,47469.66,C200001789,17690.97,21164.03,0,0
146,TRANSFER,1445.15,C100002416,9179.61,7734.46,C200006417,10789.8,12234.95,0,0
146,TRANSFER,968.7,C100002958,46994.32,46025.62,C200005904,127176.98,128145.68,0,0
146,TRANSFER,7019.11,C100002958,32942.41,25923.3,C200003532,11372.77,18391.88,0,0
146,TRANSFER,7763.44,C100003224,50315.36,42551.92,C200004890,35855.03,43618.47,0,0
146,TRANSFER,841.88,C100003476,11820.81,10978.93,C200004624,42685.23,43527.11,0,0
146,TRANSFER,171.42,C100004095,34825.98,34654.56,C200002360,53128.19,53299.61,0,0
146,TRANSFER,10248.87,C100005153,12109.515173128953,1860.65,C200000375,52717.83,62966.7,0,0
146,TRANSFER,1864.57,C100005187,69324.1,67459.53,C200001070,78861.02,80725.59,0,0
146,TRANSFER,270.89,C100005860,10779.35,10508.46,C200005515,36362.65,36633.54,0,0
146,TRANSFER,6007.8,C100006058,11733.73,5725.93,C200002253,111655.5,117663.3,0,0
147,TRANSFER,930.15,C100000280,4024.1159097593522,3093.97,C200005265,58454.07,59384.22,0,0
147,TRANSFER,9756.04,C100000434,30438.4,20682.36,C200001739,29050.61,38806.65,0,0
147,TRANSFER,7609.67,C100001779,269467.74,261858.07,C200001390,9609.88,17219.55,0,0
147,TRANSFER,643.52,C100002325,72051.89,71408.37,C200002011,4003.3,4646.82,0,0
147,TRANSFER,9954.75,C100002628,12867.982004951311,2913.23,C200001933,11633.73,21588.48,0,0
147,TRANSFER,491.12,C100002661,45539.74,45048.62,C200006201,47923.26,48414.38,0,0
147,TRANSFER,4671.64,C100003332,62066.59,57394.95,C200004645,36268.07,40939.71,0,0
147,TRANSFER,523.11,C100003810,191600.91,191077.8,C200004365,42962.63,43485.74,0,0
147,TRANSFER,38839.93,C100004003,41602.03984360738,2762.11,C200000265,308045.47,346885.4,0,0
147,TRANSFER,3583.7,C100004681,71416.65,67832.95,C200004992,7284.3,10868.0,0,0
147,TRANSFER,161.63,C100005018,7236.07,7074.44,C200004479,28214.92,28376.55,0,0
147,TRANSFER,13850.63,C100005407,34684.18,20833.55,C200001916,24770.73,38621.36,0,0
147,TRANSFER,1552.58,C100005934,67335.13,65782.55,C200004108,295126.3,296678.88,0,0
147,TRANSFER,288.63,C100005992,77308.18,77019.55,C200002149,802313.22,802601.85,0,0
147,TRANSFER,8928.03,C100006079,16964.23,8036.2,C200005251,2298.47,11226.5,0,0
147,TRANSFER,893.75,C100006131,5407.99,4514.24,C200001638,368835.42,369729.17,0,0
147,TRANSFER,4413.68,C100006807,11943.0,7529.32,C200001027,35159.6,39573.28,0,0
148,TRANSFER,606.0,C100000161,6961.72,6355.72,C200005216,32886.71,33492.71,0,0
148,TRANSFER,9191.69,C100001469,22253.26,13061.57,C200003728,23765.29,32956.98,0,0
148,TRANSFER,1727.39,C100001786,92641.79,90914.4,C200002980,107077.7,108805.09,0,0
148,TRANSFER,4435.78,C100002099,16986.94,12551.16,C200004176,15192.81,19628.59,0,0
148,TRANSFER,4738.75,C100002508,7976.14,3237.39,C200005186,10425.83,15164.58,0,0
148,TRANSFER,1571.01,C100002674,29164.42,27593.41,C200005060,2463.56,4034.57,0,0
148,TRANSFER,101.25,C100002783,3910.3237772825382,3809.07,C200004721,16170.0,16271.25,0,0
148,TRANSFER,16811.39,C100003211,46592.33,29780.94,C200000517,29048.86,45860.25,0,0
148,TRANSFER,3520.81,C100003377,21168.32,17647.51,C200003414,60090.49,63611.3,0,0
148,TRANSFER,621.22,C100003793,20971.35,20350.13,C200001767,7925.87,8547.09,0,0
148,TRANSFER,1743.75,C100004272,26892.88,25149.13,C200003785,8915.98,10659.73,0,0
148,TRANSFER,7726.87,C100004620,14836.68,7109.81,C200003627,26374.93,34101.8,0,0
148,TRANSFER,870.37,C100004867,24301.75,23431.38,C200006319,259710.09,260580.46,0,0
148,TRANSFER,22398.85,C100005850,35800.53,13401.68,C200002102,150921.44,173320.29,0,0
148,TRANSFER,2057.97,C100006109,18995.35,16937.38,C200005808,18108.83,20166.8,0,0
148,TRANSFER,6138.29,C100006421,31092.79,24954.5,C200005487,12405.78,18544.07,0,0
148,TRANSFER,7729.27,C100006545,111763.25,104033.98,C200002662,17836.11,25565.38,0,0
149,TRANSFER,1671.6,C100000168,463168.32,461496.72,C200005640,14016.73,15688.33,0,0
149,TRANSFER,503.54,C100000182,48378.47,47874.93,C200001049,56712.96,57216.5,0,0
149,TRANSFER,8655.31,C100000387,42045.25,33389.94,C200000383,15638.57,24293.88,0,0
149,TRANSFER,643.8,C100000840,26795.83,26152.03,C200006173,10567.08,11210.88,0,0
149,TRANSFER,2177.19,C100000876,6229.6,4052.41,C200005594,16125.22,18302.41,0,0
149,TRANSFER,770.98,C100002268,8178.43,7407.45,C200004894,50527.6,51298.58,0,0
149,TRANSFER,1189.16,C100002645,47131.22,45942.06,C200005017,22967.77,24156.93,0,0
149,TRANSFER,1332.56,C100003311,40046.99,38714.43,C200002646,13922.35,15254.91,0,0
149,TRANSFER,1057.51,C100003362,186677.07,185619.56,C200004889,7815.38,8872.89,0,0
149,TRANSFER,5093.85,C100003642,56007.01,50913.16,C200002093,1209.48,6303.33,0,0
149,TRANSFER,637.86,C100004172,10332.15,9694.29,C200002219,23601.22,24239.08,0,0
149,TRANSFER,4148.59,C100006210,67173.35,63024.76,C200003226,29661.93,33810.52,0,0
149,TRANSFER,13993.37,C100006331,26978.19,12984.82,C200003617,25145.76,39139.13,0,0
149,TRANSFER,898.91,C100006410,200479.04,199580.13,C200003976,67523.24,68422.15,0,0
149,TRANSFER,1337.28,C100006640,6278.82,4941.54,C200001137,44389.2,45726.48,0,0
149,TRANSFER,4250.16,C100006982,280954.38,276704.22,C200004336,6997.9,11248.06,0,0
150,TRANSFER,605.12,C100000239,2250.33,1645.21,C200004446,41191.73,41796.85,0,0
150,TRANSFER,562.38,C100000334,34905.69,34343.31,C200005859,13596.19,14158.57,0,0
150,TRANSFER,3333.79,C100000619,79116.36,75782.57,C200003089,102826.06,106159.85,0,0
150,TRANSFER,4546.35,C100000866,5819.236047334665,1272.89,C200003490,7449.64,11995.99,0,0
150,TRANSFER,2580.8,C100002232,18257.69,15676.89,C200003544,90456.51,93037.31,0,0
150,TRANSFER,1026.8,C100002666,21438.25,20411.45,C200005462,36979.21,38006.01,0,0
150,TRANSFER,694.84,C100002747,5214.45,4519.61,C200003639,76279.46,76974.3,0,0
150,TRANSFER,610.72,C100003495,31589.5,30978.78,C200003012,50870.07,51480.79,0,0
150,TRANSFER,320.3,C100003614,19576.84,19256.54,C200004623,37200.8,37521.1,0,0
150,TRANSFER,25144.78,C100005129,28750.97,3606.19,C200000849,18975.25,44120.03,0,0
150,TRANSFER,4984.79,C100005380,46471.51,41486.72,C200000154,11394.65,16379.44,0,0
150,TRANSFER,292.95,C100006392,10675.96,10383.01,C200002737,25538.31,25831.26,0,0
151,TRANSFER,1381.58,C100000149,21918.86,20537.28,C200001455,15007.76,16389.34,0,0
151,TRANSFER,1468.02,C100000409,4067.907990144119,2599.89,C200005597,10423.87,11891.89,0,0
151,TRANSFER,3441.5,C100001069,48772.47,45330.97,C200003868,3326.5,6768.0,0,0
151,TRANSFER,6551.42,C100001158,38960.69,32409.27,C200005659,11385.78,17937.2,0,0
151,TRANSFER,6759.45,C100002110,102124.41,95364.96,C200003252,132858.32,139617.77,0,0
151,TRANSFER,445.61,C100002199,23423.38,22977.77,C200003538,72822.08,73267.69,0,0
151,TRANSFER,6666.07,C100002699,8865.5,2199.43,C200006146,17605.07,24271.14,0,0
151,TRANSFER,689.94,C100002730,78802.11,78112.17,C200006460,17028.11,17718.05,0,0
151,TRANSFER,849.04,C100003045,2979.7,2130.66,C200006230,48528.6,49377.64,0,0
151,TRANSFER,1646.09,C100003372,39820.93,38174.84,C200001343,37764.02,39410.11,0,0
151,TRANSFER,3700.99,C100003382,9679.08,5978.09,C200001696,116204.39,119905.38,0,0
151,TRANSFER,12262.49,C100003539,13902.933395099779,1640.44,C200003789,7650.2,19912.69,0,0
151,TRANSFER,286.83,C100004108,151964.13,151677.3,C200002499,81469.24,81756.07,0,0
151,TRANSFER,4950.13,C100004530,58773.58,53823.45,C200000085,488112.44,493062.57,0,0
151,TRANSFER,6875.3,C100005561,9965.8,3090.5,C200003094,18967.1,25842.4,0,0
151,TRANSFER,17639.54,C100005674,18418.084302250114,778.54,C200001262,38220.06,55859.6,0,0
151,TRANSFER,1613.3,C100006598,62620.29,61006.99,C200003292,105860.61,107473.91,0,0
151,TRANSFER,3918.2,C100006803,39155.93,35237.73,C200003447,33123.32,37041.52,0,0
152,TRANSFER,2541.49,C100000087,4397.9,1856.41,C200001906,23716.95,26258.44,0,0
152,TRANSFER,1220.16,C100000442,88908.8,87688.64,C200005285,24626.04,25846.2,0,0
152,TRANSFER,209.21,C100000580,29908.63,29699.42,C200002300,43021.68,43230.89,0,0
152,TRANSFER,209.96,C100001217,52941.36,52731.4,C200003161,186500.36,186710.32,0,0
152,TRANSFER,2481.24,C100002803,171845.54,169364.3,C200003748,5288.8,7770.04,0,0
152,TRANSFER,2468.01,C100003880,3762.990047009277,1294.98,C200002678,40041.87,42509.88,0,0
152,TRANSFER,7310.44,C100004860,19136.53,11826.09,C200004523,163769.86,171080.3,0,0
152,TRANSFER,1055.57,C100005167,263377.85,262322.28,C200004414,12884.02,13939.59,0,0
152,TRANSFER,919.45,C100005491,7755.89,6836.44,C200006263,11639.25,12558.7,0,0
153,TRANSFER,2176.99,C100000474,57441.12,55264.13,C200003485,132390.07,134567.06,0,0
153,TRANSFER,1857.2,C100001337,43652.19,41794.99,C200001122,3449.18,5306.38,0,0
153,TRANSFER,2337.31,C100001666,7289.015396041046,4951.71,C200002430,61452.63,63789.94,0,0
153,TRANSFER,2754.08,C100001765,252780.5,250026.42,C200000006,110948.6,113702.68,0,0
153,TRANSFER,7592.67,C100003064,59448.71,51856.04,C200000796,51404.77,58997.44,0,0
153,TRANSFER,6953.71,C100003425,30866.41,23912.7,C200006103,67900.66,74854.37,0,0
153,TRANSFER,1854.61,C100003960,30897.67,29043.06,C200003528,73618.31,75472.92,0,0
153,TRANSFER,6497.48,C100004335,9298.842433505171,2801.36,C200002637,23644.55,30142.03,0,0
153,TRANSFER,6244.81,C100004968,28281.72,22036.91,C200005938,29081.94,35326.75,0,0
153,TRANSFER,1061.42,C100005302,16017.37,14955.95,C200001263,11456.96,12518.38,0,0
153,TRANSFER,3485.46,C100005792,35233.54,31748.08,C200004514,53531.04,57016.5,0,0
153,TRANSFER,9064.79,C100006978,85195.38,76130.59,C200002382,228808.76,237873.55,0,0
154,TRANSFER,426.32,C100001048,12688.57,12262.25,C200002843,75863.79,76290.11,0,0
154,TRANSFER,2336.22,C100001112,58792.94,56456.72,C200000652,66565.55,68901.77,0,0
154,TRANSFER,1813.49,C100001129,30813.72,29000.23,C200001048,35040.27,36853.76,0,0
154,TRANSFER,12564.71,C100002310,125676.14,113111.43,C900008312,21349.22,33913.93,1,0
154,TRANSFER,1328.73,C100002795,224224.73,222896.0,C200002833,94899.78,96228.51,0,0
154,TRANSFER,14519.9,C100003218,16181.618256113334,1661.72,C200003156,27832.57,42352.47,0,0
154,TRANSFER,11442.59,C100004059,15621.62,4179.03,C200000684,14626.4,26068.99,0,0
154,TRANSFER,7872.52,C100004366,30429.78,22557.26,C200005056,78877.52,86750.04,0,0
154,TRANSFER,15332.3,C100004389,29931.04,14598.74,C200004822,12895.83,28228.13,0,0
154,TRANSFER,1197.67,C100004668,30006.1,28808.43,C200003029,5353.55,6551.22,0,0
154,TRANSFER,603.95,C100004814,13438.12,12834.17,C200004529,15908.59,16512.54,0,0
154,TRANSFER,2834.04,C100005652,9492.3,6658.26,C200001410,43976.08,46810.12,0,0
154,TRANSFER,273.9,C100005799,3283.63,3009.73,C200004210,17647.21,17921.11,0,0
154,TRANSFER,3802.1,C100006754,17952.92,14150.82,C200004073,7315.01,11117.11,0,0
155,TRANSFER,2439.85,C100001132,10644.58,8204.73,C200000544,9785.82,12225.67,0,0
155,TRANSFER,642.66,C100001328,161764.15,161121.49,C200001613,14910.27,15552.93,0,0
155,TRANSFER,1333.84,C100001805,14786.49,13452.65,C200002997,7223.2,8557.04,0,0
155,TRANSFER,2378.75,C100003931,70091.75,67713.0,C200004011,3816.06,6194.81,0,0
155,TRANSFER,1237.23,C100004032,14100.02,12862.79,C200004635,44037.34,45274.57,0,0
155,TRANSFER,172.54,C100004426,15888.33,15715.79,C200000306,35667.96,35840.5,0,0
155,TRANSFER,4357.28,C100004775,50174.94,45817.66,C200002275,356667.18,361024.46,0,0
155,TRANSFER,3390.97,C100005072,294291.33,290900.36,C200003754,160451.02,163841.99,0,0
155,TRANSFER,560.94,C100005423,7977.83,7416.89,C200001201,85935.93,86496.87,0,0
155,TRANSFER,1752.79,C100006040,94815.18,93062.39,C200000139,28444.16,30196.95,0,0
155,TRANSFER,4710.74,C100006210,79477.59,74766.85,C200001695,6489.16,11199.9,0,0
155,TRANSFER,231.11,C100006510,164801.68,164570.57,C200000850,45014.28,45245.39,0,0
155,TRANSFER,722.32,C100006606,105840.19,105117.87,C200000168,2024.9,2747.22,0,0
155,TRANSFER,13431.74,C100006754,16091.075331167463,2659.34,C200001161,121389.13,134820.87,0,0
156,TRANSFER,674.09,C100001298,47528.15,46854.06,C200000864,8177.58,8851.67,0,0
156,TRANSFER,9702.64,C100002155,38619.39,28916.75,C200004643,2826.05,12528.69,0,0
156,TRANSFER,924.93,C100003322,6327.39,5402.46,C200004218,8002.13,8927.06,0,0
156,TRANSFER,2250.27,C100003720,7036.510605320933,4786.24,C200002012,37749.63,39999.9,0,0
156,TRANSFER,4048.82,C100003834,36416.35,32367.53,C200001829,54599.02,58647.84,0,0
156,TRANSFER,2580.36,C100003935,15161.3,12580.94,C200000499,26650.31,29230.67,0,0
156,TRANSFER,757.38,C100004206,9026.7,8269.32,C200002022,30479.08,31236.46,0,0
156,TRANSFER,571.15,C100006015,27651.63,27080.48,C200004737,3718.47,4289.62,0,0
156,TRANSFER,4427.34,C100006171,26673.7,22246.36,C200001004,52081.94,56509.28,0,0
157,TRANSFER,8304.51,C100000300,29854.21,21549.7,C200002149,37304.97,45609.48,0,0
157,TRANSFER,358.07,C100001140,30884.52,30526.45,C200004112,58978.16,59336.23,0,0
157,TRANSFER,349.06,C100001634,11703.35,11354.29,C200005134,78234.84,78583.9,0,0
157,TRANSFER,4473.15,C100001693,5236.173618418166,763.02,C200002941,19679.28,24152.43,0,0
157,TRANSFER,2382.73,C100001892,70876.46,68493.73,C200000395,28741.35,31124.08,0,0
157,TRANSFER,4608.22,C100002205,17189.93,12581.71,C200002056,15240.53,19848.75,0,0
157,TRANSFER,1355.52,C100002991,20842.83,19487.31,C200000494,49453.56,50809.08,0,0
157,TRANSFER,5717.38,C100003408,55891.71,50174.33,C200004047,50485.27,56202.65,0,0
157,TRANSFER,1611.82,C100004251,52539.26,50927.44,C200002183,62029.77,63641.59,0,0
157,TRANSFER,2676.87,C100005016,66940.67,64263.8,C200006471,63234.07,65910.94,0,0
157,TRANSFER,26127.29,C100005167,78534.46,52407.17,C200006468,24011.99,50139.28,0,0
157,TRANSFER,3277.69,C100005226,7323.65,4045.96,C200004375,50241.37,53519.06,0,0
157,TRANSFER,784.04,C100005441,34042.03,33257.99,C200000980,8450.05,9234.09,0,0
157,TRANSFER,5610.2,C100005528,160764.31,155154.11,C200003021,21481.96,27092.16,0,0
157,TRANSFER,5617.88,C100005996,21250.58,15632.7,C200004987,96936.53,102554.41,0,0
157,TRANSFER,1839.63,C100006332,21774.16,19934.53,C200003424,99247.11,101086.74,0,0
158,TRANSFER,3033.13,C100000171,57266.51,54233.38,C200000310,13050.49,16083.62,0,0
158,TRANSFER,946.09,C100000421,17866.08,16919.99,C200004392,3361.47,4307.56,0,0
158,TRANSFER,2111.97,C100000448,7675.83,5563.86,C200000142,566340.14,568452.11,0,0
158,TRANSFER,1742.92,C100000477,5934.09,4191.17,C200004327,10611.59,12354.51,0,0
158,TRANSFER,1546.41,C100000890,3262.17,1715.76,C200002483,124660.61,126207.02,0,0
158,TRANSFER,2354.44,C100000928,137302.4,134947.96,C200005217,50482.16,52836.6,0,0
158,TRANSFER,2421.07,C100001213,6105.6,3684.53,C200004102,30822.77,33243.84,0,0
158,TRANSFER,1644.63,C100001518,59046.33,57401.7,C200000157,2199.97,3844.6,0,0
158,TRANSFER,2870.13,C100001776,4915.9,2045.77,C200003262,38889.2,41759.33,0,0
158,TRANSFER,21221.83,C100001885,39653.9,18432.07,C200004186,65759.56,86981.39,0,0
158,TRANSFER,4147.77,C100001959,18827.99,14680.22,C200003266,28253.5,32401.27,0,0
158,TRANSFER,3597.39,C100003653,23318.01,19720.62,C200005514,2230.71,5828.1,0,0
158,TRANSFER,43345.22,C100004033,252812.77,209467.55,C200000746,87533.74,130878.96,0,0
158,TRANSFER,1428.73,C100004314,24405.59,22976.86,C200005880,20193.57,21622.3,0,0
158,TRANSFER,3417.46,C100004337,12418.98,9001.52,C200000078,25429.22,28846.68,0,0
158,TRANSFER,1253.45,C100004405,11977.8,10724.35,C200002565,3564.64,4818.09,0,0
158,TRANSFER,7885.03,C100004485,10372.706015217678,2487.68,C200001193,15607.53,23492.56,0,0
158,TRANSFER,508.98,C100005208,24296.96,23787.98,C200000697,47377.33,47886.31,0,0
158,TRANSFER,2806.59,C100005827,35285.16,32478.57,C200004810,133357.05,136163.64,0,0
158,TRANSFER,620.47,C100006848,91837.25,91216.78,C200003334,5982.35,6602.82,0,0
159,TRANSFER,14601.21,C100000945,14720.987538591879,119.78,C200003783,13496.23,28097.44,0,0
159,TRANSFER,1334.62,C100000959,4624.39,3289.77,C200004285,29614.7,30949.32,0,0
159,TRANSFER,1174.57,C100001133,10682.84,9508.27,C200004426,41642.94,42817.51,0,0
159,TRANSFER,2001.52,C100002403,26537.17,24535.65,C200004382,10377.38,12378.9,0,0
159,TRANSFER,3657.62,C100002806,35270.43,31612.81,C200005294,18773.61,22431.23,0,0
159,TRANSFER,1812.16,C100005815,26658.78,24846.62,C200004764,14269.74,16081.9,0,0
159,TRANSFER,1199.36,C100006549,12301.55,11102.19,C200001343,222842.7,224042.06,0,0
160,TRANSFER,846.83,C100000572,39693.37,38846.54,C200005455,98354.76,99201.59,0,0
160,TRANSFER,4051.78,C100000918,124647.92,120596.14,C200004869,10229.38,14281.16,0,0
160,TRANSFER,5284.01,C100002402,10275.654986995936,4991.64,C200004223,135406.11,140690.12,0,0
160,TRANSFER,10053.3,C100002654,64407.79,54354.49,C200006239,4651.65,14704.95,0,0
160,TRANSFER,2185.58,C100004088,5898.9,3713.32,C200002719,58165.86,60351.44,0,0
160,TRANSFER,3238.26,C100004105,22354.35,19116.09,C200004472,25234.07,28472.33,0,0
160,TRANSFER,4888.66,C100004403,168664.73,163776.07,C200001056,84163.32,89051.98,0,0
160,TRANSFER,4258.68,C100004485,11326.5,7067.82,C200000566,11004.05,15262.73,0,0
160,TRANSFER,1794.2,C100005417,84913.42,83119.22,C200002258,18599.67,20393.87,0,0
160,TRANSFER,2531.51,C100005512,139491.85,136960.34,C200003321,12834.07,15365.58,0,0
160,TRANSFER,28218.53,C100005810,42329.6,14111.07,C200000414,1798.24,30016.77,0,0
160,TRANSFER,5520.37,C100006199,23937.79,18417.42,C200003946,25062.3,30582.67,0,0
160,TRANSFER,1160.12,C100006731,86768.41,85608.29,C200005642,17371.03,18531.15,0,0
161,TRANSFER,703.34,C100000368,6697.65,5994.31,C200001803,112947.15,113650.49,0,0
161,TRANSFER,4473.85,C100000797,7558.00029553274,3084.15,C200000442,6633.94,11107.79,0,0
161,TRANSFER,4616.26,C100001262,509297.95,504681.69,C200001791,18068.47,22684.73,0,0
161,TRANSFER,25859.1,C100001448,102376.85,76517.75,C200002352,34523.5,60382.6,0,0
161,TRANSFER,466.97,C100002141,29319.27,28852.3,C200001519,18303.92,18770.89,0,0
161,TRANSFER,620.21,C100002393,118405.24,117785.03,C200004584,16852.16,17472.37,0,0
161,TRANSFER,412.05,C100002424,47605.34,47193.29,C200002982,15595.8,16007.85,0,0
161,TRANSFER,2028.85,C100002713,8998.62,6969.77,C200000656,6969.89,8998.74,0,0
161,TRANSFER,1393.84,C100002945,5383.079918901623,3989.24,C200005360,41642.25,43036.09,0,0
161,TRANSFER,649.38,C100003389,14056.15,13406.77,C200005170,10553.15,11202.53,0,0
161,TRANSFER,75064.78,C100003580,77663.5848173987,2598.8,C900006469,31294.46,106359.24,1,0
161,TRANSFER,6334.49,C100004070,27247.94,20913.45,C200003990,29179.0,35513.49,0,0
161,TRANSFER,713.61,C100004928,56246.82,55533.21,C200005692,22642.81,23356.42,0,0
161,TRANSFER,1745.44,C100005028,7766.19,6020.75,C200004807,18200.57,19946.01,0,0
161,TRANSFER,8496.76,C100005519,11693.625008472363,3196.87,C200002660,1000000.0,1008496.76,0,0
161,TRANSFER,212.82,C100005567,73348.34,73135.52,C200003054,82985.48,83198.3,0,0
161,TRANSFER,243.99,C100006630,35777.25,35533.26,C200006330,60999.98,61243.97,0,0
161,TRANSFER,4205.75,C100006764,24953.09,20747.34,C200001807,4608.78,8814.53,0,0
161,TRANSFER,56.25,C100006815,20328.54,20272.29,C200001919,18467.01,18523.26,0,0
161,TRANSFER,3465.81,C100006878,7075.93,3610.12,C200001435,26431.2,29897.01,0,0
162,TRANSFER,3111.43,C100000315,4566.11,1454.68,C200002267,88653.3,91764.73,0,0
162,TRANSFER,2248.57,C100000326,10444.07,8195.5,C200001387,3690.92,5939.49,0,0
162,TRANSFER,239.26,C100002791,30221.11,29981.85,C200004631,88475.33,88714.59,0,0
162,TRANSFER,23905.7,C100004191,28668.672411010044,4762.97,C200000776,16384.08,40289.78,0,0
162,TRANSFER,1875.47,C100005312,26003.15,24127.68,C200000381,119504.83,121380.3,0,0
162,TRANSFER,292.27,C100005673,18515.11,18222.84,C200000494,129937.35,130229.62,0,0
162,TRANSFER,997.2,C100005702,38948.8,37951.6,C200004990,12690.67,13687.87,0,0
162,TRANSFER,1146.11,C100005870,104976.01,103829.9,C200003183,57906.02,59052.13,0,0
162,TRANSFER,29730.08,C100006036,58581.09,28851.01,C200004448,70413.95,100144.03,0,0
163,TRANSFER,6476.52,C100000603,40200.75,33724.23,C200006427,27813.65,34290.17,0,0
163,TRANSFER,11519.44,C100002050,30598.31,19078.87,C200005983,32247.51,43766.95,0,0
163,TRANSFER,7568.6,C100002613,48556.16,40987.56,C200002630,24141.52,31710.12,0,0
163,TRANSFER,12231.89,C100003073,27161.37,14929.48,C200000271,163627.33,175859.22,0,0
163,TRANSFER,7147.5,C100004100,81647.61,74500.11,C200001856,6769.76,13917.26,0,0
163,TRANSFER,15170.03,C100005902,123695.26,108525.23,C200004679,281477.24,296647.27,0,0
164,TRANSFER,6301.98,C100001149,10009.229505323863,3707.25,C200002096,46568.63,52870.61,0,0
164,TRANSFER,2083.58,C100001214,120663.29,118579.71,C200001610,64491.18,66574.76,0,0
164,TRANSFER,1496.31,C100001305,17003.15,15506.84,C200001238,16243.12,17739.43,0,0
164,TRANSFER,3552.35,C100002125,18254.31,14701.96,C200006239,22456.29,26008.64,0,0
164,TRANSFER,1621.46,C100002245,4887.59,3266.13,C200003611,11743.16,13364.62,0,0
164,TRANSFER,598.54,C100002483,7963.7,7365.16,C200004222,32929.59,33528.13,0,0
164,TRANSFER,125.97,C100002676,53545.49,53419.52,C200003907,89735.97,89861.94,0,0
164,TRANSFER,6421.69,C100002864,20801.99,14380.3,C200004263,6461.84,12883.53,0,0
164,TRANSFER,9164.16,C100003827,551802.88,542638.72,C200001498,20280.97,29445.13,0,0
164,TRANSFER,2923.3,C100003853,80109.75,77186.45,C200003453,29592.97,32516.27,0,0
164,TRANSFER,17207.2,C100004124,21307.05374457716,4099.85,C200000575,47857.11,65064.31,0,0
164,TRANSFER,920.42,C100005526,4509.79,3589.37,C200004921,69139.62,70060.04,0,0
164,TRANSFER,732.47,C100006374,24595.09,23862.62,C200004145,76546.36,77278.83,0,0
165,TRANSFER,433.26,C100000365,26522.92,26089.66,C200004730,51113.88,51547.14,0,0
165,TRANSFER,3198.17,C100001878,92721.18,89523.01,C200005082,33511.34,36709.51,0,0
165,TRANSFER,115.74,C100001935,8122.91,8007.17,C200000061,46488.96,46604.7,0,0
165,TRANSFER,1992.72,C100002813,81715.76,79723.04,C200004314,307975.75,309968.47,0,0
165,TRANSFER,1732.62,C100003073,17913.27,16180.65,C200003323,40339.2,42071.82,0,0
165,TRANSFER,627.36,C100003850,38049.46,37422.1,C200000637,75367.98,75995.34,0,0
165,TRANSFER,6660.3,C100004840,38465.73,31805.43,C200003580,58827.27,65487.57,0,0
165,TRANSFER,1930.26,C100004990,36971.54,35041.28,C200005307,18152.27,20082.53,0,0
165,TRANSFER,820.61,C100005224,190899.31,190078.7,C200001354,6316.66,7137.27,0,0
165,TRANSFER,2442.09,C100005375,13979.03,11536.94,C200003840,14948.04,17390.13,0,0
165,TRANSFER,972.67,C100006632,34125.88,33153.21,C200003513,10381.83,11354.5,0,0
166,TRANSFER,4302.9,C100000063,33948.24,29645.34,C200005065,9965.54,14268.44,0,0
166,TRANSFER,3230.66,C100000578,50929.44,47698.78,C200004399,85193.69,88424.35,0,0
166,TRANSFER,14347.24,C100003858,17551.027707390436,3203.79,C200003419,13494.17,27841.41,0,0
166,TRANSFER,389.33,C100003949,6271.89,5882.56,C200004304,24349.61,24738.94,0,0
166,TRANSFER,5488.33,C100004847,29395.24,23906.91,C200005921,119590.91,125079.24,0,0
166,TRANSFER,905.09,C100004981,27140.42,26235.33,C200002171,176440.59,177345.68,0,0
166,TRANSFER,9223.7,C100005878,10415.549516196994,1191.85,C200005200,10937.17,20160.87,0,0
167,TRANSFER,496.8,C100000036,57323.1,56826.3,C200004470,32684.26,33181.06,0,0
167,TRANSFER,4468.6,C100000295,98387.46,93918.86,C200001299,14198.99,18667.59,0,0
167,TRANSFER,3563.94,C100001342,281635.64,278071.7,C200005523,84566.25,88130.19,0,0
167,TRANSFER,475.75,C100001482,15514.04,15038.29,C200006221,17971.02,18446.77,0,0
167,TRANSFER,3127.54,C100002004,50202.63,47075.09,C200004073,69138.28,72265.82,0,0
167,TRANSFER,1692.41,C100003122,3990.81,2298.4,C200001134,2297.64,3990.05,0,0
167,TRANSFER,2294.92,C100003269,10962.32,8667.4,C200000261,10690.7,12985.62,0,0
167,TRANSFER,2136.05,C100003683,62493.69,60357.64,C200005423,18466.86,20602.91,0,0
167,TRANSFER,1635.66,C100004627,17835.05,16199.39,C200002791,41516.49,43152.15,0,0
167,TRANSFER,409.76,C100004780,27382.25,26972.49,C200002298,7517.48,7927.24,0,0
167,TRANSFER,1531.76,C100005094,17954.81,16423.05,C200005643,45570.86,47102.62,0,0
167,TRANSFER,1753.33,C100005157,9290.72,7537.39,C200000034,46380.63,48133.96,0,0
167,TRANSFER,1562.34,C100005511,12494.84,10932.5,C200001420,54043.91,55606.25,0,0
167,TRANSFER,908.09,C100006277,7423.82,6515.73,C200004094,54786.43,55694.52,0,0
168,TRANSFER,1685.23,C100000159,20197.66,18512.43,C200002282,13121.26,14806.49,0,0
168,TRANSFER,157.4,C100001112,4663.39,4505.99,C200004877,159889.16,160046.56,0,0
168,TRANSFER,4367.74,C100001563,13156.23,8788.49,C200001486,16550.25,20917.99,0,0
168,TRANSFER,2190.88,C100002048,116318.44,114127.56,C200001105,19197.05,21387.93,0,0
168,TRANSFER,352.24,C100002050,52530.82,52178.58,C200005342,76401.53,76753.77,0,0
168,TRANSFER,2410.26,C100002529,18837.37,16427.11,C200005617,133751.05,136161.31,0,0
168,TRANSFER,515.54,C100002702,24995.08,24479.54,C200002348,24006.77,24522.31,0,0
168,TRANSFER,3484.4,C100002765,20113.92,16629.52,C200003202,72565.86,76050.26,0,0
168,TRANSFER,292.48,C100003378,59594.4,59301.92,C200003264,171786.04,172078.52,0,0
168,TRANSFER,3311.69,C100005415,27217.33,23905.64,C200003329,20107.33,23419.02,0,0
168,TRANSFER,2086.7,C100005889,95359.5,93272.8,C200003222,12923.96,15010.66,0,0
168,TRANSFER,3399.41,C100006640,9481.76,6082.35,C200006296,56988.0,60387.41,0,0
168,TRANSFER,4259.14,C100006870,7823.818537557622,3564.68,C200003776,53334.57,57593.71,0,0
169,TRANSFER,783.42,C100000501,89418.92,88635.5,C200005707,32629.2,33412.62,0,0
169,TRANSFER,992.88,C100001000,8094.62,7101.74,C200004143,39461.21,40454.09,0,0
169,TRANSFER,66679.49,C100001810,71522.13117741425,4842.64,C200006035,300294.43,366973.92,1,0
169,TRANSFER,8513.16,C100001830,73123.92,64610.76,C900004945,19299.21,27812.37,1,0
169,TRANSFER,78264.61,C100002279,79323.87902716412,1059.27,C900002259,21254.06,99518.67,1,0
169,TRANSFER,1324.18,C100003067,4571.06,3246.88,C200001063,13089.35,14413.53,0,0
169,TRANSFER,391.34,C100003075,48872.22,48480.88,C200001740,14692.06,15083.4,0,0
169,TRANSFER,1787.49,C100004232,30371.98,28584.49,C200005161,16002.5,17789.99,0,0
169,TRANSFER,3559.64,C100004505,36334.05,32774.41,C200006182,40110.8,43670.44,0,0
169,TRANSFER,2260.49,C100004547,30756.86,28496.37,C200005181,44145.04,46405.53,0,0
169,TRANSFER,6012.46,C100005137,8942.45,2929.99,C200003142,105173.72,111186.18,0,0
169,TRANSFER,257.08,C100005926,92167.99,91910.91,C200002057,52407.64,52664.72,0,0
169,TRANSFER,2597.75,C100006116,47680.64,45082.89,C200000315,9376.96,11974.71,0,0
169,TRANSFER,4233.2,C100006526,159137.64,154904.44,C200002530,74518.44,78751.64,0,0
169,TRANSFER,10760.69,C100006628,154386.34,143625.65,C200000730,74939.56,85700.25,0,0
170,TRANSFER,2163.79,C100000748,13380.73,11216.94,C200000066,2819.51,4983.3,0,0
170,TRANSFER,130.0,C100001983,6146.23,6016.23,C200000221,20939.52,21069.52,0,0
170,TRANSFER,2623.44,C100002276,8482.82,5859.38,C200004142,25629.59,28253.03,0,0
170,TRANSFER,3554.48,C100003728,4775.034793865585,1220.55,C200005436,3876.74,7431.22,0,0
170,TRANSFER,1315.46,C100004145,82882.94,81567.48,C200002772,18018.98,19334.44,0,0
170,TRANSFER,217.39,C100004265,34785.28,34567.89,C200004143,8750.96,8968.35,0,0
170,TRANSFER,22812.99,C100004835,43347.83,20534.84,C200000025,4618.56,27431.55,0,0
170,TRANSFER,2344.71,C100004937,164598.23,162253.52,C200001603,8106.1,10450.81,0,0
170,TRANSFER,1194.3,C100005073,20623.51,19429.21,C200002488,771532.25,772726.55,0,0
170,TRANSFER,785.17,C100005203,8354.04,7568.87,C200005345,9816.77,10601.94,0,0
170,TRANSFER,851.54,C100005554,24506.26,23654.72,C200005857,11985.39,12836.93,0,0
170,TRANSFER,651.99,C100006266,101908.56,101256.57,C200000656,25685.59,26337.58,0,0
170,TRANSFER,1369.99,C100006445,33871.45,32501.46,C200004403,1683.98,3053.97,0,0
170,TRANSFER,11154.5,C100006768,289419.91,278265.41,C900001933,5151.78,16306.28,1,0
171,TRANSFER,2829.67,C100000237,19892.17,17062.5,C200002026,97043.7,99873.37,0,0
171,TRANSFER,66058.6,C100001201,92026.45,25967.85,C200004181,159147.23,225205.83,0,0
171,TRANSFER,974.52,C100001254,15099.33,14124.81,C200000738,150188.27,151162.79,0,0
171,TRANSFER,4319.02,C100002248,10071.6,5752.58,C200004874,2472.03,6791.05,0,0
171,TRANSFER,913.54,C100002519,28205.1,27291.56,C200004404,24713.5,25627.04,0,0
171,TRANSFER,4913.16,C100005523,63373.02,58459.86,C200002318,101367.16,106280.32,0,0
171,TRANSFER,1696.85,C100006036,29123.29,27426.44,C200001575,11066.73,12763.58,0,0
171,TRANSFER,753.42,C100006237,47290.14,46536.72,C200004474,36255.1,37008.52,0,0
171,TRANSFER,21531.14,C100006327,23641.922212867143,2110.78,C200005848,10098.79,31629.93,0,0
171,TRANSFER,4130.97,C100006784,9819.8,5688.83,C200001050,4714.73,8845.7,0,0
172,TRANSFER,746.04,C100000221,57307.36,56561.32,C200004900,7569.77,8315.81,0,0
172,TRANSFER,3707.67,C100000405,252069.28,248361.61,C200002255,17660.67,21368.34,0,0
172,TRANSFER,4544.84,C100000537,101232.63,96687.79,C200001686,10492.33,15037.17,0,0
172,TRANSFER,5221.47,C100000605,41017.21,35795.74,C200001201,13405.96,18627.43,0,0
172,TRANSFER,20716.16,C100000866,21225.693787655964,509.53,C200002341,38877.8,59593.96,0,0
172,TRANSFER,5557.33,C100001627,21243.16,15685.83,C200006349,28454.37,34011.7,0,0
172,TRANSFER,5346.2,C100002019,36260.88,30914.68,C200002300,216172.21,221518.41,0,0
172,TRANSFER,401.04,C100002360,41510.52,41109.48,C200004012,7188.26,7589.3,0,0
172,TRANSFER,483.68,C100002402,16111.31,15627.63,C200000765,8665.86,9149.54,0,0
172,TRANSFER,3048.9,C100002626,13119.31,10070.41,C200005694,50571.13,53620.03,0,0
172,TRANSFER,17816.22,C100002635,22085.516830910703,4269.3,C200005742,3318.06,21134.28,0,0
172,TRANSFER,2358.87,C100002836,106217.47,103858.6,C200004734,14340.91,16699.78,0,0
172,TRANSFER,841.66,C100003477,17523.44,16681.78,C200005869,108034.79,108876.45,0,0
172,TRANSFER,5904.16,C100005243,92080.11,86175.95,C200002150,9915.21,15819.37,0,0
172,TRANSFER,2222.46,C100005395,22549.07,20326.61,C200004875,38146.02,40368.48,0,0
172,TRANSFER,1329.41,C100006298,66282.29,64952.88,C200005436,25364.16,26693.57,0,0
173,TRANSFER,7778.04,C100001460,70108.45,62330.41,C200002386,4818.83,12596.87,0,0
173,TRANSFER,5398.19,C100003308,53376.85,47978.66,C200001951,61395.43,66793.62,0,0
173,TRANSFER,19679.53,C100003908,24416.58354346293,4737.05,C200000870,8960.97,28640.5,0,0
173,TRANSFER,1126.49,C100004033,41946.59,40820.1,C200005146,20089.48,21215.97,0,0
173,TRANSFER,1253.77,C100004477,5011.14,3757.37,C200000618,14294.79,15548.56,0,0
173,TRANSFER,999.62,C100004584,117777.01,116777.39,C200004422,606133.46,607133.08,0,0
173,TRANSFER,20887.58,C100006655,25823.49629023255,4935.92,C200003849,7819.21,28706.79,0,0
173,TRANSFER,1950.76,C100006784,4419.653525161183,2468.89,C200006387,2379.18,4329.94,0,0
173,TRANSFER,733.88,C100006787,33226.82,32492.94,C200003462,47408.19,48142.07,0,0
173,TRANSFER,11812.92,C100006968,36908.65,25095.73,C200006075,111134.5,122947.42,0,0
174,TRANSFER,2851.59,C100000377,102113.44,99261.85,C200001592,35187.57,38039.16,0,0
174,TRANSFER,6128.91,C100000959,9870.00290638308,3741.09,C200000154,4828.82,10957.73,0,0
174,TRANSFER,13531.1,C100001489,16948.636142951935,3417.54,C200000610,10706.33,24237.43,0,0
174,TRANSFER,2023.96,C100001931,16130.34,14106.38,C200003880,73178.33,75202.29,0,0
174,TRANSFER,209.23,C100002115,19147.24,18938.01,C200002278,47211.66,47420.89,0,0
174,TRANSFER,20434.26,C100002364,23528.270155772927,3094.01,C200002611,50974.08,71408.34,0,0
174,TRANSFER,6060.98,C100003227,10790.157824542219,4729.18,C200001591,27984.39,34045.37,0,0
174,TRANSFER,1385.98,C100003430,5842.229012976999,4456.25,C200000296,184247.72,185633.7,0,0
174,TRANSFER,1206.5,C100003519,27295.43,26088.93,C200000521,27476.52,28683.02,0,0
174,TRANSFER,870.08,C100003567,20288.81,19418.73,C200001097,91963.63,92833.71,0,0
174,TRANSFER,627.22,C100003592,9832.96,9205.74,C200003522,2838.4,3465.62,0,0
174,TRANSFER,1811.28,C100003928,547337.07,545525.79,C200000796,6214.45,8025.73,0,0
174,TRANSFER,2450.02,C100004397,31184.72,28734.7,C200005152,80134.81,82584.83,0,0
174,TRANSFER,3562.11,C100004625,14503.36,10941.25,C200004326,38742.15,42304.26,0,0
174,TRANSFER,1061.3,C100005455,60949.19,59887.89,C200000432,24624.37,25685.67,0,0
174,TRANSFER,562.32,C100006715,310270.16,309707.84,C200004468,5491.58,6053.9,0,0
175,TRANSFER,3929.46,C100000383,301179.87,297250.41,C200003367,14042.38,17971.84,0,0
175,TRANSFER,476.82,C100000789,61755.55,61278.73,C200000172,15784.54,16261.36,0,0
175,TRANSFER,9284.47,C100001430,33252.61,23968.14,C200006113,13216.46,22500.93,0,0
175,TRANSFER,273.91,C100001586,45878.05,45604.14,C200004315,67452.58,67726.49,0,0
175,TRANSFER,707.13,C100001744,123027.87,122320.74,C200001574,69662.71,70369.84,0,0
175,TRANSFER,4055.87,C100001913,32357.45,28301.58,C200001842,9987.38,14043.25,0,0
175,TRANSFER,1462.21,C100001973,128858.58,127396.37,C200004339,27230.87,28693.08,0,0
175,TRANSFER,190.9,C100002273,82081.03,81890.13,C200003192,17500.06,17690.96,0,0
175,TRANSFER,12290.4,C100003225,63212.33,50921.93,C200005956,9412.75,21703.15,0,0
175,TRANSFER,2175.32,C100003735,60215.37,58040.05,C200001807,53697.98,55873.3,0,0
175,TRANSFER,1968.67,C100003861,121226.19,119257.52,C200001432,191615.15,193583.82,0,0
175,TRANSFER,891.68,C100004493,9631.88,8740.2,C200001573,35028.39,35920.07,0,0
175,TRANSFER,5632.2,C100004815,114124.8,108492.6,C200000605,76576.99,82209.19,0,0
175,TRANSFER,1736.3,C100005056,104193.09,102456.79,C200005823,17053.5,18789.8,0,0
175,TRANSFER,468.03,C100005133,64404.42,63936.39,C200005197,12775.8,13243.83,0,0
175,TRANSFER,16360.13,C100006474,18678.288072409272,2318.16,C200001071,17945.8,34305.93,0,0
176,TRANSFER,9804.82,C100000013,228324.06,218519.24,C200004763,26751.6,36556.42,0,0
176,TRANSFER,547.94,C100000040,201502.11,200954.17,C200004744,16100.48,16648.42,0,0
176,TRANSFER,9862.49,C100000440,99894.07,90031.58,C200003557,2780.18,12642.67,0,0
176,TRANSFER,1312.9,C100001100,104497.62,103184.72,C200001020,115436.72,116749.62,0,0
176,TRANSFER,5524.12,C100001210,8583.0,3058.88,C200000170,23055.4,28579.52,0,0
176,TRANSFER,1244.21,C100001252,26158.87,24914.66,C200005441,3314.86,4559.07,0,0
176,TRANSFER,3272.27,C100001298,76773.17,73500.9,C200001625,69728.72,73000.99,0,0
176,TRANSFER,1162.45,C100001397,6679.98,5517.53,C200005127,19743.31,20905.76,0,0
176,TRANSFER,4572.7,C100001517,13568.85,8996.15,C200002042,47984.63,52557.33,0,0
176,TRANSFER,1796.71,C100003430,118974.32,117177.61,C200005220,16065.34,17862.05,0,0
176,TRANSFER,753.97,C100003564,222419.12,221665.15,C200005786,4576.7,5330.67,0,0
176,TRANSFER,1163.68,C100004043,111989.7,110826.02,C200000997,10883.64,12047.32,0,0
176,TRANSFER,2574.55,C100004093,120057.9,117483.35,C200001310,20617.46,23192.01,0,0
176,TRANSFER,2942.79,C100005294,7680.79,4738.0,C200004756,8639.38,11582.17,0,0
176,TRANSFER,2427.4,C100005358,3824.68,1397.28,C200003720,79470.45,81897.85,0,0
176,TRANSFER,10463.65,C100005828,289933.49,279469.84,C200000008,19859.67,30323.32,0,0
176,TRANSFER,16222.67,C100005841,20981.15,4758.48,C200006139,131279.0,147501.67,0,0
176,TRANSFER,1205.12,C100006325,69672.62,68467.5,C200006064,28126.07,29331.19,0,0
176,TRANSFER,834.51,C100006667,40789.68,39955.17,C200001617,7663.27,8497.78,0,0
177,TRANSFER,4129.37,C100000424,24173.91,20044.54,C200004225,1955.0,6084.37,0,0
177,TRANSFER,7297.86,C100000503,103256.86,95959.0,C200003624,36719.76,44017.62,0,0
177,TRANSFER,978.59,C100000566,683755.16,682776.57,C200005040,14633.64,15612.23,0,0
177,TRANSFER,15504.04,C100000932,18432.796434706772,2928.76,C200005544,9736.76,25240.8,0,0
177,TRANSFER,6600.99,C100001282,46055.59,39454.6,C200006272,86137.52,92738.51,0,0
177,TRANSFER,314.82,C100002456,18398.07,18083.25,C200005391,7518.84,7833.66,0,0
177,TRANSFER,1028.92,C100002551,48181.08,47152.16,C200001023,25144.1,26173.02,0,0
177,TRANSFER,7312.14,C100002768,11741.579094631019,4429.44,C200001280,28248.46,35560.6,0,0
177,TRANSFER,10811.28,C100003292,26282.06,15470.78,C200002873,318877.26,329688.54,0,0
177,TRANSFER,6948.08,C100003415,26237.84,19289.76,C200005573,9179.38,16127.46,0,0
177,TRANSFER,680.59,C100004100,3733.462512451836,3052.87,C200006398,42259.38,42939.97,0,0
177,TRANSFER,650.59,C100004860,23092.83,22442.24,C200004328,24842.87,25493.46,0,0
177,TRANSFER,3266.66,C100005020,142680.57,139413.91,C200001300,36998.45,40265.11,0,0
177,TRANSFER,615.83,C100005382,16210.26,15594.43,C200005832,730261.67,730877.5,0,0
177,TRANSFER,3206.88,C100006671,7102.04,3895.16,C200001548,14652.12,17859.0,0,0
178,TRANSFER,766.64,C100000891,12838.88,12072.24,C200006065,26852.93,27619.57,0,0
178,TRANSFER,3232.67,C100001007,11494.88,8262.21,C200004773,7853.14,11085.81,0,0
178,TRANSFER,3406.3,C100001623,8454.91,5048.61,C200002268,24603.98,28010.28,0,0
178,TRANSFER,2889.26,C100001706,138323.46,135434.2,C200001736,4704.52,7593.78,0,0
178,TRANSFER,1709.41,C100001936,62528.03,60818.62,C200000446,38807.97,40517.38,0,0
178,TRANSFER,1792.77,C100003139,36103.75,34310.98,C200005675,20862.26,22655.03,0,0
178,TRANSFER,3055.88,C100003189,35321.41,32265.53,C200004678,3079.06,6134.94,0,0
178,TRANSFER,3145.77,C100003438,4235.44,1089.67,C200002686,17529.59,20675.36,0,0
178,TRANSFER,7671.05,C100003640,76320.58,68649.53,C200004617,25508.17,33179.22,0,0
178,TRANSFER,1336.76,C100004140,17072.99,15736.23,C200002054,48641.4,49978.16,0,0
178,TRANSFER,4811.07,C100004336,39116.93,34305.86,C200000967,135471.18,140282.25,0,0
178,TRANSFER,743.34,C100004732,46606.35,45863.01,C200004760,70200.09,70943.43,0,0
178,TRANSFER,2592.9,C100004903,6512.5114965149505,3919.61,C200005696,7436.79,10029.69,0,0
178,TRANSFER,688.69,C100005406,15015.39,14326.7,C200003167,12327.34,13016.03,0,0
178,TRANSFER,1547.84,C100005941,5450.19,3902.35,C200001693,52088.82,53636.66,0,0
178,TRANSFER,626.78,C100006172,321500.36,320873.58,C200002718,67732.52,68359.3,0,0
178,TRANSFER,5350.97,C100006366,21028.29,15677.32,C200002732,35112.12,40463.09,0,0
179,TRANSFER,3089.81,C100000456,41969.09,38879.28,C200002002,235372.69,238462.5,0,0
179,TRANSFER,2483.89,C100001145,10004.06,7520.17,C200005899,42852.57,45336.46,0,0
179,TRANSFER,4331.42,C100001364,19248.61,14917.19,C200006262,260240.73,264572.15,0,0
179,TRANSFER,626.18,C100002218,25872.05,25245.87,C200002811,6487.94,7114.12,0,0
179,TRANSFER,5288.84,C100002648,22089.63,16800.79,C200004292,7573.51,12862.35,0,0
179,TRANSFER,7382.54,C100002876,12868.95,5486.41,C200001322,30247.84,37630.38,0,0
179,TRANSFER,1001.22,C100003051,12180.46,11179.24,C200002154,131800.2,132801.42,0,0
179,TRANSFER,11498.79,C100003059,36339.37,24840.58,C200002364,218986.48,230485.27,0,0
179,TRANSFER,3735.1,C100003306,135368.66,131633.56,C200005671,172273.96,176009.06,0,0
179,TRANSFER,1595.31,C100004310,33489.24,31893.93,C200004681,34848.02,36443.33,0,0
179,TRANSFER,871.32,C100005182,21128.02,20256.7,C200001335,2631.48,3502.8,0,0
179,TRANSFER,1888.17,C100005193,497307.26,495419.09,C200001821,10679.61,12567.78,0,0
179,TRANSFER,1706.85,C100005616,120970.68,119263.83,C200002085,128303.79,130010.64,0,0
179,TRANSFER,271.64,C100005707,47399.84,47128.2,C200006242,54714.4,54986.04,0,0
180,TRANSFER,6811.34,C100001542,10223.98454588129,3412.64,C200004865,14996.48,21807.82,0,0
180,TRANSFER,695.51,C100002125,23459.48,22763.97,C200002669,31366.22,32061.73,0,0
180,TRANSFER,2534.05,C100002901,24456.0,21921.95,C200001600,74019.42,76553.47,0,0
180,TRANSFER,2835.94,C100003517,9447.15,6611.21,C200000571,13114.94,15950.88,0,0
180,TRANSFER,364.8,C100003523,29706.51,29341.71,C200003178,21698.33,22063.13,0,0
180,TRANSFER,1736.33,C100004289,12535.13,10798.8,C200004761,8563.8,10300.13,0,0
180,TRANSFER,5165.72,C100004687,8832.733256181207,3667.01,C200005950,14442.39,19608.11,0,0
180,TRANSFER,3370.28,C100004709,74166.25,70795.97,C200006341,112004.41,115374.69,0,0
180,TRANSFER,1089.9,C100005152,6139.68,5049.78,C200005349,49231.7,50321.6,0,0
180,TRANSFER,3411.3,C100005167,54592.14,51180.84,C200005418,40165.94,43577.24,0,0
180,TRANSFER,948.45,C100005270,10965.62,10017.17,C200003954,4010.76,4959.21,0,0
180,TRANSFER,968.22,C100005688,11326.26,10358.04,C200001116,21695.96,22664.18,0,0
181,TRANSFER,1119.73,C100001146,370911.43,369791.7,C200005123,30306.61,31426.34,0,0
181,TRANSFER,2782.21,C100002473,42374.48,39592.27,C200002877,2433.41,5215.62,0,0
181,TRANSFER,1882.48,C100002756,6754.82,4872.34,C200004829,85834.53,87717.01,0,0
181,TRANSFER,10158.67,C100002809,52865.04,42706.37,C200003287,10780.53,20939.2,0,0
181,TRANSFER,225.54,C100004832,29111.58,28886.04,C200003815,28381.78,28607.32,0,0
181,TRANSFER,3065.5,C100004962,20592.78,17527.28,C200003386,6091.81,9157.31,0,0
181,TRANSFER,680.98,C100005561,4112.929552391472,3431.95,C200000050,7767.7,8448.68,0,0
181,TRANSFER,3245.43,C100005832,16098.74,12853.31,C200006400,65823.19,69068.62,0,0
181,TRANSFER,7483.61,C100006233,30397.07,22913.46,C200002635,19262.06,26745.67,0,0
182,TRANSFER,980.83,C100000146,32283.87,31303.04,C200006108,6821.48,7802.31,0,0
182,TRANSFER,3503.74,C100000695,126531.31,123027.57,C200001530,11210.93,14714.67,0,0
182,TRANSFER,1592.21,C100000915,34138.99,32546.78,C200003289,23817.61,25409.82,0,0
182,TRANSFER,962.92,C100001436,20202.58,19239.66,C200005576,32013.47,32976.39,0,0
182,TRANSFER,6578.67,C100001526,105011.45,98432.78,C200000071,646762.13,653340.8,0,0
182,TRANSFER,2598.58,C100002136,5064.88,2466.3,C200000661,14565.82,17164.4,0,0
182,TRANSFER,2983.91,C100002304,6538.82,3554.91,C200004547,10114.1,13098.01,0,0
182,TRANSFER,326.54,C100004232,41399.8,41073.26,C200004185,9952.2,10278.74,0,0
182,TRANSFER,1669.27,C100004281,177170.82,175501.55,C200001222,6465.82,8135.09,0,0
182,TRANSFER,4388.42,C100004566,40209.37,35820.95,C200000094,2946.42,7334.84,0,0
182,TRANSFER,4935.85,C100005261,20373.71,15437.86,C200005374,12699.64,17635.49,0,0
182,TRANSFER,1580.78,C100005680,8642.44,7061.66,C200006422,512848.69,514429.47,0,0
182,TRANSFER,409.37,C100006368,10203.88,9794.51,C200002664,172445.58,172854.95,0,0
182,TRANSFER,3998.91,C100006570,17426.95,13428.04,C200002286,7104.85,11103.76,0,0
182,TRANSFER,7413.75,C100006705,33539.52,26125.77,C200001345,79939.33,87353.08,0,0
182,TRANSFER,1530.95,C100006858,11994.21,10463.26,C200001904,37697.48,39228.43,0,0
183,TRANSFER,734.02,C100000766,190571.87,189837.85,C200006068,75966.35,76700.37,0,0
183,TRANSFER,336.27,C100001280,93460.71,93124.44,C200004932,6908.29,7244.56,0,0
183,TRANSFER,686.66,C100001395,256051.08,255364.42,C200004537,62857.93,63544.59,0,0
183,TRANSFER,4544.64,C100001797,580357.44,575812.8,C200003585,19213.78,23758.42,0,0
183,TRANSFER,4222.29,C100002050,147865.03,143642.74,C200006149,624233.44,628455.73,0,0
183,TRANSFER,47954.84,C100002110,113863.78,65908.94,C200003051,12839.15,60793.99,0,0
183,TRANSFER,1018.26,C100003518,29346.39,28328.13,C200006119,7074.32,8092.58,0,0
183,TRANSFER,2375.0,C100003697,9291.1,6916.1,C200005790,11896.12,14271.12,0,0
183,TRANSFER,707.86,C100003906,27660.64,26952.78,C200004997,10699.71,11407.57,0,0
183,TRANSFER,1306.4,C100003959,7683.33,6376.93,C200002443,17299.31,18605.71,0,0
183,TRANSFER,2696.62,C100004028,57212.67,54516.05,C200003512,89342.74,92039.36,0,0
183,TRANSFER,3368.35,C100004193,94790.61,91422.26,C200006003,43245.25,46613.6,0,0
183,TRANSFER,1207.91,C100004342,67224.83,66016.92,C200005447,51194.08,52401.99,0,0
183,TRANSFER,1274.07,C100004878,24410.37,23136.3,C200006235,55221.75,56495.82,0,0
183,TRANSFER,12851.85,C100004936,15566.710601591216,2714.86,C200005841,5011.55,17863.4,0,0
183,TRANSFER,1339.82,C100005153,20440.45,19100.63,C200004556,47322.71,48662.53,0,0
183,TRANSFER,1721.89,C100005691,60404.93,58683.04,C200006482,27386.74,29108.63,0,0
184,TRANSFER,2317.36,C100000082,28578.55,26261.19,C200002686,19167.54,21484.9,0,0
184,TRANSFER,7317.41,C100001044,11855.776827554657,4538.37,C200002423,3910.14,11227.55,0,0
184,TRANSFER,7366.51,C100002166,20022.72,12656.21,C200000204,264702.97,272069.48,0,0
184,TRANSFER,2864.42,C100003469,230694.0,227829.58,C200000784,40165.25,43029.67,0,0
184,TRANSFER,1146.4,C100003847,31795.64,30649.24,C200003425,32986.97,34133.37,0,0
184,TRANSFER,1473.97,C100004012,58881.18,57407.21,C200004581,16980.22,18454.19,0,0
184,TRANSFER,3235.68,C100005058,12031.94,8796.26,C200004175,22592.24,25827.92,0,0
184,TRANSFER,2573.64,C100005298,6823.250349545409,4249.61,C200005542,60435.64,63009.28,0,0
184,TRANSFER,1667.54,C100005382,82488.11,80820.57,C200002706,62545.06,64212.6,0,0
184,TRANSFER,1187.69,C100006122,1634.037472921468,446.35,C200000241,2790.58,3978.27,0,0
184,TRANSFER,3440.55,C100006366,11960.54,8519.99,C200001367,51998.41,55438.96,0,0
185,TRANSFER,14247.22,C100000209,15660.51273718574,1413.29,C200004468,79219.84,93467.06,0,0
185,TRANSFER,620.2,C100000247,13422.48,12802.28,C200000711,82921.04,83541.24,0,0
185,TRANSFER,10368.24,C100000349,153149.75,142781.51,C200006342,35461.94,45830.18,0,0
185,TRANSFER,2690.5,C100000416,199003.55,196313.05,C200005225,14444.68,17135.18,0,0
185,TRANSFER,4440.96,C100000954,7851.95,3410.99,C200002356,23960.12,28401.08,0,0
185,TRANSFER,1026.97,C100001442,17845.22,16818.25,C200003238,14527.92,15554.89,0,0
185,TRANSFER,27843.56,C100002452,75121.85,47278.29,C200000185,8090.73,35934.29,0,0
185,TRANSFER,9103.5,C100002672,17182.42,8078.92,C200003798,24416.86,33520.36,0,0
185,TRANSFER,5601.19,C100002787,10141.689333560873,4540.5,C200004894,85644.03,91245.22,0,0
185,TRANSFER,2540.27,C100002808,12424.03,9883.76,C200004063,49986.52,52526.79,0,0
185,TRANSFER,5762.88,C100003329,176391.45,170628.57,C200004368,192037.34,197800.22,0,0
185,TRANSFER,3653.38,C100003895,19463.77,15810.39,C200001221,27912.26,31565.64,0,0
185,TRANSFER,3689.47,C100004182,19727.74,16038.27,C200001693,10838.11,14527.58,0,0
185,TRANSFER,484.09,C100004343,29904.52,29420.43,C200005887,7598.86,8082.95,0,0
185,TRANSFER,2468.9,C100004345,97014.33,94545.43,C200005052,7296.62,9765.52,0,0
185,TRANSFER,4735.01,C100005713,6199.821202103362,1464.81,C200005280,23810.87,28545.88,0,0
185,TRANSFER,3881.49,C100005844,94497.89,90616.4,C200003303,17875.09,21756.58,0,0
185,TRANSFER,7228.64,C100005888,187390.46,180161.82,C200000393,9328.34,16556.98,0,0
185,TRANSFER,2425.78,C100006298,173343.38,170917.6,C200001264,9264.66,11690.44,0,0
186,TRANSFER,1354.91,C100000292,21456.75,20101.84,C200006477,11922.48,13277.39,0,0
186,TRANSFER,6283.92,C100000618,90801.45,84517.53,C200000438,62202.1,68486.02,0,0
186,TRANSFER,3814.84,C100001090,107522.02,103707.18,C200001091,8543.89,12358.73,0,0
186,TRANSFER,492.18,C100002020,77818.04,77325.86,C200000618,24872.44,25364.62,0,0
186,TRANSFER,1088.04,C100002301,89634.93,88546.89,C200002477,19293.44,20381.48,0,0
186,TRANSFER,3788.06,C100002727,93895.12,90107.06,C200006057,5615.95,9404.01,0,0
186,TRANSFER,1548.7,C100003785,8465.07,6916.37,C200006363,25996.38,27545.08,0,0
186,TRANSFER,1081.55,C100004532,4745.15,3663.6,C200003396,111605.84,112687.39,0,0
186,TRANSFER,2974.54,C100005199,41604.97,38630.43,C200003065,11079.24,14053.78,0,0
186,TRANSFER,5627.72,C100005513,51444.35,45816.63,C200003578,14599.45,20227.17,0,0
186,TRANSFER,3472.38,C100006303,40642.76,37170.38,C200000073,11354.1,14826.48,0,0
186,TRANSFER,6838.93,C100006365,30733.98,23895.05,C200001785,2779.25,9618.18,0,0
186,TRANSFER,1968.23,C100006803,210341.17,208372.94,C200003736,16610.22,18578.45,0,0
187,TRANSFER,919.29,C100000098,33325.17,32405.88,C200003058,3927.58,4846.87,0,0
187,TRANSFER,168.87,C100001315,35271.0,35102.13,C200001402,4234.66,4403.53,0,0
187,TRANSFER,3924.21,C100001367,66095.83,62171.62,C200001349,132082.3,136006.51,0,0
187,TRANSFER,666.28,C100001653,20595.81,19929.53,C200001873,55763.59,56429.87,0,0
187,TRANSFER,4858.51,C100003490,9163.793075672324,4305.28,C200002777,128647.44,133505.95,0,0
187,TRANSFER,1979.96,C100004992,9204.47,7224.51,C200002334,9375.0,11354.96,0,0
187,TRANSFER,324.78,C100005374,67565.88,67241.1,C200004896,3189.01,3513.79,0,0
187,TRANSFER,948.17,C100005510,33470.2,32522.03,C200004275,66451.24,67399.41,0,0
187,TRANSFER,451.54,C100006559,15002.6,14551.06,C200003922,10135.24,10586.78,0,0
188,TRANSFER,532.73,C100001400,6289.46,5756.73,C200006276,53068.17,53600.9,0,0
188,TRANSFER,465.1,C100001622,27080.42,26615.32,C200006396,30155.3,30620.4,0,0
188,TRANSFER,1576.75,C100003137,64269.72,62692.97,C200002257,14645.65,16222.4,0,0
188,TRANSFER,5927.58,C100004328,9857.135201633377,3929.56,C200003295,93925.6,99853.18,0,0
188,TRANSFER,2552.47,C100004447,6989.622422343407,4437.15,C200000845,12109.6,14662.07,0,0
188,TRANSFER,1147.9,C100005089,8194.36,7046.46,C200002914,40932.16,42080.06,0,0
188,TRANSFER,646.15,C100005481,882251.45,881605.3,C200001981,29643.42,30289.57,0,0
188,TRANSFER,3153.5,C100006516,25484.97,22331.47,C200004626,28391.56,31545.06,0,0
188,TRANSFER,4189.71,C100006570,22753.46,18563.75,C200001498,396299.9,400489.61,0,0
188,TRANSFER,5957.62,C100006719,10749.183946948886,4791.56,C200001535,8043.36,14000.98,0,0
189,TRANSFER,1635.47,C100001528,25785.89,24150.42,C200003393,19036.81,20672.28,0,0
189,TRANSFER,2173.58,C100001998,30770.78,28597.2,C200000138,58948.26,61121.84,0,0
189,TRANSFER,6909.44,C100003162,54869.83,47960.39,C200001150,73244.61,80154.05,0,0
189,TRANSFER,4550.23,C100003354,25642.66,21092.43,C200002015,23994.87,28545.1,0,0
189,TRANSFER,4258.37,C100003788,100119.14,95860.77,C200001556,55664.2,59922.57,0,0
189,TRANSFER,2674.45,C100004051,10535.62,7861.17,C200000532,30008.27,32682.72,0,0
189,TRANSFER,945.6,C100004943,13089.72,12144.12,C200005402,7862.14,8807.74,0,0
189,TRANSFER,5148.71,C100005037,8897.17820619823,3748.47,C200005386,13282.82,18431.53,0,0
189,TRANSFER,28991.13,C100005418,33530.90397504344,4539.77,C200005816,11610.01,40601.14,0,0
189,TRANSFER,828.92,C100005733,8378.14,7549.22,C200004334,43858.55,44687.47,0,0
189,TRANSFER,10717.76,C100006322,26518.15,15800.39,C200004645,1422.07,12139.83,0,0
190,TRANSFER,5775.2,C100000625,10700.71,4925.51,C200003623,34521.41,40296.61,0,0
190,TRANSFER,1464.94,C100000894,95413.08,93948.14,C200002412,43489.69,44954.63,0,0
190,TRANSFER,1697.27,C100001813,50374.48,48677.21,C200002248,4986.21,6683.48,0,0
190,TRANSFER,2791.36,C100002655,82579.55,79788.19,C200001163,21919.64,24711.0,0,0
190,TRANSFER,1828.24,C100002773,15387.53,13559.29,C200006464,68072.58,69900.82,0,0
190,TRANSFER,1598.09,C100003330,63042.59,61444.5,C200006203,40990.01,42588.1,0,0
190,TRANSFER,6726.73,C100003502,155877.58,149150.85,C200002309,19110.22,25836.95,0,0
190,TRANSFER,1031.44,C100003761,41539.06,40507.62,C200000602,40149.64,41181.08,0,0
190,TRANSFER,10816.59,C100004178,13371.69165046823,2555.1,C200002039,1411.69,12228.28,0,0
190,TRANSFER,17097.68,C100004514,35695.88,18598.2,C200001004,2689.61,19787.29,0,0
190,TRANSFER,2183.63,C100005336,3187.8,1004.17,C200005633,58474.3,60657.93,0,0
190,TRANSFER,18404.16,C100005365,23307.12902129282,4902.97,C200000251,8528.39,26932.55,0,0
190,TRANSFER,12060.68,C100005460,12679.54514802382,618.87,C200003834,48715.68,60776.36,0,0
190,TRANSFER,9533.01,C100005587,13046.863006391512,3513.85,C200003230,37888.92,47421.93,0,0
190,TRANSFER,4814.95,C100006055,45177.25,40362.3,C200006270,52275.89,57090.84,0,0
190,TRANSFER,1889.7,C100006163,15605.89,13716.19,C200000187,3954.78,5844.48,0,0
191,TRANSFER,3883.28,C100000671,91360.85,87477.57,C200000040,87722.18,91605.46,0,0
191,TRANSFER,860.83,C100001222,285495.1,284634.27,C200004985,7584.1,8444.93,0,0
191,TRANSFER,20140.87,C100001402,20279.283676701307,138.41,C200003480,15304.96,35445.83,0,0
191,TRANSFER,168.3,C100002118,48837.95,48669.65,C200000225,25880.69,26048.99,0,0
191,TRANSFER,973.14,C100002968,106669.55,105696.41,C200000695,121964.89,122938.03,0,0
191,TRANSFER,622.76,C100003158,34546.61,33923.85,C200006171,47144.47,47767.23,0,0
191,TRANSFER,691.7,C100003672,159911.09,159219.39,C200003658,36515.96,37207.66,0,0
191,TRANSFER,6150.28,C100004172,164600.41,158450.13,C200005482,15928.48,22078.76,0,0
191,TRANSFER,1111.16,C100006049,86440.1,85328.94,C200005340,4187.46,5298.62,0,0
191,TRANSFER,5223.68,C100006128,33416.16,28192.48,C200005478,191424.59,196648.27,0,0
191,TRANSFER,2923.27,C100006411,9002.3,6079.03,C200001560,8726.46,11649.73,0,0
191,TRANSFER,2458.36,C100006812,58096.34,55637.98,C200001652,22740.03,25198.39,0,0
191,TRANSFER,234852.88,C100006905,239437.08587438622,4584.21,C900006833,23025.3,257878.18,1,0
192,TRANSFER,3167.58,C100000073,377220.62,374053.04,C200005390,65426.59,68594.17,0,0
192,TRANSFER,34596.44,C100000381,35154.79928385558,558.36,C200004899,47046.23,81642.67,0,0
192,TRANSFER,856.84,C100000707,187340.15,186483.31,C200005414,6263.18,7120.02,0,0
192,TRANSFER,2796.3,C100000854,118418.73,115622.43,C200003752,6262.67,9058.97,0,0
192,TRANSFER,1970.91,C100001101,53576.03,51605.12,C200002940,148997.33,150968.24,0,0
192,TRANSFER,2190.61,C100001152,30529.19,28338.58,C200004010,294077.23,296267.84,0,0
192,TRANSFER,10172.15,C100002044,14416.150526674506,4244.0,C200000845,31415.85,41588.0,0,0
192,TRANSFER,1703.84,C100002894,44649.0,42945.16,C900002252,28943.2,30647.04,1,0
192,TRANSFER,14646.73,C100003010,30174.85,15528.12,C200003788,9428.46,24075.19,0,0
192,TRANSFER,417.56,C100003038,32025.45,31607.89,C200000838,17461.36,17878.92,0,0
192,TRANSFER,1506.14,C100003431,10050.59,8544.45,C200003951,47225.51,48731.65,0,0
192,TRANSFER,5766.92,C100003644,187603.3,181836.38,C200000148,88813.4,94580.32,0,0
192,TRANSFER,597.63,C100003734,19464.96,18867.33,C200004327,20748.41,21346.04,0,0
192,TRANSFER,578.49,C100004693,10789.74,10211.25,C200005691,5859.69,6438.18,0,0
192,TRANSFER,12052.45,C100005722,13173.019187456282,1120.57,C200004073,55120.66,67173.11,0,0
192,TRANSFER,4096.15,C100006106,65382.74,61286.59,C200005748,19374.4,23470.55,0,0
192,TRANSFER,3029.19,C100006504,6130.276581120092,3101.09,C200000791,62777.71,65806.9,0,0
193,TRANSFER,2564.87,C100000996,77540.11,74975.24,C200003943,2701.83,5266.7,0,0
193,TRANSFER,10757.08,C100001036,14592.07,3834.99,C200002978,337174.92,347932.0,0,0
193,TRANSFER,558.6,C100001573,10082.37,9523.77,C200001706,153006.87,153565.47,0,0
193,TRANSFER,23391.03,C100001787,43375.29,19984.26,C200002296,13294.54,36685.57,0,0
193,TRANSFER,2814.25,C100002108,21322.1,18507.85,C200003883,21228.61,24042.86,0,0
193,TRANSFER,2796.29,C100002186,76568.57,73772.28,C200002611,22557.78,25354.07,0,0
193,TRANSFER,1029.79,C100002401,101136.0,100106.21,C200001635,17699.83,18729.62,0,0
193,TRANSFER,3855.98,C100002820,11942.84,8086.86,C200002021,7050.95,10906.93,0,0
193,TRANSFER,1619.02,C100004416,21418.29,19799.27,C200003310,98658.62,100277.64,0,0
193,TRANSFER,2872.84,C100004834,23791.72,20918.88,C200000132,116011.59,118884.43,0,0
193,TRANSFER,15718.17,C100006236,19263.352050104004,3545.18,C200003987,3446.72,19164.89,0,0
193,TRANSFER,24219.51,C100006822,87040.64,62821.13,C200005195,10905.91,35125.42,0,0
193,TRANSFER,7758.6,C100006850,9764.93963412247,2006.34,C200001918,21876.35,29634.95,0,0
193,TRANSFER,10110.86,C100006885,118665.49,108554.63,C200004149,46386.16,56497.02,0,0
194,TRANSFER,778.15,C100000227,34688.25,33910.1,C200000108,39653.08,40431.23,0,0
194,TRANSFER,1428.92,C100000715,12779.21,11350.29,C200004919,7358.3,8787.22,0,0
194,TRANSFER,771.25,C100001149,10181.8,9410.55,C200001212,6711.58,7482.83,0,0
194,TRANSFER,11642.83,C100002674,14712.139172255222,3069.31,C200003183,8311.42,19954.25,0,0
194,TRANSFER,378.04,C100003053,6720.14,6342.1,C200001477,64745.77,65123.81,0,0
194,TRANSFER,545.95,C100003284,40266.31,39720.36,C200000067,23091.31,23637.26,0,0
194,TRANSFER,1340.76,C100003825,11681.12,10340.36,C200000234,6875.81,8216.57,0,0
194,TRANSFER,776.57,C100003848,39899.09,39122.52,C200004784,169346.54,170123.11,0,0
194,TRANSFER,3410.71,C100004607,92285.12,88874.41,C200004511,65278.35,68689.06,0,0
194,TRANSFER,4256.63,C100005684,12863.83,8607.2,C200004183,47937.79,52194.42,0,0
194,TRANSFER,812.72,C100005959,148564.75,147752.03,C200004921,27667.23,28479.95,0,0
194,TRANSFER,4422.35,C100006541,9798.65,5376.3,C200002173,54774.39,59196.74,0,0
194,TRANSFER,892.77,C100006876,132118.02,131225.25,C200001018,74037.16,74929.93,0,0
195,TRANSFER,2392.03,C100000822,15732.56,13340.53,C200004871,30996.47,33388.5,0,0
195,TRANSFER,287.79,C100000835,86482.97,86195.18,C200001849,17739.91,18027.7,0,0
195,TRANSFER,24825.54,C100001305,37245.15,12419.61,C200004368,53712.47,78538.01,0,0
195,TRANSFER,6079.59,C100002410,32200.88,26121.29,C200004857,11880.53,17960.12,0,0
195,TRANSFER,875.46,C100004585,15492.19,14616.73,C200004680,2231.09,3106.55,0,0
195,TRANSFER,2571.72,C100005894,93037.63,90465.91,C200001093,11505.44,14077.16,0,0
195,TRANSFER,2460.18,C100006173,132232.07,129771.89,C200004151,11866.66,14326.84,0,0
195,TRANSFER,12847.79,C100006417,62756.59,49908.8,C200001939,20222.59,33070.38,0,0
196,TRANSFER,6891.66,C100000182,12224.55,5332.89,C200003957,112729.32,119620.98,0,0
196,TRANSFER,4916.57,C100000229,22069.08,17152.51,C200004692,130740.39,135656.96,0,0
196,TRANSFER,1340.46,C100000270,33814.2,32473.74,C200003705,22320.67,23661.13,0,0
196,TRANSFER,1505.29,C100000304,6051.783072723489,4546.49,C200002097,417.39,1922.68,0,0
196,TRANSFER,14363.06,C100000405,23395.17,9032.11,C200001971,39806.86,54169.92,0,0
196,TRANSFER,1258.58,C100000888,45972.82,44714.24,C200001861,28835.72,30094.3,0,0
196,TRANSFER,547.39,C100000915,10373.36,9825.97,C200001393,17877.35,18424.74,0,0
196,TRANSFER,358.93,C100001108,582676.69,582317.76,C200005110,20064.27,20423.2,0,0
196,TRANSFER,1690.96,C100003606,5344.804333336404,3653.84,C200001193,2559.91,4250.87,0,0
196,TRANSFER,2206.82,C100003686,30581.56,28374.74,C200002766,77429.96,79636.78,0,0
196,TRANSFER,4574.32,C100003985,113609.91,109035.59,C200000629,9679.21,14253.53,0,0
196,TRANSFER,467.29,C100004011,13763.82,13296.53,C200001175,12507.13,12974.42,0,0
196,TRANSFER,4754.43,C100004539,8609.879625305019,3855.45,C200003011,4466.99,9221.42,0,0
196,TRANSFER,9228.22,C100004826,41099.03,31870.81,C200000455,64544.28,73772.5,0,0
196,TRANSFER,2515.74,C100004875,572591.1,570075.36,C200003310,74543.04,77058.78,0,0
196,TRANSFER,3421.95,C100005295,44399.6,40977.65,C200002425,89717.59,93139.54,0,0
196,TRANSFER,2014.37,C100006226,18928.81,16914.44,C200002431,37127.12,39141.49,0,0
196,TRANSFER,19680.06,C100006614,55415.36,35735.3,C200004115,773.2,20453.26,0,0
196,TRANSFER,536.34,C100006669,21994.36,21458.02,C200001694,78062.58,78598.92,0,0
197,TRANSFER,1426.54,C100001802,47824.03,46397.49,C200005352,32637.28,34063.82,0,0
197,TRANSFER,119.71,C100001927,212933.91,212814.2,C200005886,29233.12,29352.83,0,0
197,TRANSFER,9120.33,C100002218,56140.79,47020.46,C200004672,44004.64,53124.97,0,0
197,TRANSFER,2284.35,C100002436,18891.68,16607.33,C200004575,19229.56,21513.91,0,0
197,TRANSFER,2304.27,C100003580,41773.11,39468.84,C200004239,16680.02,18984.29,0,0
197,TRANSFER,4576.62,C100004340,114580.93,110004.31,C200005988,25341.48,29918.1,0,0
197,TRANSFER,8764.55,C100004616,499427.34,490662.79,C200000326,3918.44,12682.99,0,0
197,TRANSFER,4296.59,C100004710,41567.95,37271.36,C200006000,15445.86,19742.45,0,0
197,TRANSFER,502.32,C100004915,22322.24,21819.92,C200003693,40446.54,40948.86,0,0
197,TRANSFER,7167.04,C100005392,104910.81,97743.77,C200004170,111675.31,118842.35,0,0
197,TRANSFER,3088.0,C100006214,64324.62,61236.62,C200003111,12532.44,15620.44,0,0
197,TRANSFER,4983.4,C100006673,15722.71,10739.31,C200000979,1019.6,6003.0,0,0
197,TRANSFER,6399.73,C100006696,16969.98,10570.25,C200002978,23515.74,29915.47,0,0
198,TRANSFER,673.26,C100000572,14697.97,14024.71,C200001207,33961.43,34634.69,0,0
198,TRANSFER,1356.59,C100000820,3002.2152700973147,1645.63,C200000154,32101.45,33458.04,0,0
198,TRANSFER,38083.13,C100001989,42511.68932348657,4428.56,C200002080,8125.0,46208.13,0,0
198,TRANSFER,1999.03,C100002856,6853.42,4854.39,C200001920,117722.78,119721.81,0,0
198,TRANSFER,7552.69,C100003767,309305.52,301752.83,C200005589,125605.94,133158.63,0,0
198,TRANSFER,723.4,C100003772,3457.4764210642948,2734.08,C200002765,1555.08,2278.48,0,0
198,TRANSFER,3114.83,C100004464,49483.34,46368.51,C200006280,14732.35,17847.18,0,0
198,TRANSFER,674.32,C100004532,43932.99,43258.67,C200006198,5617.47,6291.79,0,0
198,TRANSFER,5773.73,C100004535,21732.99,15959.26,C200003027,243122.72,248896.45,0,0
198,TRANSFER,5279.63,C100004619,28386.88,23107.25,C200001140,138330.6,143610.23,0,0
198,TRANSFER,8012.65,C100004769,63324.34,55311.69,C200003589,14455.85,22468.5,0,0
198,TRANSFER,2084.52,C100005000,28136.1,26051.58,C200001481,23950.45,26034.97,0,0
198,TRANSFER,1268.19,C100005095,130110.28,128842.09,C200000088,5216.04,6484.23,0,0
198,TRANSFER,614.74,C100005450,2539.4472531626616,1924.71,C200000590,57295.88,57910.62,0,0
198,TRANSFER,579.59,C100005606,7236.54,6656.95,C200000093,34783.3,35362.89,0,0
198,TRANSFER,1799.29,C100005842,67653.88,65854.59,C200005761,10416.52,12215.81,0,0
198,TRANSFER,2942.28,C100006068,74692.01,71749.73,C200000724,8763.57,11705.85,0,0
198,TRANSFER,4356.76,C100006111,17495.03,13138.27,C200004915,15459.28,19816.04,0,0
198,TRANSFER,188.67,C100006807,188318.42,188129.75,C200002527,3604.43,3793.1,0,0
199,TRANSFER,2613.14,C100000931,20077.78,17464.64,C200004967,31632.41,34245.55,0,0
199,TRANSFER,73020.31,C100001483,75479.24324391622,2458.93,C900001885,29248.22,102268.53,1,0
199,TRANSFER,349.7,C100001686,18689.01,18339.31,C200006385,68228.22,68577.92,0,0
199,TRANSFER,851.88,C100001725,7626.63,6774.75,C200002048,5056.52,5908.4,0,0
199,TRANSFER,1500.05,C100001972,22698.06,21198.01,C200001113,3116.69,4616.74,0,0
199,TRANSFER,2612.63,C100002961,3784.89,1172.26,C200004494,8651.91,11264.54,0,0
199,TRANSFER,1816.92,C100004605,49645.49,47828.57,C200001468,9226.47,11043.39,0,0
199,TRANSFER,3041.73,C100005322,72673.25,69631.52,C200003220,5048.34,8090.07,0,0
199,TRANSFER,1527.58,C100005846,38779.81,37252.23,C200004912,24831.73,26359.31,0,0
199,TRANSFER,1906.55,C100006095,39080.19,37173.64,C200004741,17755.94,19662.49,0,0
199,TRANSFER,347.58,C100006996,1920.66,1573.08,C200001111,3933.38,4280.96,0,0
200,TRANSFER,1013.66,C100000760,92189.37,91175.71,C200006042,9497.06,10510.72,0,0
200,TRANSFER,488.0,C100000849,5625.86,5137.86,C200001282,41763.14,42251.14,0,0
200,TRANSFER,2521.18,C100001698,48844.41,46323.23,C200001936,17631.35,20152.53,0,0
200,TRANSFER,1709.09,C100002097,40868.64,39159.55,C200002032,8499.17,10208.26,0,0
200,TRANSFER,18557.07,C100002662,30033.43,11476.36,C200004348,13067.06,31624.13,0,0
200,TRANSFER,945.51,C100003738,25794.31,24848.8,C200004242,4847.91,5793.42,0,0
200,TRANSFER,10217.73,C100004111,28250.41,18032.68,C200002728,9418.15,19635.88,0,0
200,TRANSFER,84.82,C100004515,10596.55,10511.73,C200004323,24490.67,24575.49,0,0
200,TRANSFER,3219.53,C100005066,100937.23,97717.7,C200000862,25805.96,29025.49,0,0
200,TRANSFER,6176.99,C100005367,14359.8,8182.81,C200004132,4723.0,10899.99,0,0
200,TRANSFER,296.01,C100005867,28259.63,27963.62,C200003864,89131.05,89427.06,0,0
200,TRANSFER,1168.41,C100006042,41121.37,39952.96,C200005826,374285.49,375453.9,0,0
201,TRANSFER,919.42,C100002298,17209.23,16289.81,C200002728,39363.74,40283.16,0,0
201,TRANSFER,13366.38,C100002435,296075.19,282708.81,C200004642,10090.58,23456.96,0,0
201,TRANSFER,2897.37,C100002527,21002.3,18104.93,C200004694,46972.23,49869.6,0,0
201,TRANSFER,2503.39,C100003285,12537.99,10034.6,C200006056,7314.86,9818.25,0,0
201,TRANSFER,1506.61,C100003771,50047.08,48540.47,C200000956,73800.01,75306.62,0,0
201,TRANSFER,1926.37,C100004308,98151.44,96225.07,C200000148,6861.43,8787.8,0,0
201,TRANSFER,2815.4,C100005538,17583.18,14767.78,C200002998,5745.11,8560.51,0,0
201,TRANSFER,5477.6,C100005629,67678.18,62200.58,C200000729,59510.98,64988.58,0,0
201,TRANSFER,10789.51,C100006943,191523.94,180734.43,C200003770,16712.0,27501.51,0,0
202,TRANSFER,10296.38,C100000673,11282.261587404138,985.88,C200001214,78279.12,88575.5,0,0
202,TRANSFER,601.27,C100000793,41933.07,41331.8,C200004347,24957.06,25558.33,0,0
202,TRANSFER,1102.07,C100000859,10176.75,9074.68,C200004857,6369.39,7471.46,0,0
202,TRANSFER,569.88,C100002197,9464.45,8894.57,C200005505,6192.04,6761.92,0,0
202,TRANSFER,354.22,C100002948,60512.21,60157.99,C200001478,30005.83,30360.05,0,0
202,TRANSFER,5105.01,C100003421,32026.79,26921.78,C200004251,194908.54,200013.55,0,0
202,TRANSFER,2719.67,C100003496,153349.63,150629.96,C200000961,4930.98,7650.65,0,0
202,TRANSFER,732.04,C100003793,9808.96,9076.92,C200004950,17720.03,18452.07,0,0
202,TRANSFER,9259.88,C100004536,267140.07,257880.19,C200000588,75234.69,84494.57,0,0
202,TRANSFER,627.71,C100005125,4359.238970933635,3731.53,C200006275,254162.0,254789.71,0,0
202,TRANSFER,1217.55,C100005347,394702.21,393484.66,C200005490,40522.22,41739.77,0,0
202,TRANSFER,2329.81,C100005532,5536.444963376416,3206.63,C200005001,32518.84,34848.65,0,0
202,TRANSFER,6131.81,C100006045,19209.53,13077.72,C200004232,52737.62,58869.43,0,0
203,TRANSFER,801.33,C100000489,3523.48,2722.15,C200000236,25115.59,25916.92,0,0
203,TRANSFER,486.44,C100001002,258488.03,258001.59,C200003460,230715.68,231202.12,0,0
203,TRANSFER,11710.16,C100001452,47992.85,36282.69,C200001312,4576.23,16286.39,0,0
203,TRANSFER,695.69,C100002237,1754.308527218338,1058.62,C200002601,12343.66,13039.35,0,0
203,TRANSFER,117.65,C100002705,30274.82,30157.17,C200001240,23472.53,23590.18,0,0
203,TRANSFER,997.6,C100003668,59276.33,58278.73,C200004295,4542.39,5539.99,0,0
203,TRANSFER,2952.5,C100004774,306060.39,303107.89,C200000713,33681.3,36633.8,0,0
204,TRANSFER,278.02,C100000512,19045.33,18767.31,C200006320,130975.93,131253.95,0,0
204,TRANSFER,372.75,C100000751,38548.33,38175.58,C200005692,31435.97,31808.72,0,0
204,TRANSFER,247.11,C100000829,71821.79,71574.68,C200002185,44428.14,44675.25,0,0
204,TRANSFER,8720.38,C100000880,12905.52,4185.14,C200005006,10084.35,18804.73,0,0
204,TRANSFER,344.9,C100001151,11603.7,11258.8,C200005665,82209.94,82554.84,0,0
204,TRANSFER,1944.82,C100001479,87273.31,85328.49,C200000616,5110.84,7055.66,0,0
204,TRANSFER,876.94,C100001570,4603.076191793694,3726.14,C200002227,4204.47,5081.41,0,0
204,TRANSFER,10500.89,C100001729,183860.31,173359.42,C200004798,8137.22,18638.11,0,0
204,TRANSFER,2859.7,C100002350,185185.23,182325.53,C200004596,34480.67,37340.37,0,0
204,TRANSFER,4711.74,C100002485,137622.86,132911.12,C200006286,115832.59,120544.33,0,0
204,TRANSFER,2095.56,C100002872,7505.21,5409.65,C200000992,88257.97,90353.53,0,0
204,TRANSFER,1223.38,C100003089,14493.72,13270.34,C200000046,90047.53,91270.91,0,0
204,TRANSFER,7597.93,C100003736,27977.86,20379.93,C200001080,6417.92,14015.85,0,0
204,TRANSFER,1788.97,C100004223,4446.81,2657.84,C200003047,4637.69,6426.66,0,0
204,TRANSFER,1885.63,C100004325,171554.41,169668.78,C200000862,18374.07,20259.7,0,0
204,TRANSFER,1433.59,C100004722,9490.62,8057.03,C200002020,5027.15,6460.74,0,0
205,TRANSFER,809.54,C100000064,44566.51,43756.97,C200004522,23770.25,24579.79,0,0
205,TRANSFER,109.19,C100000873,12168.22,12059.03,C200000401,4068.25,4177.44,0,0
205,TRANSFER,1658.5,C100001721,23913.45,22254.95,C200000189,3103.9,4762.4,0,0
205,TRANSFER,3113.95,C100001874,6526.03,3412.08,C200001775,6392.37,9506.32,0,0
205,TRANSFER,4687.95,C100002167,9279.01635730028,4591.07,C200002836,5424.84,10112.79,0,0
205,TRANSFER,3957.42,C100002385,231022.51,227065.09,C200004893,14115.2,18072.62,0,0
205,TRANSFER,5415.63,C100002563,54815.98,49400.35,C200003260,193125.45,198541.08,0,0
205,TRANSFER,639.1,C100003314,121724.2,121085.1,C200001692,378601.51,379240.61,0,0
205,TRANSFER,3569.91,C100003973,53934.14,50364.23,C200005819,8424.82,11994.73,0,0
205,TRANSFER,6999.66,C100004146,14111.28,7111.62,C200000838,157330.34,164330.0,0,0
205,TRANSFER,1928.03,C100005411,84068.97,82140.94,C200005448,3637.74,5565.77,0,0
205,TRANSFER,1194.22,C100005504,104231.22,103037.0,C200002212,5512.54,6706.76,0,0
205,TRANSFER,150.69,C100005912,67457.3,67306.61,C200003228,70263.25,70413.94,0,0
205,TRANSFER,37337.9,C100005979,42552.0,5214.1,C200000574,20249.75,57587.65,0,0
206,TRANSFER,3030.72,C100000814,7610.462656672724,4579.74,C200006489,12303.61,15334.33,0,0
206,TRANSFER,12894.73,C100001023,16748.9037908286,3854.17,C200002571,20417.65,33312.38,0,0
206,TRANSFER,3309.61,C100001048,114562.27,111252.66,C200000751,7596.68,10906.29,0,0
206,TRANSFER,2016.77,C100001438,30373.37,28356.6,C200000410,27722.51,29739.28,0,0
206,TRANSFER,1834.32,C100003093,31935.77,30101.45,C200005435,32859.69,34694.01,0,0
206,TRANSFER,1052.28,C100003502,49329.21,48276.93,C200000335,6748.99,7801.27,0,0
206,TRANSFER,3213.39,C100003724,85509.36,82295.97,C200001694,5347.66,8561.05,0,0
206,TRANSFER,907.83,C100004473,16322.31,15414.48,C200001382,5143.15,6050.98,0,0
206,TRANSFER,7551.61,C100005143,11713.53,4161.92,C200003460,51382.61,58934.22,0,0
206,TRANSFER,5202.59,C100005422,16940.96,11738.37,C200004386,11755.19,16957.78,0,0
206,TRANSFER,2923.62,C100006207,12152.29,9228.67,C200002429,18935.58,21859.2,0,0
206,TRANSFER,442.67,C100006677,173534.55,173091.88,C200003509,58299.98,58742.65,0,0
207,TRANSFER,15872.76,C100000169,137291.25,121418.49,C200000998,3171.57,19044.33,0,0
207,TRANSFER,430.59,C100000208,102440.35,102009.76,C200003702,609.52,1040.11,0,0
207,TRANSFER,7048.98,C100001067,128662.91,121613.93,C200005689,23185.91,30234.89,0,0
207,TRANSFER,6170.74,C100001384,8624.90068853502,2454.16,C200002625,43915.9,50086.64,0,0
207,TRANSFER,6511.52,C100002536,51218.25,44706.73,C200004945,26367.71,32879.23,0,0
207,TRANSFER,11425.81,C100002706,11911.410483290716,485.6,C200000027,44793.42,56219.23,0,0
207,TRANSFER,8183.87,C100002923,10650.451954271317,2466.58,C200006407,9391.23,17575.1,0,0
207,TRANSFER,5024.67,C100003447,205698.8,200674.13,C200001632,11014.91,16039.58,0,0
207,TRANSFER,760.15,C100004257,29935.76,29175.61,C200004957,10104.68,10864.83,0,0
207,TRANSFER,2627.08,C100005438,86870.72,84243.64,C200001888,554978.63,557605.71,0,0
207,TRANSFER,131403.74,C100005479,134246.41075499236,2842.67,C200005531,13959.07,145362.81,0,0
207,TRANSFER,1455.39,C100005699,15152.19,13696.8,C200005675,822.46,2277.85,0,0
207,TRANSFER,2833.87,C100006108,14177.31,11343.44,C200001509,103568.57,106402.44,0,0
207,TRANSFER,2290.37,C100006135,31579.4,29289.03,C200000574,8473.89,10764.26,0,0
207,TRANSFER,2941.98,C100006747,117435.7,114493.72,C200001778,16142.77,19084.75,0,0
207,TRANSFER,2110.11,C100006880,7652.65,5542.54,C200003726,17875.92,19986.03,0,0
208,TRANSFER,671.22,C100000079,14510.53,13839.31,C200000819,4719.76,5390.98,0,0
208,TRANSFER,886.88,C100000590,200652.46,199765.58,C200006111,18845.54,19732.42,0,0
208,TRANSFER,1370.01,C100001244,33593.0,32222.99,C200001942,15534.07,16904.08,0,0
208,TRANSFER,1554.82,C100003346,66314.48,64759.66,C200000806,32811.93,34366.75,0,0
208,TRANSFER,631.62,C100003906,6823.24,6191.62,C200001082,8530.89,9162.51,0,0
208,TRANSFER,3908.18,C100004030,34457.01,30548.83,C200003685,15656.24,19564.42,0,0
208,TRANSFER,3895.36,C100004595,68945.14,65049.78,C200000177,8150.09,12045.45,0,0
208,TRANSFER,3612.94,C100004763,24255.03,20642.09,C200003619,104574.32,108187.26,0,0
208,TRANSFER,2598.06,C100005447,47431.34,44833.28,C200001574,2150.53,4748.59,0,0
208,TRANSFER,932.25,C100006075,11409.99,10477.74,C200000965,68031.36,68963.61,0,0
208,TRANSFER,632.19,C100006360,123170.37,122538.18,C200005438,172767.51,173399.7,0,0
208,TRANSFER,1552.5,C100006468,26147.0,24594.5,C200001997,1990.76,3543.26,0,0
209,TRANSFER,5983.64,C100000195,17734.17,11750.53,C200001636,31353.72,37337.36,0,0
209,TRANSFER,1436.72,C100000414,4867.15,3430.43,C200001958,193656.89,195093.61,0,0
209,TRANSFER,164.31,C100000530,34578.74,34414.43,C200000228,42571.94,42736.25,0,0
209,TRANSFER,1163.32,C100001707,57220.37,56057.05,C200002966,8455.86,9619.18,0,0
209,TRANSFER,9978.93,C100001762,74480.26,64501.33,C200004685,33372.98,43351.91,0,0
209,TRANSFER,514.89,C100002236,2571.84,2056.95,C200002225,411271.62,411786.51,0,0
209,TRANSFER,915.27,C100002677,2709.95,1794.68,C200005780,67129.32,68044.59,0,0
209,TRANSFER,1250.92,C100002721,106227.28,104976.36,C200000016,17213.89,18464.81,0,0
209,TRANSFER,1038.52,C100003013,77039.14,76000.62,C200001332,5997.45,7035.97,0,0
209,TRANSFER,1942.4,C100003723,26531.75,24589.35,C200002327,13036.04,14978.44,0,0
209,TRANSFER,1274.84,C100004979,59533.8,58258.96,C200005365,12518.14,13792.98,0,0
209,TRANSFER,677.54,C100005261,40151.38,39473.84,C200002498,18798.53,19476.07,0,0
209,TRANSFER,2107.63,C100005558,9452.73,7345.1,C200002110,16833.52,18941.15,0,0
209,TRANSFER,713.98,C100005946,11416.06,10702.08,C200000961,191390.26,192104.24,0,0
209,TRANSFER,192.27,C100006197,9170.45,8978.18,C200001641,6534.62,6726.89,0,0
210,TRANSFER,1459.52,C100000320,23958.75,22499.23,C200005857,37272.09,38731.61,0,0
210,TRANSFER,915.54,C100000511,12641.74,11726.2,C200005780,35764.48,36680.02,0,0
210,TRANSFER,1709.23,C100001139,166888.67,165179.44,C200003811,6971.87,8681.1,0,0
210,TRANSFER,116.46,C100001832,15643.28,15526.82,C200001411,15468.99,15585.45,0,0
210,TRANSFER,759.58,C100002443,16853.08,16093.5,C200000777,241374.68,242134.26,0,0
210,TRANSFER,236.59,C100003119,152985.99,152749.4,C200000399,405383.78,405620.37,0,0
210,TRANSFER,5028.32,C100004515,9250.947372243201,4222.63,C200002321,6133.05,11161.37,0,0
211,TRANSFER,813.27,C100000370,2616.52,1803.25,C200004523,24313.6,25126.87,0,0
211,TRANSFER,4373.99,C100001513,37328.68,32954.69,C200000709,9456.25,13830.24,0,0
211,TRANSFER,480.93,C100002593,206076.33,205595.4,C200002886,150672.83,151153.76,0,0
211,TRANSFER,1686.55,C100002841,12084.75,10398.2,C200005700,4322.82,6009.37,0,0
211,TRANSFER,1986.53,C100003188,78630.97,76644.44,C200003480,9122.88,11109.41,0,0
211,TRANSFER,7915.94,C100003563,11889.824615738462,3973.88,C200003699,3631.91,11547.85,0,0
211,TRANSFER,1756.49,C100003643,39775.62,38019.13,C200006321,14993.4,16749.89,0,0
211,TRANSFER,1370.4,C100004046,37770.57,36400.17,C200006101,7220.65,8591.05,0,0
211,TRANSFER,1550.51,C100005000,19927.97,18377.46,C200000554,34788.54,36339.05,0,0
211,TRANSFER,388.22,C100005647,45776.12,45387.9,C200006014,105910.48,106298.7,0,0
212,TRANSFER,514.44,C100000496,12805.51,12291.07,C200005421,5942.11,6456.55,0,0
212,TRANSFER,839.68,C100000535,62626.08,61786.4,C200004477,7626.0,8465.68,0,0
212,TRANSFER,2078.86,C100001056,32992.75,30913.89,C200000806,67201.64,69280.5,0,0
212,TRANSFER,3830.32,C100001265,20984.02,17153.7,C200003667,52348.41,56178.73,0,0
212,TRANSFER,968.61,C100001457,28262.15,27293.54,C200001945,13170.48,14139.09,0,0
212,TRANSFER,13336.89,C100001659,26266.01,12929.12,C200000493,51971.48,65308.37,0,0
212,TRANSFER,983.78,C100002012,156539.41,155555.63,C200006367,50608.21,51591.99,0,0
212,TRANSFER,228.31,C100003922,11174.89,10946.58,C200003263,43688.92,43917.23,0,0
212,TRANSFER,7486.98,C100004539,14769.21,7282.23,C200003255,24325.93,31812.91,0,0
212,TRANSFER,944.93,C100004621,7753.16,6808.23,C200006478,42535.06,43479.99,0,0
212,TRANSFER,1070.67,C100004645,125611.59,124540.92,C200002543,16325.14,17395.81,0,0
212,TRANSFER,3550.3,C100004946,7401.675908851693,3851.38,C200002887,46667.23,50217.53,0,0
212,TRANSFER,8585.65,C100005080,293080.27,284494.62,C200002856,16300.71,24886.36,0,0
212,TRANSFER,1614.37,C100005137,195594.43,193980.06,C200005746,50805.93,52420.3,0,0
212,TRANSFER,1173.48,C100005432,67869.18,66695.7,C200003661,13214.58,14388.06,0,0
212,TRANSFER,10167.11,C100005464,175559.66,165392.55,C200004585,45706.34,55873.45,0,0
212,TRANSFER,618.02,C100006226,7535.48,6917.46,C200000216,16356.42,16974.44,0,0
212,TRANSFER,1804.87,C100006248,36586.84,34781.97,C200005574,20540.92,22345.79,0,0
212,TRANSFER,1402.44,C100006881,15496.38,14093.94,C200005973,5722.61,7125.05,0,0
213,TRANSFER,589.56,C100000047,18565.58,17976.02,C200000360,73938.11,74527.67,0,0
213,TRANSFER,827.38,C100000484,5753.65,4926.27,C200002072,15424.47,16251.85,0,0
213,TRANSFER,326.35,C100000697,9415.57,9089.22,C200005739,9496.94,9823.29,0,0
213,TRANSFER,2816.18,C100001020,48595.34,45779.16,C200003751,12630.11,15446.29,0,0
213,TRANSFER,8054.41,C100001645,297919.19,289864.78,C200002217,150194.0,158248.41,0,0
213,TRANSFER,8182.52,C100001887,44754.23,36571.71,C200004082,33304.72,41487.24,0,0
213,TRANSFER,27387.25,C100004384,30383.19993289352,2995.95,C200002840,23518.08,50905.33,0,0
213,TRANSFER,4986.18,C100004972,18610.04,13623.86,C200003808,1000000.0,1004986.18,0,0
213,TRANSFER,221.33,C100005422,196322.47,196101.14,C200000809,587291.75,587513.08,0,0
213,TRANSFER,3230.7,C100005776,101801.59,98570.89,C200003278,5044.15,8274.85,0,0
213,TRANSFER,10635.58,C100006177,13576.801962740316,2941.22,C200004791,12648.17,23283.75,0,0
213,TRANSFER,1389.32,C100006191,13344.19,11954.87,C200001764,7981.09,9370.41,0,0
213,TRANSFER,1379.94,C100006256,58619.28,57239.34,C200003188,75227.74,76607.68,0,0
213,TRANSFER,3550.08,C100006332,15917.13,12367.05,C200003098,32012.81,35562.89,0,0
213,TRANSFER,3482.14,C100006360,42442.39,38960.25,C200000210,9692.33,13174.47,0,0
213,TRANSFER,2430.72,C100006681,5797.65,3366.93,C200003847,14454.54,16885.26,0,0
214,TRANSFER,26672.6,C100000556,31621.642334426106,4949.04,C200000481,20762.48,47435.08,0,0
214,TRANSFER,3668.25,C100001356,61042.18,57373.93,C200002147,7048.02,10716.27,0,0
214,TRANSFER,1342.92,C100001363,102393.2,101050.28,C200001936,3242.01,4584.93,0,0
214,TRANSFER,240.71,C100001516,2440.21,2199.5,C200005726,51793.71,52034.42,0,0
214,TRANSFER,1516.66,C100001593,53221.78,51705.12,C200001623,12849.79,14366.45,0,0
214,TRANSFER,2443.27,C100002535,10332.22,7888.95,C200001355,21052.33,23495.6,0,0
214,TRANSFER,4081.53,C100002601,5142.498738273068,1060.97,C200000718,2408.91,6490.44,0,0
214,TRANSFER,10404.94,C100002850,36125.84,25720.9,C200002092,6443.25,16848.19,0,0
214,TRANSFER,1887.45,C100004042,114924.38,113036.93,C200000355,7917.44,9804.89,0,0
214,TRANSFER,29637.1,C100004341,30363.96016030455,726.86,C200006010,152685.11,182322.21,0,0
214,TRANSFER,3011.97,C100005522,14445.36,11433.39,C200001035,126259.25,129271.22,0,0
214,TRANSFER,27467.1,C100005586,59746.2,32279.1,C200003338,21313.14,48780.24,0,0
214,TRANSFER,303.83,C100005805,25225.02,24921.19,C200003653,42177.66,42481.49,0,0
214,TRANSFER,7467.25,C100006914,107644.94,100177.69,C200005928,27551.61,35018.86,0,0
214,TRANSFER,62.06,C100006915,7282.17,7220.11,C200006215,27839.3,27901.36,0,0
214,TRANSFER,2353.69,C100006946,11875.48,9521.79,C200004838,18333.76,20687.45,0,0
215,TRANSFER,507.73,C100000162,59609.18,59101.45,C200006221,48600.77,49108.5,0,0
215,TRANSFER,4105.65,C100001463,15807.99,11702.34,C200005210,54345.88,58451.53,0,0
215,TRANSFER,12244.39,C100002901,15503.38,3258.99,C200003922,35019.3,47263.69,0,0
215,TRANSFER,6089.0,C100002918,7837.069657273058,1748.07,C200004633,7061.61,13150.61,0,0
215,TRANSFER,1703.7,C100003112,19140.7,17437.0,C200004953,76552.32,78256.02,0,0
215,TRANSFER,5094.73,C100003741,124036.82,118942.09,C200002875,102987.93,108082.66,0,0
215,TRANSFER,1785.25,C100003985,337978.5,336193.25,C200000386,121496.09,123281.34,0,0
215,TRANSFER,798.21,C100004346,6466.92,5668.71,C200006183,58677.93,59476.14,0,0
215,TRANSFER,17704.17,C100005710,79074.19,61370.02,C200003378,336523.98,354228.15,0,0
215,TRANSFER,1718.58,C100006430,3451.3416026389177,1732.76,C200001044,33294.98,35013.56,0,0
216,TRANSFER,3969.36,C100000568,17363.93,13394.57,C200000876,12754.61,16723.97,0,0
216,TRANSFER,14716.14,C100001082,24173.26,9457.12,C200003202,9888.69,24604.83,0,0
216,TRANSFER,25425.3,C100001206,26942.890444566903,1517.59,C200002556,124729.66,150154.96,0,0
216,TRANSFER,3137.64,C100001289,4017.1213343695213,879.48,C200002984,14367.14,17504.78,0,0
216,TRANSFER,438.23,C100001674,7676.81,7238.58,C200003804,72688.78,73127.01,0,0
216,TRANSFER,1966.22,C100001927,13007.23,11041.01,C200005757,46756.76,48722.98,0,0
216,TRANSFER,1428.8,C100002440,6323.48,4894.68,C200006137,2898.16,4326.96,0,0
216,TRANSFER,5532.47,C100002441,17236.27,11703.8,C200004158,24525.18,30057.65,0,0
216,TRANSFER,8337.25,C100002619,10860.999489509995,2523.75,C200006424,8761.16,17098.41,0,0
216,TRANSFER,2641.73,C100002922,39005.36,36363.63,C200003044,20313.71,22955.44,0,0
216,TRANSFER,3220.72,C100003376,10561.76,7341.04,C200005810,351023.14,354243.86,0,0
216,TRANSFER,2810.14,C100003705,15072.73,12262.59,C200000376,182179.25,184989.39,0,0
216,TRANSFER,1383.82,C100004323,3506.6,2122.78,C200003810,13181.85,14565.67,0,0
216,TRANSFER,2007.62,C100004656,6964.32,4956.7,C200006306,6082.41,8090.03,0,0
216,TRANSFER,718.85,C100005085,63245.82,62526.97,C200001534,19642.7,20361.55,0,0
216,TRANSFER,2002.01,C100005415,14116.28,12114.27,C200003440,15717.77,17719.78,0,0
216,TRANSFER,1115.26,C100005859,69949.5,68834.24,C200004145,4946.95,6062.21,0,0
216,TRANSFER,9234.11,C100006445,245613.41,236379.3,C200005837,43740.21,52974.32,0,0
216,TRANSFER,4871.78,C100006589,15887.11,11015.33,C200000986,83418.22,88290.0,0,0
217,TRANSFER,1226.13,C100000697,67465.37,66239.24,C200000598,6857.03,8083.16,0,0
217,TRANSFER,3029.43,C100001156,395057.1,392027.67,C200001573,71207.96,74237.39,0,0
217,TRANSFER,15173.73,C100001413,140600.83,125427.1,C200002493,5899.69,21073.42,0,0
217,TRANSFER,54400.76,C100001453,54881.96045087794,481.2,C900000881,285057.42,339458.18,1,0
217,TRANSFER,7127.1,C100001613,99251.44,92124.34,C200001256,113165.27,120292.37,0,0
217,TRANSFER,1089.78,C100001657,6834.01,5744.23,C200001898,14461.81,15551.59,0,0
217,TRANSFER,91282.49,C100002301,95267.7745623748,3985.28,C200000935,14738.32,106020.81,1,0
217,TRANSFER,45.27,C100002501,12947.51,12902.24,C200002558,18172.6,18217.87,0,0
217,TRANSFER,16190.5,C100002869,98730.29,82539.79,C200000663,86817.74,103008.24,0,0
217,TRANSFER,2546.44,C100003887,30568.64,28022.2,C200005766,34737.48,37283.92,0,0
217,TRANSFER,3174.58,C100004361,5872.8236609895,2698.24,C200002891,12482.89,15657.47,0,0
217,TRANSFER,244.43,C100004445,45273.81,45029.38,C200005534,65070.13,65314.56,0,0
217,TRANSFER,7522.16,C100004642,14178.36,6656.2,C200002398,238140.06,245662.22,0,0
217,TRANSFER,3693.4,C100004985,8472.691133382299,4779.29,C200004349,33051.45,36744.85,0,0
217,TRANSFER,2864.49,C100005625,135376.58,132512.09,C200001093,2593.35,5457.84,0,0
217,TRANSFER,5729.14,C100006416,42995.16,37266.02,C200002449,38589.37,44318.51,0,0
217,TRANSFER,10979.11,C100006698,29966.58,18987.47,C200002612,78993.04,89972.15,0,0
217,TRANSFER,1835.66,C100006757,10906.86,9071.2,C200002636,111594.62,113430.28,0,0
217,TRANSFER,970.76,C100006871,27403.34,26432.58,C200006363,34685.27,35656.03,0,0
217,TRANSFER,2098.14,C100006881,124819.46,122721.32,C200002185,36478.3,38576.44,0,0
218,TRANSFER,599.42,C100001432,46145.78,45546.36,C200001063,96366.14,96965.56,0,0
218,TRANSFER,1203.87,C100001534,56400.32,55196.45,C200006108,11826.42,13030.29,0,0
218,TRANSFER,6919.63,C100001626,19751.39,12831.76,C200005341,280270.52,287190.15,0,0
218,TRANSFER,3718.7,C100001850,93842.2,90123.5,C200000340,103656.39,107375.09,0,0
218,TRANSFER,832.37,C100001867,24954.43,24122.06,C200003487,6994.57,7826.94,0,0
218,TRANSFER,3413.61,C100001890,47895.56,44481.95,C200005095,2817.81,6231.42,0,0
218,TRANSFER,3963.21,C100002605,7722.813464867597,3759.6,C200001728,17612.44,21575.65,0,0
218,TRANSFER,1429.65,C100002916,12394.69,10965.04,C200005608,6569.38,7999.03,0,0
218,TRANSFER,2705.04,C100003646,86796.81,84091.77,C200003713,10237.01,12942.05,0,0
218,TRANSFER,1159.05,C100004108,104433.77,103274.72,C200000785,13989.01,15148.06,0,0
218,TRANSFER,18088.22,C100004324,18481.011486888234,392.79,C200000241,2380.52,20468.74,0,0
218,TRANSFER,48772.39,C100004924,51246.2085691105,2473.82,C900007729,1792.01,50564.4,1,0
218,TRANSFER,5141.42,C100005237,37006.49,31865.07,C200000935,17765.86,22907.28,0,0
218,TRANSFER,3289.04,C100005399,22611.49,19322.45,C200001419,313206.16,316495.2,0,0
218,TRANSFER,828.87,C100005882,14090.71,13261.84,C200005210,17793.43,18622.3,0,0
218,TRANSFER,524.04,C100006035,54868.73,54344.69,C200001518,3020.7,3544.74,0,0
218,TRANSFER,14818.27,C100006161,16510.43393347377,1692.16,C200001666,15779.34,30597.61,0,0
219,TRANSFER,4870.95,C100001997,12860.8,7989.85,C200000118,20740.69,25611.64,0,0
219,TRANSFER,5702.53,C100003271,34306.07,28603.54,C200001246,22830.3,28532.83,0,0
219,TRANSFER,4060.29,C100003456,54263.09,50202.8,C200002591,45316.33,49376.62,0,0
219,TRANSFER,8225.94,C100004497,11306.479234765155,3080.54,C200004061,9204.34,17430.28,0,0
219,TRANSFER,1506.37,C100005116,13728.76,12222.39,C200005570,9116.1,10622.47,0,0
219,TRANSFER,8444.35,C100005116,69227.27,60782.92,C200004640,7070.17,15514.52,0,0
219,TRANSFER,4024.57,C100005943,48955.81,44931.24,C200002535,10090.09,14114.66,0,0
219,TRANSFER,11097.61,C100006432,15948.379526400175,4850.77,C200005432,17274.0,28371.61,0,0
219,TRANSFER,1021.01,C100006873,73043.27,72022.26,C200005698,23642.96,24663.97,0,0
220,TRANSFER,4152.65,C100000155,33052.0,28899.35,C200004061,14792.2,18944.85,0,0
220,TRANSFER,4583.74,C100000526,15676.34,11092.6,C200000977,35212.34,39796.08,0,0
220,TRANSFER,6665.65,C100001365,54684.17,48018.52,C200002984,8377.85,15043.5,0,0
220,TRANSFER,737.79,C100001429,8576.02,7838.23,C200005899,79080.99,79818.78,0,0
220,TRANSFER,590.63,C100001592,73988.06,73397.43,C200001454,322786.39,323377.02,0,0
220,TRANSFER,10765.67,C100001679,13727.807002009537,2962.14,C200003237,10694.33,21460.0,0,0
220,TRANSFER,13838.81,C100002402,17791.421909965295,3952.61,C200005276,100466.08,114304.89,0,0
220,TRANSFER,2063.0,C100004454,15925.01,13862.01,C200000468,135730.83,137793.83,0,0
220,TRANSFER,2340.26,C100004980,17139.74,14799.48,C200003996,36791.69,39131.95,0,0
220,TRANSFER,12864.32,C100005237,14164.01452083538,1299.69,C200004834,31809.08,44673.4,0,0
220,TRANSFER,765.16,C100005807,29402.86,28637.7,C200006003,47944.95,48710.11,0,0
220,TRANSFER,895.81,C100006161,70917.44,70021.63,C200004820,79059.78,79955.59,0,0
220,TRANSFER,3376.55,C100006700,10299.34,6922.79,C200002843,5716.5,9093.05,0,0
221,TRANSFER,6015.6,C100000171,14804.36,8788.76,C200003436,19879.28,25894.88,0,0
221,TRANSFER,283.4,C100000534,5325.03,5041.63,C200001625,16911.95,17195.35,0,0
221,TRANSFER,8387.19,C100000547,18136.87,9749.68,C200003398,104772.05,113159.24,0,0
221,TRANSFER,2105.18,C100000670,56891.03,54785.85,C200002191,34810.63,36915.81,0,0
221,TRANSFER,2567.04,C100000782,145477.59,142910.55,C200005839,95655.74,98222.78,0,0
221,TRANSFER,1774.36,C100001156,78417.03,76642.67,C200001555,68092.0,69866.36,0,0
221,TRANSFER,687.21,C100001311,320286.01,319598.8,C200005526,25039.48,25726.69,0,0
221,TRANSFER,1576.59,C100001535,5271.6541004187575,3695.06,C200001363,34232.45,35809.04,0,0
221,TRANSFER,1725.84,C100001676,35160.04,33434.2,C200003433,339.14,2064.98,0,0
221,TRANSFER,1862.49,C100001781,12015.49,10153.0,C200003181,2786.31,4648.8,0,0
221,TRANSFER,818.36,C100001991,58420.89,57602.53,C200004991,22926.17,23744.53,0,0
221,TRANSFER,8582.95,C100002038,42092.88,33509.93,C200002055,44740.82,53323.77,0,0
221,TRANSFER,4974.98,C100002596,148586.74,143611.76,C200003174,171620.79,176595.77,0,0
221,TRANSFER,1657.06,C100002694,19316.51,17659.45,C200004862,1703.54,3360.6,0,0
221,TRANSFER,3822.68,C100002725,25158.28,21335.6,C200002726,288856.92,292679.6,0,0
221,TRANSFER,1170.78,C100003100,39645.13,38474.35,C200005105,25716.9,26887.68,0,0
221,TRANSFER,13069.62,C100003259,37603.12,24533.5,C200000408,4257.45,17327.07,0,0
221,TRANSFER,2054.74,C100004282,159981.94,157927.2,C200006157,18130.93,20185.67,0,0
221,TRANSFER,657.64,C100006337,57424.66,56767.02,C200005849,7332.07,7989.71,0,0
222,TRANSFER,1810.56,C100000021,46811.24,45000.68,C200003440,6011.04,7821.6,0,0
222,TRANSFER,6557.12,C100000415,206077.46,199520.34,C200004142,12760.55,19317.67,0,0
222,TRANSFER,3075.16,C100000425,7787.6121408792915,4712.45,C200002253,35834.11,38909.27,0,0
222,TRANSFER,1842.79,C100002459,270437.76,268594.97,C200003777,66698.68,68541.47,0,0
222,TRANSFER,226.94,C100002904,10018.27,9791.33,C200003780,68744.86,68971.8,0,0
222,TRANSFER,702.43,C100003135,16476.72,15774.29,C200001807,27447.7,28150.13,0,0
222,TRANSFER,14058.24,C100004231,17971.8,3913.56,C200006245,121621.81,135680.05,0,0
222,TRANSFER,4566.32,C100004244,31282.69,26716.37,C200000313,17802.06,22368.38,0,0
222,TRANSFER,731.77,C100004767,52259.2,51527.43,C200006307,37852.75,38584.52,0,0
222,TRANSFER,524.6,C100005330,15449.75,14925.15,C200005877,12054.22,12578.82,0,0
222,TRANSFER,1232.47,C100005818,125508.96,124276.49,C200003429,18322.17,19554.64,0,0
222,TRANSFER,2783.52,C100005953,25670.67,22887.15,C200000104,65995.58,68779.1,0,0
222,TRANSFER,9447.46,C100006556,11108.37,1660.91,C200001713,28623.96,38071.42,0,0
222,TRANSFER,898.76,C100006928,21425.31,20526.55,C200004960,75049.11,75947.87,0,0
223,TRANSFER,2130.42,C100001457,18111.46,15981.04,C200006162,47373.41,49503.83,0,0
223,TRANSFER,1096.58,C100002133,21422.84,20326.26,C200000315,18055.02,19151.6,0,0
223,TRANSFER,1013.1,C100002949,4989.33,3976.23,C200004526,7320.44,8333.54,0,0
223,TRANSFER,12032.35,C100003500,12854.33455736381,821.98,C200001312,5330.33,17362.68,0,0
223,TRANSFER,747.3,C100003741,42553.52,41806.22,C200001259,277182.17,277929.47,0,0
223,TRANSFER,1307.15,C100004664,6005.84,4698.69,C200001846,70844.83,72151.98,0,0
223,TRANSFER,3511.39,C100004694,14117.56,10606.17,C200005398,17973.71,21485.1,0,0
223,TRANSFER,12276.16,C100005166,15658.686429566711,3382.53,C900006789,29099.65,41375.81,1,0
223,TRANSFER,5648.17,C100005319,75399.93,69751.76,C200002078,57859.52,63507.69,0,0
223,TRANSFER,10384.27,C100005667,163421.66,153037.39,C200004729,123120.7,133504.97,0,0
223,TRANSFER,1492.27,C100005730,257914.77,256422.5,C200000766,25128.66,26620.93,0,0
223,TRANSFER,11655.07,C100006234,29484.8,17829.73,C200004317,39010.52,50665.59,0,0
223,TRANSFER,248.65,C100006476,91632.85,91384.2,C200000538,10373.6,10622.25,0,0
224,TRANSFER,2052.27,C100002086,8799.07,6746.8,C200000952,1561.31,3613.58,0,0
224,TRANSFER,776.31,C100002184,21589.76,20813.45,C200001654,33951.61,34727.92,0,0
224,TRANSFER,3304.76,C100002254,20253.29,16948.53,C200004472,145267.15,148571.91,0,0
224,TRANSFER,2505.78,C100002299,214558.14,212052.36,C200003901,23612.24,26118.02,0,0
224,TRANSFER,1093.61,C100002615,5108.801308835451,4015.19,C200004634,49073.54,50167.15,0,0
224,TRANSFER,6716.95,C100002651,8072.161953082209,1355.21,C200005591,159298.73,166015.68,0,0
224,TRANSFER,3808.34,C100003512,80231.07,76422.73,C200003441,27181.1,30989.44,0,0
224,TRANSFER,4756.15,C100003730,19958.0,15201.85,C200002987,22014.7,26770.85,0,0
224,TRANSFER,3543.76,C100003813,909709.46,906165.7,C200005807,61812.61,65356.37,0,0
224,TRANSFER,6744.27,C100004126,28252.71,21508.44,C200002673,5859.73,12604.0,0,0
224,TRANSFER,612.94,C100004388,22899.5,22286.56,C200003063,26473.54,27086.48,0,0
224,TRANSFER,7777.15,C100005676,28255.99,20478.84,C200004446,25410.79,33187.94,0,0
224,TRANSFER,2466.43,C100005833,41908.44,39442.01,C200004138,17695.79,20162.22,0,0
224,TRANSFER,4411.2,C100005947,102306.29,97895.09,C200003335,29333.01,33744.21,0,0
225,TRANSFER,1904.12,C100000009,5052.180119356684,3148.06,C200005452,24168.05,26072.17,0,0
225,TRANSFER,1511.25,C100002064,186740.73,185229.48,C200000623,18731.57,20242.82,0,0
225,TRANSFER,7284.78,C100002604,11817.23,4532.45,C200002137,5106.15,12390.93,0,0
225,TRANSFER,5028.32,C100003302,69780.06,64751.74,C200001032,31916.42,36944.74,0,0
225,TRANSFER,3521.67,C100004007,87592.27,84070.6,C200002606,48986.62,52508.29,0,0
225,TRANSFER,870.63,C100004196,17822.41,16951.78,C200004706,6030.51,6901.14,0,0
225,TRANSFER,4185.98,C100004202,27822.87,23636.89,C200001452,63484.78,67670.76,0,0
225,TRANSFER,522.09,C100004404,35060.29,34538.2,C200001715,62644.7,63166.79,0,0
225,TRANSFER,251.53,C100004421,15874.95,15623.42,C200005540,24897.24,25148.77,0,0
225,TRANSFER,11857.4,C100004476,102867.64,91010.24,C200004782,4587.19,16444.59,0,0
225,TRANSFER,8732.01,C100004929,175828.16,167096.15,C200003630,9412.28,18144.29,0,0
225,TRANSFER,7887.65,C100005130,101620.75,93733.1,C200003358,307300.62,315188.27,0,0
225,TRANSFER,1120.71,C100005198,25086.08,23965.37,C200001404,11972.97,13093.68,0,0
225,TRANSFER,1624.16,C100005709,54660.12,53035.96,C200005877,3208.39,4832.55,0,0
225,TRANSFER,1251.15,C100005749,5498.0721289381,4246.92,C200004224,80325.89,81577.04,0,0
225,TRANSFER,3135.23,C100006107,5307.59,2172.36,C200006015,70514.57,73649.8,0,0
225,TRANSFER,8717.82,C100006725,21780.55,13062.73,C200005327,104756.31,113474.13,0,0
225,TRANSFER,3335.91,C100006997,8070.238263983306,4734.33,C200002707,27320.42,30656.33,0,0
226,TRANSFER,8770.91,C100000452,42769.71,33998.8,C200002295,5006.47,13777.38,0,0
226,TRANSFER,3123.25,C100000606,27969.36,24846.11,C200003027,15819.12,18942.37,0,0
226,TRANSFER,302.26,C100000805,55382.8,55080.54,C200000852,21603.85,21906.11,0,0
226,TRANSFER,10487.01,C100001419,27105.73,16618.72,C200001677,3118.24,13605.25,0,0
226,TRANSFER,3250.85,C100001855,16839.34,13588.49,C200001017,5349.05,8599.9,0,0
226,TRANSFER,557.16,C100001948,17492.49,16935.33,C200002787,13213.17,13770.33,0,0
226,TRANSFER,1979.4,C100001981,8406.09,6426.69,C200001192,7820.99,9800.39,0,0
226,TRANSFER,1133.85,C100002204,33867.62,32733.77,C200005578,59080.34,60214.19,0,0
226,TRANSFER,593.62,C100002417,616952.96,616359.34,C200001128,13628.75,14222.37,0,0
226,TRANSFER,2573.08,C100003135,87778.55,85205.47,C200005631,10319.36,12892.44,0,0
226,TRANSFER,2914.74,C100003174,10976.91,8062.17,C200000851,19716.09,22630.83,0,0
226,TRANSFER,6270.41,C100003326,7837.413610422668,1567.0,C200005142,136119.68,142390.09,0,0
226,TRANSFER,883.8,C100003899,3085.18,2201.38,C200001341,87958.09,88841.89,0,0
226,TRANSFER,290.08,C100005484,31001.23,30711.15,C200002618,7420.77,7710.85,0,0
226,TRANSFER,2019.48,C100005495,4853.981857504511,2834.5,C200003865,2032.68,4052.16,0,0
226,TRANSFER,3431.35,C100006154,16461.85,13030.5,C200002197,12676.38,16107.73,0,0
226,TRANSFER,3070.79,C100006325,5280.434993122769,2209.64,C200005048,32230.8,35301.59,0,0
226,TRANSFER,5184.39,C100006429,30396.61,25212.22,C200006047,73055.06,78239.45,0,0
226,TRANSFER,3319.27,C100006763,16961.23,13641.96,C200000142,41832.05,45151.32,0,0
227,TRANSFER,2149.75,C100000564,22257.73,20107.98,C200001834,381955.94,384105.69,0,0
227,TRANSFER,9401.32,C100000620,16830.28,7428.96,C200006130,19649.13,29050.45,0,0
227,TRANSFER,3907.53,C100001305,11994.22,8086.69,C200002766,13294.28,17201.81,0,0
227,TRANSFER,667.29,C100001824,64579.82,63912.53,C200004419,157248.5,157915.79,0,0
227,TRANSFER,2429.94,C100001866,38254.93,35824.99,C200002863,37671.59,40101.53,0,0
227,TRANSFER,1965.23,C100002061,13435.63,11470.4,C200000742,44590.29,46555.52,0,0
227,TRANSFER,365.26,C100002443,4527.3,4162.04,C200004012,85916.55,86281.81,0,0
227,TRANSFER,691.15,C100004591,11887.81,11196.66,C200000938,410451.82,411142.97,0,0
227,TRANSFER,5214.2,C100006242,51366.34,46152.14,C200004841,29913.0,35127.2,0,0
227,TRANSFER,3996.9,C100006600,11852.37,7855.47,C200004364,48685.85,52682.75,0,0
227,TRANSFER,5249.61,C100006617,7141.071822133428,1891.46,C200001500,133597.76,138847.37,0,0
228,TRANSFER,150.83,C100000187,25824.17,25673.34,C200003002,39404.57,39555.4,0,0
228,TRANSFER,1000.86,C100000864,16174.99,15174.13,C200004688,14470.91,15471.77,0,0
228,TRANSFER,1109.5,C100001444,7420.03,6310.53,C200005799,51123.08,52232.58,0,0
228,TRANSFER,12179.96,C100002787,33314.25,21134.29,C200001786,2593.72,14773.68,0,0
228,TRANSFER,4010.9,C100003105,166567.06,162556.16,C200002752,162605.9,166616.8,0,0
228,TRANSFER,596.28,C100004007,43717.48,43121.2,C200000313,106230.91,106827.19,0,0
228,TRANSFER,1156.95,C100004071,67949.52,66792.57,C200000311,6896.9,8053.85,0,0
228,TRANSFER,91.0,C100004800,26458.28,26367.28,C200005185,8368.78,8459.78,0,0
228,TRANSFER,1145.63,C100005772,66264.21,65118.58,C200001048,14329.31,15474.94,0,0
228,TRANSFER,8834.91,C100006538,33568.7,24733.79,C200005196,120364.11,129199.02,0,0
228,TRANSFER,1333.82,C100006961,34264.53,32930.71,C200006201,141031.53,142365.35,0,0
229,TRANSFER,4969.48,C100000036,45089.69,40120.21,C200004963,16503.51,21472.99,0,0
229,TRANSFER,17246.74,C100000638,78028.15,60781.41,C200003612,292481.15,309727.89,0,0
229,TRANSFER,1377.0,C100001129,2516.9997077758426,1140.0,C200002936,41490.09,42867.09,0,0
229,TRANSFER,10128.32,C100001191,201974.35,191846.03,C200000420,40845.21,50973.53,0,0
229,TRANSFER,3111.69,C100001497,11453.38,8341.69,C200000758,10190.43,13302.12,0,0
229,TRANSFER,2341.65,C100002189,341792.14,339450.49,C200000022,39663.97,42005.62,0,0
229,TRANSFER,2307.45,C100002434,129321.85,127014.4,C200006428,145432.77,147740.22,0,0
229,TRANSFER,2790.14,C100003783,40620.99,37830.85,C200004931,6870.4,9660.54,0,0
229,TRANSFER,11319.13,C100004457,52757.37,41438.24,C200001617,38874.11,50193.24,0,0
229,TRANSFER,10126.79,C100004534,34820.9,24694.11,C200000115,7387.03,17513.82,0,0
229,TRANSFER,334.18,C100004654,168013.23,167679.05,C200000910,529.03,863.21,0,0
229,TRANSFER,1259.25,C100004777,39474.92,38215.67,C200001303,1083.61,2342.86,0,0
229,TRANSFER,2023.38,C100004811,96840.66,94817.28,C200002369,22398.52,24421.9,0,0
229,TRANSFER,24484.69,C100004988,57469.27,32984.58,C200002801,8079.26,32563.95,0,0
229,TRANSFER,1081.87,C100005374,56087.16,55005.29,C200003095,28223.04,29304.91,0,0
229,TRANSFER,1592.09,C100006877,26551.24,24959.15,C200002977,19839.49,21431.58,0,0
229,TRANSFER,17642.95,C100006962,25110.89,7467.94,C200001871,47022.76,64665.71,0,0
230,TRANSFER,656.02,C100000785,13356.01,12699.99,C200006341,168835.01,169491.03,0,0
230,TRANSFER,1349.02,C100001989,5520.116463770708,4171.1,C200004413,56908.83,58257.85,0,0
230,TRANSFER,1487.84,C100003326,51386.96,49899.12,C200004151,212117.98,213605.82,0,0
230,TRANSFER,6573.77,C100004257,42005.74,35431.97,C200000971,63082.81,69656.58,0,0
230,TRANSFER,28129.0,C100004608,30637.706334515144,2508.71,C200005264,57958.89,86087.89,0,0
230,TRANSFER,4978.58,C100004694,175522.99,170544.41,C200003884,4959.69,9938.27,0,0
230,TRANSFER,272.85,C100006586,41919.81,41646.96,C200004923,31167.15,31440.0,0,0
230,TRANSFER,2492.53,C100006800,50399.98,47907.45,C200003222,1958.43,4450.96,0,0
231,TRANSFER,492.0,C100000212,31562.47,31070.47,C200002421,114613.85,115105.85,0,0
231,TRANSFER,5335.75,C100000326,60891.92,55556.17,C200006227,20278.91,25614.66,0,0
231,TRANSFER,6168.28,C100000363,19032.02,12863.74,C200005178,15676.78,21845.06,0,0
231,TRANSFER,473.37,C100001094,8107.82,7634.45,C200002235,45851.61,46324.98,0,0
231,TRANSFER,3121.78,C100001133,9513.45,6391.67,C200002187,3349.71,6471.49,0,0
231,TRANSFER,7398.23,C100001160,57319.54,49921.31,C200003750,12077.78,19476.01,0,0
231,TRANSFER,549.91,C100002486,5658.01,5108.1,C200005616,6835.67,7385.58,0,0
231,TRANSFER,3746.67,C100002990,3771.6860016961296,25.02,C200006304,13230.58,16977.25,0,0
231,TRANSFER,11954.26,C100003008,66007.6,54053.34,C200000711,19138.48,31092.74,0,0
231,TRANSFER,703.91,C100003318,76440.3,75736.39,C200003628,14588.23,15292.14,0,0
231,TRANSFER,5541.09,C100003719,56377.18,50836.09,C200001679,6164.89,11705.98,0,0
231,TRANSFER,20021.3,C100004212,21651.87,1630.57,C200004899,89020.93,109042.23,0,0
231,TRANSFER,418.04,C100005267,4939.17,4521.13,C200006321,5138.06,5556.1,0,0
231,TRANSFER,4810.25,C100005440,7205.648639530822,2395.4,C200004490,102085.47,106895.72,0,0
231,TRANSFER,1299.77,C100006421,56767.73,55467.96,C200000646,39663.13,40962.9,0,0
231,TRANSFER,1128.0,C100006683,5868.093360293279,4740.09,C200004819,2253.18,3381.18,0,0
231,TRANSFER,11346.33,C100006776,64157.05,52810.72,C200003209,44770.46,56116.79,0,0
232,TRANSFER,7351.48,C100000953,56710.2,49358.72,C200001440,82943.0,90294.48,0,0
232,TRANSFER,5520.76,C100002577,54570.26,49049.5,C200003008,100462.56,105983.32,0,0
232,TRANSFER,2589.75,C100002715,51363.75,48774.0,C200000846,372657.89,375247.64,0,0
232,TRANSFER,1476.96,C100002971,5272.05,3795.09,C200000922,14633.7,16110.66,0,0
232,TRANSFER,976.08,C100004058,16831.66,15855.58,C200002188,70201.38,71177.46,0,0
232,TRANSFER,878.08,C100004511,4747.31,3869.23,C200004960,31422.77,32300.85,0,0
232,TRANSFER,1602.92,C100004944,73602.23,71999.31,C200003121,99440.98,101043.9,0,0
232,TRANSFER,1716.01,C100005676,10889.27,9173.26,C200001741,65037.15,66753.16,0,0
232,TRANSFER,2588.41,C100005748,26790.8,24202.39,C200003085,16678.88,19267.29,0,0
233,TRANSFER,1997.75,C100000120,26550.26,24552.51,C200002890,3380.92,5378.67,0,0
233,TRANSFER,608.45,C100000155,14958.55,14350.1,C200000134,42231.23,42839.68,0,0
233,TRANSFER,1114.96,C100000278,19054.38,17939.42,C200001576,54931.74,56046.7,0,0
233,TRANSFER,3515.54,C100000390,27641.12,24125.58,C200002622,32334.11,35849.65,0,0
233,TRANSFER,1205.96,C100000699,112041.7,110835.74,C200005968,67151.28,68357.24,0,0
233,TRANSFER,1575.29,C100001035,76277.44,74702.15,C200002993,26987.5,28562.79,0,0
233,TRANSFER,1927.45,C100001625,14343.9,12416.45,C200004498,1240.62,3168.07,0,0
233,TRANSFER,1436.5,C100003575,162825.21,161388.71,C200002562,1640.65,3077.15,0,0
233,TRANSFER,13525.03,C100004639,189994.54,176469.51,C200000877,36549.72,50074.75,0,0
233,TRANSFER,7353.46,C100005010,61803.71,54450.25,C200004349,162665.99,170019.45,0,0
233,TRANSFER,10625.55,C100006037,559572.91,548947.36,C200006133,4417.31,15042.86,0,0
233,TRANSFER,2377.33,C100006717,19799.48,17422.15,C200000471,8332.34,10709.67,0,0
233,TRANSFER,1462.34,C100006997,10637.98,9175.64,C200000186,27740.45,29202.79,0,0
234,TRANSFER,3889.9,C100000160,5126.2946021856005,1236.39,C200003210,89345.13,93235.03,0,0
234,TRANSFER,11623.75,C100000608,53179.92,41556.17,C200001895,74602.02,86225.77,0,0
234,TRANSFER,885.48,C100000672,7714.72,6829.24,C200000686,5026.0,5911.48,0,0
234,TRANSFER,53.92,C100000848,46224.57,46170.65,C200004351,21533.37,21587.29,0,0
234,TRANSFER,3259.19,C100001428,54966.21,51707.02,C200005150,42457.1,45716.29,0,0
234,TRANSFER,5650.28,C100002621,12306.58,6656.3,C200000149,243079.95,248730.23,0,0
234,TRANSFER,11889.0,C100003071,23671.36,11782.36,C200005842,42083.52,53972.52,0,0
234,TRANSFER,5713.8,C100005067,39001.99,33288.19,C200004775,75919.78,81633.58,0,0
234,TRANSFER,7431.89,C100005589,12245.242494229755,4813.35,C200004001,38830.23,46262.12,0,0
234,TRANSFER,256.2,C100005593,84971.76,84715.56,C200005773,7339.46,7595.66,0,0
234,TRANSFER,768.58,C100005921,28161.64,27393.06,C200001994,22495.9,23264.48,0,0
234,TRANSFER,2136.88,C100006679,36621.06,34484.18,C200001797,11476.95,13613.83,0,0
234,TRANSFER,773.68,C100006700,292787.9,292014.22,C200004469,19614.99,20388.67,0,0
234,TRANSFER,4343.66,C100006952,163949.13,159605.47,C200004186,108785.93,113129.59,0,0
234,TRANSFER,2371.43,C100006988,38895.43,36524.0,C200003130,14735.57,17107.0,0,0
235,TRANSFER,5149.94,C100000241,312648.74,307498.8,C200004729,20388.97,25538.91,0,0
235,TRANSFER,3033.11,C100000377,6496.036063300535,3462.93,C200002175,14301.38,17334.49,0,0
235,TRANSFER,650.03,C100000405,275253.61,274603.58,C200001551,515.98,1166.01,0,0
235,TRANSFER,18749.52,C100000452,22476.01098186501,3726.49,C200000277,35099.93,53849.45,0,0
235,TRANSFER,2798.62,C100001034,274113.94,271315.32,C200006270,18037.32,20835.94,0,0
235,TRANSFER,2352.58,C100001058,11465.58,9113.0,C200001076,16712.54,19065.12,0,0
235,TRANSFER,6100.89,C100001148,130659.87,124558.98,C200001197,10332.18,16433.07,0,0
235,TRANSFER,1990.72,C100001259,78836.51,76845.79,C200004434,43620.61,45611.33,0,0
235,TRANSFER,1679.41,C100001431,17240.92,15561.51,C200003462,25098.93,26778.34,0,0
235,TRANSFER,1087.85,C100002145,17354.02,16266.17,C200002336,213808.55,214896.4,0,0
235,TRANSFER,2275.8,C100002471,20285.41,18009.61,C200000857,31239.92,33515.72,0,0
235,TRANSFER,705.25,C100003892,138007.22,137301.97,C200006364,27254.23,27959.48,0,0
235,TRANSFER,30488.47,C100004188,172375.22,141886.75,C200001205,26628.72,57117.19,0,0
235,TRANSFER,2601.43,C100005614,11623.69,9022.26,C200000104,4384.82,6986.25,0,0
235,TRANSFER,889.84,C100006880,4698.7,3808.86,C200002447,109304.43,110194.27,0,0
236,TRANSFER,1229.72,C100000011,87418.28,86188.56,C200002418,29127.96,30357.68,0,0
236,TRANSFER,3350.69,C100000307,136193.35,132842.66,C200001883,19165.0,22515.69,0,0
236,TRANSFER,2204.42,C100000311,179520.44,177316.02,C200000731,100234.71,102439.13,0,0
236,TRANSFER,337.24,C100000494,67695.84,67358.6,C200003144,4067.3,4404.54,0,0
236,TRANSFER,2073.86,C100001062,6424.66,4350.8,C200001905,46766.37,48840.23,0,0
236,TRANSFER,5799.82,C100001212,83204.71,77404.89,C200002192,10947.46,16747.28,0,0
236,TRANSFER,1743.08,C100001286,12598.47,10855.39,C200000450,4820.0,6563.08,0,0
236,TRANSFER,3579.97,C100001302,192017.34,188437.37,C200005229,61034.57,64614.54,0,0
236,TRANSFER,25901.23,C100001627,47305.72,21404.49,C200002746,240048.47,265949.7,0,0
236,TRANSFER,2574.48,C100001846,5573.39,2998.91,C200005407,6563.26,9137.74,0,0
236,TRANSFER,3115.61,C100001914,119731.21,116615.6,C200005851,100407.79,103523.4,0,0
236,TRANSFER,1034.05,C100002545,65637.71,64603.66,C200005282,25103.66,26137.71,0,0
236,TRANSFER,5142.18,C100003038,17770.63,12628.45,C200005564,26060.92,31203.1,0,0
236,TRANSFER,3043.6,C100003406,152048.01,149004.41,C200004861,16440.53,19484.13,0,0
236,TRANSFER,5959.33,C100003727,131448.52,125489.19,C200003277,9878.97,15838.3,0,0
236,TRANSFER,330.51,C100004045,92718.9,92388.39,C200001023,24418.7,24749.21,0,0
236,TRANSFER,2484.89,C100004789,34063.8,31578.91,C200004005,3252.53,5737.42,0,0
236,TRANSFER,390.77,C100004922,21754.62,21363.85,C200000738,22343.1,22733.87,0,0
236,TRANSFER,2259.77,C100005053,41380.43,39120.66,C200001075,9611.21,11870.98,0,0
236,TRANSFER,4532.13,C100005134,7476.4748178322525,2944.34,C200005585,341792.22,346324.35,0,0
236,TRANSFER,365.28,C100005406,63512.4,63147.12,C200005528,161414.12,161779.4,0,0
236,TRANSFER,1764.09,C100005702,56040.82,54276.73,C200003235,25571.01,27335.1,0,0
236,TRANSFER,2915.35,C100006200,277037.84,274122.49,C200000453,116284.69,119200.04,0,0
236,TRANSFER,10025.07,C100006801,10857.57107443508,832.5,C200004094,28731.04,38756.11,0,0
236,TRANSFER,560.82,C100006968,11314.43,10753.61,C200001682,18909.29,19470.11,0,0
237,TRANSFER,2295.99,C100000143,61885.61,59589.62,C200005150,14334.98,16630.97,0,0
237,TRANSFER,424.19,C100000974,78775.1,78350.91,C200002596,72014.67,72438.86,0,0
237,TRANSFER,2177.47,C100001135,32460.01,30282.54,C200005780,36861.08,39038.55,0,0
237,TRANSFER,4791.77,C100002051,26654.73,21862.96,C200001187,35499.16,40290.93,0,0
237,TRANSFER,3805.81,C100003563,6242.380723703085,2436.57,C200000442,11962.31,15768.12,0,0
237,TRANSFER,416.74,C100004175,59335.04,58918.3,C200001150,38957.27,39374.01,0,0
237,TRANSFER,8164.65,C100005405,24940.23,16775.58,C200001336,76474.51,84639.16,0,0
237,TRANSFER,2620.26,C100006705,6890.89,4270.63,C200000913,10189.79,12810.05,0,0
238,TRANSFER,347.32,C100000250,43987.62,43640.3,C200004927,19448.92,19796.24,0,0
238,TRANSFER,178.75,C100000895,20744.34,20565.59,C200000549,24891.61,25070.36,0,0
238,TRANSFER,13118.71,C100001134,43228.69,30109.98,C200004288,38208.36,51327.07,0,0
238,TRANSFER,537.14,C100001316,22654.93,22117.79,C200003410,196539.64,197076.78,0,0
238,TRANSFER,1458.23,C100001630,16766.26,15308.03,C200002302,7031.0,8489.23,0,0
238,TRANSFER,307.03,C100001898,24489.8,24182.77,C200001161,26245.46,26552.49,0,0
238,TRANSFER,2565.59,C100003700,4469.23,1903.64,C200004262,2303.72,4869.31,0,0
238,TRANSFER,1940.17,C100004171,7564.1,5623.93,C200005358,68205.68,70145.85,0,0
238,TRANSFER,153.8,C100004200,36116.71,35962.91,C200002900,22688.91,22842.71,0,0
238,TRANSFER,7749.3,C100004742,102819.57,95070.27,C200003861,88966.03,96715.33,0,0
238,TRANSFER,1258.8,C100006005,8904.27,7645.47,C200006328,3505.37,4764.17,0,0
238,TRANSFER,2175.43,C100006103,10487.22,8311.79,C200005801,53277.83,55453.26,0,0
239,TRANSFER,2607.5,C100000409,6178.7500485377495,3571.25,C200001832,54369.7,56977.2,0,0
239,TRANSFER,529.18,C100000847,2140.82,1611.64,C200001897,5378.39,5907.57,0,0
239,TRANSFER,799.3,C100000854,35101.86,34302.56,C200003835,15800.82,16600.12,0,0
239,TRANSFER,1816.21,C100001134,197802.81,195986.6,C200000257,9920.16,11736.37,0,0
239,TRANSFER,902.05,C100001515,8492.99,7590.94,C200003211,7444.46,8346.51,0,0
239,TRANSFER,908.16,C100002069,64834.05,63925.89,C200001151,25546.12,26454.28,0,0
239,TRANSFER,40761.53,C100002250,45165.14054594534,4403.61,C200003197,19337.81,60099.34,0,0
239,TRANSFER,1707.65,C100002488,41332.7,39625.05,C200000623,14154.46,15862.11,0,0
239,TRANSFER,2030.91,C100002806,41666.22,39635.31,C200002073,19292.82,21323.73,0,0
239,TRANSFER,110399.75,C100002980,114263.74445906401,3863.99,C900003685,24432.02,134831.77,1,0
239,TRANSFER,28033.86,C100003294,32816.95689394728,4783.1,C900008035,15070.8,43104.66,1,0
239,TRANSFER,1128.83,C100003762,77691.59,76562.76,C200000564,4771.07,5899.9,0,0
239,TRANSFER,2510.47,C100003773,14558.77,12048.3,C200002752,20744.84,23255.31,0,0
239,TRANSFER,5762.96,C100004222,20020.49,14257.53,C200004655,93811.39,99574.35,0,0
239,TRANSFER,4750.14,C100004236,46218.08,41467.94,C900005079,57252.19,62002.33,1,0
239,TRANSFER,487.69,C100004532,30714.85,30227.16,C200005588,15889.02,16376.71,0,0
239,TRANSFER,20916.38,C100004652,71060.0,50143.62,C200001703,74757.65,95674.03,0,0
239,TRANSFER,5866.12,C100004937,16780.49,10914.37,C200003151,8049.09,13915.21,0,0
239,TRANSFER,2926.19,C100005169,18387.19,15461.0,C200006238,3682.4,6608.59,0,0
239,TRANSFER,1938.04,C100005470,17294.29,15356.25,C200000315,34130.01,36068.05,0,0
239,TRANSFER,271.53,C100005747,60193.96,59922.43,C200003626,10077.59,10349.12,0,0
239,TRANSFER,1364.17,C100005794,93089.42,91725.25,C200003407,337034.37,338398.54,0,0
239,TRANSFER,2681.73,C100006213,80757.46,78075.73,C200001895,24466.54,27148.27,0,0
239,TRANSFER,382.39,C100006944,4669.94,4287.55,C200004847,24691.49,25073.88,0,0
240,TRANSFER,26788.34,C100000016,30140.86421600137,3352.52,C200005044,177718.15,204506.49,0,0
240,TRANSFER,3388.85,C100001091,98406.62,95017.77,C200002989,2847.71,6236.56,0,0
240,TRANSFER,411.03,C100001197,155965.59,155554.56,C200004398,6869.81,7280.84,0,0
240,TRANSFER,14577.5,C100001663,18110.12488736568,3532.62,C200004788,32754.22,47331.72,0,0
240,TRANSFER,1629.29,C100002085,107667.58,106038.29,C200000123,12341.52,13970.81,0,0
240,TRANSFER,10740.73,C100002438,31563.3,20822.57,C200000216,31000.36,41741.09,0,0
240,TRANSFER,6331.27,C100002513,13413.98,7082.71,C200004886,80735.29,87066.56,0,0
240,TRANSFER,41368.04,C100002789,44661.39337549966,3293.35,C200000564,4701.01,46069.05,0,0
240,TRANSFER,7626.84,C100003031,137799.18,130172.34,C200001475,96468.11,104094.95,0,0
240,TRANSFER,2114.17,C100003475,37824.55,35710.38,C200001124,27030.96,29145.13,0,0
240,TRANSFER,1481.66,C100005166,107461.64,105979.98,C200001617,10814.7,12296.36,0,0
240,TRANSFER,1089.76,C100005312,5429.75,4339.99,C200002139,46463.57,47553.33,0,0
240,TRANSFER,4615.04,C100005615,27260.72,22645.68,C200006196,54231.62,58846.66,0,0
240,TRANSFER,3239.73,C100005975,352915.18,349675.45,C200000215,120287.2,123526.93,0,0
240,TRANSFER,419.77,C100006555,59334.17,58914.4,C200006156,51098.01,51517.78,0,0
240,TRANSFER,1676.0,C100006990,88520.17,86844.17,C200001351,14334.65,16010.65,0,0
240,TRANSFER,404.88,C100006999,43496.02,43091.14,C200000456,4203.66,4608.54,0,0
241,TRANSFER,7103.27,C100000176,24366.23,17262.96,C200003616,35747.73,42851.0,0,0
241,TRANSFER,934.04,C100000610,86677.57,85743.53,C200004387,46839.53,47773.57,0,0
241,TRANSFER,1658.35,C100000763,9365.62,7707.27,C200004621,10434.38,12092.73,0,0
241,TRANSFER,10365.48,C100001963,12876.915360168055,2511.44,C200003259,15381.59,25747.07,0,0
241,TRANSFER,3944.16,C100002204,48592.73,44648.57,C200001722,14244.0,18188.16,0,0
241,TRANSFER,728.32,C100003505,85052.18,84323.86,C200003582,43963.06,44691.38,0,0
241,TRANSFER,10352.66,C100003635,46245.53,35892.87,C200002314,17481.37,27834.03,0,0
241,TRANSFER,777.42,C100003759,61037.66,60260.24,C200003765,9619.99,10397.41,0,0
241,TRANSFER,2037.0,C100004408,10061.0,8024.0,C200002769,40962.17,42999.17,0,0
241,TRANSFER,300.92,C100006014,37395.8,37094.88,C200006106,17747.09,18048.01,0,0
241,TRANSFER,232.29,C100006939,19202.65,18970.36,C200006457,28230.1,28462.39,0,0
242,TRANSFER,3732.72,C100000638,82017.51,78284.79,C200002019,3834.38,7567.1,0,0
242,TRANSFER,1453.45,C100001074,7229.88,5776.43,C200004193,59218.56,60672.01,0,0
242,TRANSFER,124.24,C100001469,141611.86,141487.62,C200004418,24414.31,24538.55,0,0
242,TRANSFER,3041.59,C100002202,56494.81,53453.22,C200003976,8532.08,11573.67,0,0
242,TRANSFER,2777.08,C100003310,5535.33650685143,2758.26,C200004265,34812.69,37589.77,0,0
242,TRANSFER,4945.03,C100003754,33895.95,28950.92,C200002218,36579.73,41524.76,0,0
242,TRANSFER,1484.61,C100005161,13355.89,11871.28,C200005799,72088.36,73572.97,0,0
242,TRANSFER,3250.51,C100006700,19280.68,16030.17,C200001659,3390.8,6641.31,0,0
243,TRANSFER,2862.84,C100000858,54147.86,51285.02,C200002086,63678.01,66540.85,0,0
243,TRANSFER,3188.25,C100000941,39136.39,35948.14,C200002091,3569.1,6757.35,0,0
243,TRANSFER,15730.79,C100001683,49772.07,34041.28,C200000750,6863.04,22593.83,0,0
243,TRANSFER,2970.32,C100002036,34428.56,31458.24,C200001462,2311.4,5281.72,0,0
243,TRANSFER,690.21,C100003063,9581.36,8891.15,C200006291,37622.01,38312.22,0,0
243,TRANSFER,8649.31,C100003361,60843.12,52193.81,C200003789,90387.71,99037.02,0,0
243,TRANSFER,1426.96,C100003790,10646.9,9219.94,C200002812,19333.81,20760.77,0,0
243,TRANSFER,2431.44,C100004035,23447.62,21016.18,C200003914,11789.57,14221.01,0,0
243,TRANSFER,418.91,C100004488,140488.42,140069.51,C200004287,8491.04,8909.95,0,0
243,TRANSFER,1230.35,C100005478,75102.51,73872.16,C200002318,15253.86,16484.21,0,0
243,TRANSFER,6121.71,C100006077,200887.56,194765.85,C200003694,3421.69,9543.4,0,0
243,TRANSFER,3966.5,C100006738,48020.99,44054.49,C200006024,4372.27,8338.77,0,0
244,TRANSFER,1270.72,C100000201,9730.4,8459.68,C200004666,96360.59,97631.31,0,0
244,TRANSFER,6775.8,C100000705,9445.357439592259,2669.56,C200000729,1000000.0,1006775.8,0,0
244,TRANSFER,11192.41,C100001427,49102.75,37910.34,C200004324,26232.93,37425.34,0,0
244,TRANSFER,1310.02,C100001847,18267.36,16957.34,C200005153,4651.09,5961.11,0,0
244,TRANSFER,2682.1,C100001873,213999.69,211317.59,C200001749,13741.31,16423.41,0,0
244,TRANSFER,5803.03,C100002211,34705.43,28902.4,C200003989,251021.22,256824.25,0,0
244,TRANSFER,2136.67,C100002234,36662.23,34525.56,C200004967,94243.76,96380.43,0,0
244,TRANSFER,566.27,C100002243,273372.49,272806.22,C200005971,405231.05,405797.32,0,0
244,TRANSFER,1671.73,C100002652,40097.82,38426.09,C200003595,3527.86,5199.59,0,0
244,TRANSFER,1197.52,C100003150,45922.98,44725.46,C200002768,77816.99,79014.51,0,0
244,TRANSFER,634.98,C100003569,3893.04685126545,3258.07,C200002443,40709.74,41344.72,0,0
244,TRANSFER,9394.42,C100004953,21062.57,11668.15,C200002808,75969.18,85363.6,0,0
244,TRANSFER,592.59,C100005179,31752.46,31159.87,C200004244,31426.8,32019.39,0,0
244,TRANSFER,7407.97,C100006201,18633.16,11225.19,C200000285,850.43,8258.4,0,0
244,TRANSFER,6869.8,C100006849,38380.68,31510.88,C200002074,91421.26,98291.06,0,0
245,TRANSFER,1093.06,C100000619,18975.38,17882.32,C200002764,10905.16,11998.22,0,0
245,TRANSFER,1918.44,C100000866,134316.65,132398.21,C200000498,139726.77,141645.21,0,0
245,TRANSFER,6532.68,C100001308,62367.84,55835.16,C200001233,135940.08,142472.76,0,0
245,TRANSFER,287.11,C100001332,54122.78,53835.67,C200003000,46208.32,46495.43,0,0
245,TRANSFER,147.02,C100001381,108415.55,108268.53,C200001679,12569.26,12716.28,0,0
245,TRANSFER,4702.13,C100002117,51771.18,47069.05,C200000159,15700.95,20403.08,0,0
245,TRANSFER,2198.4,C100002526,16189.13,13990.73,C200006076,26861.66,29060.06,0,0
245,TRANSFER,6083.37,C100004540,8983.541208616994,2900.17,C200003440,6985.32,13068.69,0,0
245,TRANSFER,242.78,C100004973,13531.53,13288.75,C200001072,7379.92,7622.7,0,0
245,TRANSFER,730.6,C100005193,5712.919143625174,4982.32,C200004387,118722.07,119452.67,0,0
245,TRANSFER,214.01,C100005439,54963.04,54749.03,C200001302,11719.59,11933.6,0,0
245,TRANSFER,589.44,C100006117,240494.36,239904.92,C200005989,127707.93,128297.37,0,0
245,TRANSFER,623.19,C100006716,6142.13,5518.94,C200000454,24352.68,24975.87,0,0
246,TRANSFER,11352.95,C100000311,21454.59,10101.64,C200000238,78672.46,90025.41,0,0
246,TRANSFER,6646.03,C100002201,105510.53,98864.5,C200006263,47256.11,53902.14,0,0
246,TRANSFER,827.09,C100002585,8653.95,7826.86,C200004958,182418.7,183245.79,0,0
246,TRANSFER,720.29,C100002773,10135.94,9415.65,C200006143,8793.81,9514.1,0,0
246,TRANSFER,4030.35,C100003275,63570.88,59540.53,C200000736,19417.14,23447.49,0,0
246,TRANSFER,11965.79,C100004230,25989.69,14023.9,C200002066,28968.5,40934.29,0,0
246,TRANSFER,1231.15,C100004274,10372.39,9141.24,C200005211,10399.11,11630.26,0,0
246,TRANSFER,503.88,C100004279,9304.41,8800.53,C200001673,45878.71,46382.59,0,0
246,TRANSFER,687.52,C100004620,42948.01,42260.49,C200002535,12754.83,13442.35,0,0
246,TRANSFER,4173.44,C100005011,6170.627355942122,1997.19,C200000534,19211.13,23384.57,0,0
246,TRANSFER,7772.62,C100005169,12060.89,4288.27,C200002387,76083.61,83856.23,0,0
246,TRANSFER,193.8,C100006009,420012.36,419818.56,C200001389,1471.13,1664.93,0,0
246,TRANSFER,8013.92,C100006201,8653.185858445886,639.27,C200003886,6405.17,14419.09,0,0
247,TRANSFER,3446.11,C100000321,14490.62,11044.51,C200001864,59830.87,63276.98,0,0
247,TRANSFER,458.12,C100000788,4909.785254915467,4451.67,C200004992,18661.23,19119.35,0,0
247,TRANSFER,1893.1,C100000879,11909.72,10016.62,C200003388,132890.4,134783.5,0,0
247,TRANSFER,1996.69,C100001343,43285.04,41288.35,C200001862,14950.97,16947.66,0,0
247,TRANSFER,1077.0,C100001818,43464.9,42387.9,C200002568,364581.28,365658.28,0,0
247,TRANSFER,5776.33,C100002059,26170.72,20394.39,C200003876,33330.91,39107.24,0,0
247,TRANSFER,2227.58,C100002638,34291.4,32063.82,C200001732,10405.28,12632.86,0,0
247,TRANSFER,119.01,C100002909,30790.52,30671.51,C200003944,14876.79,14995.8,0,0
247,TRANSFER,3207.55,C100002923,10003.87,6796.32,C200000602,7636.5,10844.05,0,0
247,TRANSFER,2574.47,C100003309,91250.1,88675.63,C200000383,51082.4,53656.87,0,0
247,TRANSFER,3173.64,C100003677,101532.94,98359.3,C200000578,16912.27,20085.91,0,0
247,TRANSFER,514.06,C100004065,24384.44,23870.38,C200005652,137157.23,137671.29,0,0
247,TRANSFER,3437.24,C100005901,24974.03,21536.79,C200004682,13838.49,17275.73,0,0
247,TRANSFER,852.81,C100006814,10742.65,9889.84,C200005182,11553.58,12406.39,0,0
247,TRANSFER,37494.53,C100006971,66100.45,28605.92,C200000748,24271.93,61766.46,0,0
248,TRANSFER,2165.78,C100000065,15962.3,13796.52,C200005762,18438.86,20604.64,0,0
248,TRANSFER,1446.94,C100001467,235305.74,233858.8,C200002809,181703.1,183150.04,0,0
248,TRANSFER,448.18,C100003061,6144.94,5696.76,C200001636,5937.1,6385.28,0,0
248,TRANSFER,728.8,C100003084,65764.29,65035.49,C200001164,252543.98,253272.78,0,0
248,TRANSFER,1819.51,C100004108,55302.46,53482.95,C200003037,51760.41,53579.92,0,0
248,TRANSFER,605.38,C100004877,15066.15,14460.77,C200005027,5425.09,6030.47,0,0
248,TRANSFER,625.12,C100005959,13354.82,12729.7,C200003103,26414.35,27039.47,0,0
248,TRANSFER,319.5,C100006075,87276.98,86957.48,C200004254,52693.26,53012.76,0,0
248,TRANSFER,958.74,C100006448,19062.73,18103.99,C200002708,72296.81,73255.55,0,0
248,TRANSFER,334.55,C100006749,25475.25,25140.7,C200004581,22816.92,23151.47,0,0
248,TRANSFER,1325.51,C100006864,11487.21,10161.7,C200002876,93183.36,94508.87,0,0
249,TRANSFER,1708.58,C100001047,4584.6163830793475,2876.04,C200000810,18685.12,20393.7,0,0
249,TRANSFER,1675.11,C100002043,28856.04,27180.93,C200000894,33386.92,35062.03,0,0
249,TRANSFER,6028.67,C100002797,9280.42,3251.75,C200005935,24320.82,30349.49,0,0
249,TRANSFER,8198.38,C100003090,12809.817245078291,4611.44,C200000690,3486.79,11685.17,0,0
249,TRANSFER,2852.45,C100003109,17285.38,14432.93,C200004628,15116.35,17968.8,0,0
249,TRANSFER,4885.27,C100003119,92838.78,87953.51,C200002948,12372.76,17258.03,0,0
249,TRANSFER,1834.96,C100003566,89385.23,87550.27,C200003039,17251.43,19086.39,0,0
249,TRANSFER,1903.35,C100003929,14162.5,12259.15,C200000575,458362.0,460265.35,0,0
249,TRANSFER,1740.02,C100003947,4460.642361062602,2720.62,C200000874,6945.55,8685.57,0,0
249,TRANSFER,2213.19,C100004566,25373.51,23160.32,C200000986,9077.94,11291.13,0,0
249,TRANSFER,4506.39,C100005095,30064.93,25558.54,C200005624,39018.59,43524.98,0,0
249,TRANSFER,187.58,C100005943,193253.94,193066.36,C200000561,8213.87,8401.45,0,0
249,TRANSFER,5133.43,C100006083,28330.19,23196.76,C200001563,9808.95,14942.38,0,0
249,TRANSFER,809.4,C100006141,51891.98,51082.58,C200001970,27377.81,28187.21,0,0
249,TRANSFER,858.19,C100006163,5583.93,4725.74,C200000222,72315.54,73173.73,0,0
249,TRANSFER,4357.9,C100006707,66462.6,62104.7,C200003098,1490.78,5848.68,0,0
250,TRANSFER,266.13,C100002439,279723.99,279457.86,C200004883,7327.9,7594.03,0,0
250,TRANSFER,1364.69,C100003333,21669.13,20304.44,C200000217,11407.84,12772.53,0,0
250,TRANSFER,374.99,C100004462,2480.12,2105.13,C200000550,45428.14,45803.13,0,0
250,TRANSFER,723.35,C100004631,21626.11,20902.76,C200000631,7496.02,8219.37,0,0
250,TRANSFER,2333.05,C100004733,9483.1,7150.05,C200003254,27657.94,29990.99,0,0
250,TRANSFER,18569.93,C100004959,39996.23,21426.3,C200006130,40184.38,58754.31,0,0
250,TRANSFER,555.0,C100005407,117537.22,116982.22,C200005854,5329.84,5884.84,0,0
250,TRANSFER,4858.75,C100005725,12170.76,7312.01,C200001119,77966.43,82825.18,0,0
250,TRANSFER,598.77,C100006103,71109.05,70510.28,C200003977,13117.68,13716.45,0,0
251,TRANSFER,3576.39,C100000076,14199.51,10623.12,C200003621,21935.7,25512.09,0,0
251,TRANSFER,3267.25,C100000794,47430.23,44162.98,C200005808,12259.01,15526.26,0,0
251,TRANSFER,4610.66,C100001071,56931.03,52320.37,C200003125,20985.54,25596.2,0,0
251,TRANSFER,10129.07,C100001305,24113.67,13984.6,C200004385,57755.2,67884.27,0,0
251,TRANSFER,2461.27,C100002246,75160.09,72698.82,C200002148,7146.71,9607.98,0,0
251,TRANSFER,707.56,C100002344,59223.55,58515.99,C200001844,17569.54,18277.1,0,0
251,TRANSFER,13103.7,C100002752,22905.03,9801.33,C200002957,100466.13,113569.83,0,0
251,TRANSFER,8330.43,C100003374,98026.64,89696.21,C200004137,10823.35,19153.78,0,0
251,TRANSFER,799.1,C100003494,10555.03,9755.93,C200003665,2471.36,3270.46,0,0
251,TRANSFER,2585.89,C100004251,60516.47,57930.58,C200000184,78424.04,81009.93,0,0
251,TRANSFER,1268.33,C100004614,1475.0763414553267,206.75,C200006431,48724.12,49992.45,0,0
251,TRANSFER,133.02,C100005090,26369.4,26236.38,C200001009,105198.13,105331.15,0,0
251,TRANSFER,3623.44,C100005794,51741.17,48117.73,C200001249,6808.95,10432.39,0,0
251,TRANSFER,348.5,C100006488,15377.0,15028.5,C200000867,1636.01,1984.51,0,0
251,TRANSFER,23948.26,C100006818,52788.34,28840.08,C200004386,4189.66,28137.92,0,0
252,TRANSFER,1034.28,C100000525,443049.89,442015.61,C200003129,2336.04,3370.32,0,0
252,TRANSFER,2273.91,C100000890,299980.89,297706.98,C200000115,12398.95,14672.86,0,0
252,TRANSFER,275.01,C100001093,155522.52,155247.51,C200000440,10840.56,11115.57,0,0
252,TRANSFER,472.62,C100001226,23270.76,22798.14,C200004527,30918.21,31390.83,0,0
252,TRANSFER,1246.68,C100002544,14734.69,13488.01,C200006174,31155.14,32401.82,0,0
252,TRANSFER,1902.48,C100004178,17491.47,15588.99,C200005746,12308.0,14210.48,0,0
252,TRANSFER,1783.32,C100004337,40921.91,39138.59,C200004092,54926.3,56709.62,0,0
252,TRANSFER,378.34,C100004609,70801.74,70423.4,C200004895,87278.6,87656.94,0,0
252,TRANSFER,3005.72,C100004824,15026.71,12020.99,C200004839,68678.13,71683.85,0,0
252,TRANSFER,4117.5,C100005842,183296.36,179178.86,C200006430,30832.59,34950.09,0,0
252,TRANSFER,1351.3,C100006136,130964.44,129613.14,C200001923,120829.53,122180.83,0,0
252,TRANSFER,1419.57,C100006267,48611.17,47191.6,C200003839,32782.4,34201.97,0,0
253,TRANSFER,1144.42,C100000484,4616.83,3472.41,C200000597,57119.32,58263.74,0,0
253,TRANSFER,1255.7,C100000823,636889.5,635633.8,C200003542,40265.26,41520.96,0,0
253,TRANSFER,1357.48,C100001149,33882.67,32525.19,C200005533,52430.38,53787.86,0,0
253,TRANSFER,1061.7,C100001411,47354.85,46293.15,C200004961,2730.52,3792.22,0,0
253,TRANSFER,19165.57,C100002205,159037.31,139871.74,C200002054,37044.56,56210.13,0,0
253,TRANSFER,1626.54,C100002398,25520.22,23893.68,C200005299,402035.23,403661.77,0,0
253,TRANSFER,2074.71,C100002506,51355.04,49280.33,C200004548,30211.12,32285.83,0,0
253,TRANSFER,17390.97,C100003019,69076.11,51685.14,C200006004,38602.17,55993.14,0,0
253,TRANSFER,4193.63,C100003212,16211.51,12017.88,C200001655,57281.72,61475.35,0,0
253,TRANSFER,4287.55,C100003431,24624.08,20336.53,C200002380,3910.99,8198.54,0,0
253,TRANSFER,2874.03,C100003653,18607.55,15733.52,C200006032,20916.9,23790.93,0,0
253,TRANSFER,7773.16,C100003688,51664.54,43891.38,C200002479,17351.37,25124.53,0,0
253,TRANSFER,4530.8,C100003948,391188.31,386657.51,C200002873,54529.76,59060.56,0,0
253,TRANSFER,20523.04,C100004248,26937.46,6414.42,C200004119,57056.9,77579.94,0,0
253,TRANSFER,2497.95,C100004865,12470.32,9972.37,C200006064,36142.26,38640.21,0,0
253,TRANSFER,3818.55,C100005588,25762.02,21943.47,C200002029,114314.22,118132.77,0,0
254,TRANSFER,4522.65,C100000354,92751.22,88228.57,C200001556,104139.23,108661.88,0,0
254,TRANSFER,2455.23,C100000776,53799.89,51344.66,C200002400,22203.6,24658.83,0,0
254,TRANSFER,1454.55,C100000975,30013.25,28558.7,C200000116,55246.35,56700.9,0,0
254,TRANSFER,11909.98,C100001513,27910.91,16000.93,C200003903,32317.61,44227.59,0,0
254,TRANSFER,2711.45,C100002221,22597.78,19886.33,C200005703,148391.72,151103.17,0,0
254,TRANSFER,3453.46,C100002857,7019.669523320221,3566.21,C200002819,32650.97,36104.43,0,0
254,TRANSFER,3142.03,C100003618,35091.07,31949.04,C200003168,8809.69,11951.72,0,0
254,TRANSFER,1815.05,C100004161,45901.6,44086.55,C200005645,4522.61,6337.66,0,0
254,TRANSFER,956.23,C100004895,8605.53,7649.3,C200005232,4284.96,5241.19,0,0
254,TRANSFER,2452.72,C100005130,65653.63,63200.91,C200004091,35844.43,38297.15,0,0
254,TRANSFER,7538.93,C100005147,31578.81,24039.88,C200005383,10535.03,18073.96,0,0
254,TRANSFER,186.58,C100005260,26733.79,26547.21,C200006434,36221.36,36407.94,0,0
254,TRANSFER,15957.99,C100005361,109890.83,93932.84,C200002506,13509.72,29467.71,0,0
254,TRANSFER,1602.57,C100005505,73297.09,71694.52,C200001692,3086.28,4688.85,0,0
254,TRANSFER,247.44,C100005855,27657.88,27410.44,C200001416,21649.96,21897.4,0,0
254,TRANSFER,1919.22,C100006277,13280.95,11361.73,C200000829,12829.83,14749.05,0,0
255,TRANSFER,1106.99,C100000045,9262.82,8155.83,C200002589,9019.88,10126.87,0,0
255,TRANSFER,557.27,C100000333,179903.22,179345.95,C200003095,20160.85,20718.12,0,0
255,TRANSFER,472.79,C100001446,51182.9,50710.11,C200004597,364579.58,365052.37,0,0
255,TRANSFER,4397.06,C100001731,43751.55,39354.49,C200000740,27004.58,31401.64,0,0
255,TRANSFER,1923.67,C100001789,45211.76,43288.09,C200004498,42913.38,44837.05,0,0
255,TRANSFER,5990.51,C100001845,19014.37,13023.86,C200002509,12387.38,18377.89,0,0
255,TRANSFER,6561.82,C100002280,14026.58,7464.76,C200005960,4831.83,11393.65,0,0
255,TRANSFER,8087.74,C100002903,10578.071340427381,2490.33,C200005352,33933.1,42020.84,0,0
255,TRANSFER,247.91,C100003114,22361.76,22113.85,C200000808,15511.26,15759.17,0,0
255,TRANSFER,8641.91,C100003292,18014.43,9372.52,C200002653,28832.83,37474.74,0,0
255,TRANSFER,1854.89,C100003403,9792.0,7937.11,C200000760,169343.37,171198.26,0,0
255,TRANSFER,1154.58,C100003657,169465.81,168311.23,C200002155,3330.13,4484.71,0,0
255,TRANSFER,3518.2,C100004602,32758.57,29240.37,C200001461,113988.2,117506.4,0,0
255,TRANSFER,12984.65,C100004743,17322.470509398885,4337.82,C900008025,44724.75,57709.4,1,0
255,TRANSFER,4632.82,C100005009,33749.89,29117.07,C200004066,125660.12,130292.94,0,0
255,TRANSFER,1474.88,C100005208,27196.46,25721.58,C200000879,1303.18,2778.06,0,0
255,TRANSFER,51768.59,C100005239,51779.84509341777,11.26,C200000474,45515.54,97284.13,0,0
256,TRANSFER,3467.81,C100000868,11391.53,7923.72,C200001166,147665.52,151133.33,0,0
256,TRANSFER,1082.21,C100000889,25880.91,24798.7,C200005992,36611.06,37693.27,0,0
256,TRANSFER,1056.31,C100000960,81812.35,80756.04,C200002836,17625.54,18681.85,0,0
256,TRANSFER,4847.07,C100001334,19810.12,14963.05,C200005420,44916.48,49763.55,0,0
256,TRANSFER,7878.04,C100001340,11696.884648337327,3818.84,C200000793,6206.11,14084.15,0,0
256,TRANSFER,1964.32,C100001765,45110.53,43146.21,C200003658,73882.0,75846.32,0,0
256,TRANSFER,891.86,C100001774,174591.0,173699.14,C200001097,8467.55,9359.41,0,0
256,TRANSFER,1447.41,C100001876,5473.62,4026.21,C200000631,78220.86,79668.27,0,0
256,TRANSFER,3372.83,C100001882,12199.39,8826.56,C200004552,14155.65,17528.48,0,0
256,TRANSFER,949.83,C100002035,13792.84,12843.01,C200004511,852178.72,853128.55,0,0
256,TRANSFER,1383.66,C100002122,79211.93,77828.27,C200002287,12228.11,13611.77,0,0
256,TRANSFER,4788.3,C100002161,151520.09,146731.79,C200003458,31380.61,36168.91,0,0
256,TRANSFER,1547.77,C100002842,6388.02,4840.25,C200004779,9617.64,11165.41,0,0
256,TRANSFER,1403.04,C100003557,91259.05,89856.01,C200003712,32560.14,33963.18,0,0
256,TRANSFER,145.79,C100003922,132876.58,132730.79,C200003358,67522.52,67668.31,0,0
256,TRANSFER,7675.91,C100004182,64295.89,56619.98,C200000501,7023.94,14699.85,0,0
256,TRANSFER,1289.59,C100005121,277576.37,276286.78,C200004462,110186.9,111476.49,0,0
256,TRANSFER,478.31,C100006505,110414.84,109936.53,C200005350,16687.38,17165.69,0,0
257,TRANSFER,1809.38,C100000742,48444.88,46635.5,C200002000,10692.09,12501.47,0,0
257,TRANSFER,1028.7,C100001885,15568.66,14539.96,C200001084,21795.61,22824.31,0,0
257,TRANSFER,496.46,C100002105,2613.488952613623,2117.03,C200003715,6625.62,7122.08,0,0
257,TRANSFER,2695.97,C100002418,82020.85,79324.88,C200002702,24651.6,27347.57,0,0
257,TRANSFER,122.06,C100003801,28732.83,28610.77,C200005313,5299.72,5421.78,0,0
257,TRANSFER,4264.92,C100004671,10351.72,6086.8,C200000259,871.95,5136.87,0,0
257,TRANSFER,3999.59,C100004985,49238.55,45238.96,C200006286,57276.48,61276.07,0,0
257,TRANSFER,4290.78,C100005521,365133.15,360842.37,C200003338,29288.34,33579.12,0,0
257,TRANSFER,490.17,C100006516,771574.18,771084.01,C200002630,1620.43,2110.6,0,0
258,TRANSFER,576.87,C100001694,31189.68,30612.81,C200003318,224139.65,224716.52,0,0
258,TRANSFER,5999.98,C100003292,37800.37,31800.39,C200002251,212744.34,218744.32,0,0
258,TRANSFER,11195.12,C100003713,12724.460718935661,1529.34,C200005987,111757.16,122952.28,0,0
258,TRANSFER,1457.75,C100004863,31435.55,29977.8,C200003530,7043.24,8500.99,0,0
258,TRANSFER,2177.45,C100005690,114223.62,112046.17,C200004387,17332.2,19509.65,0,0
258,TRANSFER,3022.51,C100006313,86391.54,83369.03,C200002292,8386.95,11409.46,0,0
258,TRANSFER,2565.1,C100006840,17643.67,15078.57,C200001777,11030.75,13595.85,0,0
259,TRANSFER,3553.36,C100000400,56531.47,52978.11,C200002931,191624.81,195178.17,0,0
259,TRANSFER,3650.75,C100000515,141376.99,137726.24,C200005981,4513.25,8164.0,0,0
259,TRANSFER,4828.89,C100000869,14338.61,9509.72,C200000432,38577.23,43406.12,0,0
259,TRANSFER,3341.56,C100001695,34608.48,31266.92,C200000566,15533.6,18875.16,0,0
259,TRANSFER,1080.2,C100002399,22806.02,21725.82,C200005354,185949.48,187029.68,0,0
259,TRANSFER,4990.06,C100002524,35901.3,30911.24,C200001860,389888.47,394878.53,0,0
259,TRANSFER,2079.34,C100003286,10078.72,7999.38,C200004727,14873.53,16952.87,0,0
259,TRANSFER,1762.44,C100003674,19746.43,17983.99,C200001558,74368.54,76130.98,0,0
259,TRANSFER,4325.87,C100004022,24251.05,19925.18,C200001551,21727.11,26052.98,0,0
259,TRANSFER,2055.07,C100004519,56574.56,54519.49,C200002638,90551.45,92606.52,0,0
259,TRANSFER,4426.66,C100004604,24105.11,19678.45,C200003733,325329.37,329756.03,0,0
259,TRANSFER,3152.74,C100004796,26277.8,23125.06,C200003600,6486.3,9639.04,0,0
259,TRANSFER,3289.03,C100004945,8065.7,4776.67,C200006374,2292.64,5581.67,0,0
259,TRANSFER,3061.33,C100006724,21903.48,18842.15,C200005618,6663.36,9724.69,0,0
260,TRANSFER,5002.2,C100002980,15627.77,10625.57,C200001788,3773.58,8775.78,0,0
260,TRANSFER,3236.41,C100003098,7510.636869475315,4274.23,C200003275,260731.09,263967.5,0,0
260,TRANSFER,6102.22,C100003354,271509.13,265406.91,C200000316,55329.85,61432.07,0,0
260,TRANSFER,1118.29,C100003623,9268.5,8150.21,C200000404,157886.36,159004.65,0,0
260,TRANSFER,1958.8,C100003776,120434.73,118475.93,C200003014,146069.44,148028.24,0,0
260,TRANSFER,3103.94,C100005805,18488.45,15384.51,C200006175,4650.35,7754.29,0,0
260,TRANSFER,20917.52,C100006009,25586.731832917758,4669.21,C200005157,12699.18,33616.7,0,0
260,TRANSFER,2418.91,C100006329,88385.7,85966.79,C200006090,103706.08,106124.99,0,0
261,TRANSFER,554.01,C100000164,98171.13,97617.12,C200005168,61106.64,61660.65,0,0
261,TRANSFER,537.09,C100000277,13782.97,13245.88,C200006163,31533.14,32070.23,0,0
261,TRANSFER,16510.07,C100000334,19249.6,2739.53,C200001661,52888.61,69398.68,0,0
261,TRANSFER,1981.86,C100000976,30457.35,28475.49,C200002714,71652.75,73634.61,0,0
261,TRANSFER,413.12,C100001247,30858.85,30445.73,C200005498,45678.82,46091.94,0,0
261,TRANSFER,25624.55,C100001373,28650.38785880735,3025.84,C200006402,13398.47,39023.02,0,0
261,TRANSFER,3366.97,C100001521,108218.1,104851.13,C200005343,53997.08,57364.05,0,0
261,TRANSFER,9535.18,C100001540,42195.21,32660.03,C200005380,126279.87,135815.05,0,0
261,TRANSFER,4215.87,C100001558,39327.35,35111.48,C200000348,1742.91,5958.78,0,0
261,TRANSFER,1442.63,C100002450,18048.96,16606.33,C200000105,31261.87,32704.5,0,0
261,TRANSFER,1516.89,C100002670,3952.191003575086,2435.3,C200006452,20900.78,22417.67,0,0
261,TRANSFER,4787.01,C100003301,52296.03,47509.02,C200003877,1787.41,6574.42,0,0
261,TRANSFER,1336.82,C100003461,192940.82,191604.0,C200001622,69498.43,70835.25,0,0
261,TRANSFER,3645.3,C100005733,5831.146245916738,2185.85,C200000829,159366.43,163011.73,0,0
261,TRANSFER,24718.39,C100005928,402717.03,377998.64,C200001274,29112.91,53831.3,0,0
261,TRANSFER,3438.29,C100006429,15158.39,11720.1,C200000001,30397.27,33835.56,0,0
261,TRANSFER,4839.02,C100006924,30946.55,26107.53,C200000682,53481.22,58320.24,0,0
262,TRANSFER,1922.22,C100000115,60861.96,58939.74,C200006495,14069.51,15991.73,0,0
262,TRANSFER,405.36,C100000764,15679.16,15273.8,C200001382,23529.72,23935.08,0,0
262,TRANSFER,2270.96,C100001541,31773.26,29502.3,C200000666,26957.01,29227.97,0,0
262,TRANSFER,2870.84,C100001864,49647.56,46776.72,C200002884,189499.56,192370.4,0,0
262,TRANSFER,2468.41,C100003306,9993.41,7525.0,C200005505,12732.8,15201.21,0,0
262,TRANSFER,974.19,C100003802,13619.01,12644.82,C200002777,129725.79,130699.98,0,0
262,TRANSFER,952.16,C100004213,106121.41,105169.25,C200003659,23651.97,24604.13,0,0
262,TRANSFER,6652.62,C100005415,29596.57,22943.95,C200006351,2539.61,9192.23,0,0
262,TRANSFER,4120.76,C100005927,334591.11,330470.35,C200000851,63284.96,67405.72,0,0
262,TRANSFER,1859.44,C100005987,39509.99,37650.55,C200000003,8092.22,9951.66,0,0
262,TRANSFER,4402.96,C100006039,94983.62,90580.66,C200002735,75150.06,79553.02,0,0
262,TRANSFER,2728.98,C100006043,257702.37,254973.39,C200004116,686780.22,689509.2,0,0
262,TRANSFER,9997.81,C100006156,91351.33,81353.52,C200003191,22656.85,32654.66,0,0
262,TRANSFER,1424.69,C100006880,8024.2,6599.51,C200000358,29775.14,31199.83,0,0
263,TRANSFER,2184.72,C100000014,20446.85,18262.13,C200002116,2336.79,4521.51,0,0
263,TRANSFER,5707.93,C100000229,79664.46,73956.53,C200000307,29857.73,35565.66,0,0
263,TRANSFER,4329.84,C100001237,118941.07,114611.23,C200005756,2740.84,7070.68,0,0
263,TRANSFER,2648.94,C100001712,27305.67,24656.73,C200003667,24714.03,27362.97,0,0
263,TRANSFER,8849.49,C100001853,10868.7825060641,2019.29,C200004254,38761.91,47611.4,0,0
263,TRANSFER,359.26,C100003490,43400.46,43041.2,C200003471,20284.93,20644.19,0,0
263,TRANSFER,63413.78,C100003575,63716.45046622915,302.67,C200000961,82949.33,146363.11,0,0
263,TRANSFER,323.08,C100003672,36965.28,36642.2,C200002910,41983.93,42307.01,0,0
263,TRANSFER,20251.26,C100004638,65416.76,45165.5,C200001244,11419.93,31671.19,0,0
263,TRANSFER,11251.0,C100005184,73518.52,62267.52,C200001504,21025.61,32276.61,0,0
263,TRANSFER,421.07,C100006396,94837.75,94416.68,C200002141,156880.76,157301.83,0,0
263,TRANSFER,2473.1,C100006482,87647.43,85174.33,C200001710,7678.85,10151.95,0,0
263,TRANSFER,1495.58,C100006677,16646.22,15150.64,C200002264,41631.34,43126.92,0,0
264,TRANSFER,6039.57,C100002309,42278.37,36238.8,C200003493,63163.46,69203.03,0,0
264,TRANSFER,739.81,C100004097,161778.77,161038.96,C200001821,2703.89,3443.7,0,0
264,TRANSFER,468.74,C100004462,76473.88,76005.14,C200004617,33036.24,33504.98,0,0
264,TRANSFER,1753.37,C100005175,136431.71,134678.34,C200003384,9936.94,11690.31,0,0
264,TRANSFER,13029.36,C100006211,16802.18,3772.82,C200002266,28168.13,41197.49,0,0
264,TRANSFER,8345.37,C100006465,179864.54,171519.17,C200004388,812.72,9158.09,0,0
265,TRANSFER,3757.5,C100000764,31014.76,27257.26,C200003838,221977.95,225735.45,0,0
265,TRANSFER,12759.38,C100001391,107588.81,94829.43,C200001506,21007.37,33766.75,0,0
265,TRANSFER,6658.41,C100002050,11492.58,4834.17,C200003648,13864.83,20523.24,0,0
265,TRANSFER,761.19,C100002104,38158.95,37397.76,C200003295,2035.96,2797.15,0,0
265,TRANSFER,5609.61,C100002128,130292.25,124682.64,C200000228,6301.37,11910.98,0,0
265,TRANSFER,1513.28,C100003382,2553.26,1039.98,C200004899,81291.63,82804.91,0,0
265,TRANSFER,4358.32,C100004488,18028.62,13670.3,C200003020,345792.68,350151.0,0,0
265,TRANSFER,5606.78,C100004689,27626.75,22019.97,C200005076,80704.11,86310.89,0,0
265,TRANSFER,2697.75,C100005060,11267.48,8569.73,C200004475,14469.45,17167.2,0,0
265,TRANSFER,1288.0,C100005120,18010.13,16722.13,C200003784,417519.75,418807.75,0,0
265,TRANSFER,4414.92,C100005503,7641.651060446518,3226.73,C200001797,28268.63,32683.55,0,0
265,TRANSFER,1068.68,C100005789,9065.84,7997.16,C200002904,6995.85,8064.53,0,0
265,TRANSFER,2673.82,C100005817,7343.166384595106,4669.35,C200003753,4439.76,7113.58,0,0
265,TRANSFER,221.45,C100006780,21618.79,21397.34,C200004267,14772.54,14993.99,0,0
266,TRANSFER,554.1,C100000716,39675.6,39121.5,C200004077,3235.78,3789.88,0,0
266,TRANSFER,4362.98,C100002914,178953.01,174590.03,C200002049,4750.3,9113.28,0,0
266,TRANSFER,3564.45,C100003547,7486.62,3922.17,C200004247,3671.18,7235.63,0,0
266,TRANSFER,5438.06,C100005991,14433.91,8995.85,C200001363,34698.06,40136.12,0,0
266,TRANSFER,3389.96,C100006787,153850.4,150460.44,C200000839,24173.26,27563.22,0,0
266,TRANSFER,418.37,C100006895,137267.21,136848.84,C200001278,8998.97,9417.34,0,0
266,TRANSFER,1413.13,C100006958,118389.1,116975.97,C200003307,22679.1,24092.23,0,0
267,TRANSFER,301.66,C100000082,96452.56,96150.9,C200003326,102546.99,102848.65,0,0
267,TRANSFER,1797.56,C100000496,74424.23,72626.67,C200002171,35800.61,37598.17,0,0
267,TRANSFER,7688.91,C100001526,113259.03,105570.12,C200005778,161807.69,169496.6,0,0
267,TRANSFER,7513.12,C100002036,9139.112224635355,1625.99,C200003585,83641.3,91154.42,0,0
267,TRANSFER,2603.0,C100003685,4686.2,2083.2,C200003695,20808.75,23411.75,0,0
267,TRANSFER,7898.15,C100003714,42030.15,34132.0,C200000571,3854.83,11752.98,0,0
267,TRANSFER,1682.63,C100003805,38928.43,37245.8,C200006112,44096.77,45779.4,0,0
267,TRANSFER,1925.1,C100003983,91829.4,89904.3,C200000309,58083.96,60009.06,0,0
267,TRANSFER,4114.71,C100004418,25604.98,21490.27,C200003960,18332.36,22447.07,0,0
267,TRANSFER,3491.29,C100004753,26271.17,22779.88,C200001663,16022.88,19514.17,0,0
267,TRANSFER,1278.22,C100006130,51165.1,49886.88,C200003798,6509.93,7788.15,0,0
268,TRANSFER,2607.95,C100000142,36669.19,34061.24,C200006264,19976.36,22584.31,0,0
268,TRANSFER,154.32,C100000476,17739.55,17585.23,C200000488,40935.09,41089.41,0,0
268,TRANSFER,912.83,C100001509,4967.838752116551,4055.01,C200004727,19679.22,20592.05,0,0
268,TRANSFER,341.65,C100001884,102521.42,102179.77,C200002104,11826.34,12167.99,0,0
268,TRANSFER,816.34,C100002187,106190.64,105374.3,C200002657,2414.12,3230.46,0,0
268,TRANSFER,995.16,C100002365,6107.26,5112.1,C200000385,2254.43,3249.59,0,0
268,TRANSFER,13603.07,C100002606,16521.809164447946,2918.74,C200001357,123835.93,137439.0,0,0
268,TRANSFER,2717.22,C100002720,64477.37,61760.15,C200004767,1000000.0,1002717.22,0,0
268,TRANSFER,9834.99,C100002946,33209.54,23374.55,C200005705,21837.58,31672.57,0,0
268,TRANSFER,5141.15,C100004166,171131.27,165990.12,C200003638,10761.49,15902.64,0,0
268,TRANSFER,1315.12,C100004278,55730.69,54415.57,C200001276,22452.53,23767.65,0,0
268,TRANSFER,2856.54,C100004664,49574.31,46717.77,C200004328,89198.87,92055.41,0,0
268,TRANSFER,6156.83,C100004690,21099.61,14942.78,C200000604,26542.41,32699.24,0,0
268,TRANSFER,14280.91,C100005223,22464.75,8183.84,C200001626,22069.85,36350.76,0,0
268,TRANSFER,21243.93,C100005281,23792.335263656947,2548.41,C200001477,240522.22,261766.15,0,0
268,TRANSFER,2176.97,C100005440,20628.77,18451.8,C200001146,8685.06,10862.03,0,0
268,TRANSFER,20915.3,C100005630,25209.836510217596,4294.54,C200003150,11247.47,32162.77,0,0
268,TRANSFER,269.5,C100005699,19539.9,19270.4,C200001928,20066.6,20336.1,0,0
268,TRANSFER,10250.88,C100005717,29771.61,19520.73,C200002215,5244.69,15495.57,0,0
268,TRANSFER,1536.8,C100006315,63633.72,62096.92,C200003615,36670.48,38207.28,0,0
268,TRANSFER,1757.88,C100006549,59695.39,57937.51,C200004263,17646.01,19403.89,0,0
268,TRANSFER,776.86,C100006790,18597.8,17820.94,C200000290,166281.85,167058.71,0,0
269,TRANSFER,4321.16,C100000716,49282.85,44961.69,C200002827,35063.89,39385.05,0,0
269,TRANSFER,7257.37,C100001556,11274.321159066354,4016.95,C200004334,9946.25,17203.62,0,0
269,TRANSFER,8900.68,C100001862,529217.3,520316.62,C200004258,2728.51,11629.19,0,0
269,TRANSFER,1569.66,C100002271,22453.06,20883.4,C200005221,10673.94,12243.6,0,0
269,TRANSFER,814.16,C100002317,7755.15,6940.99,C200003690,37881.32,38695.48,0,0
269,TRANSFER,513.79,C100002395,41696.02,41182.23,C200006313,9726.94,10240.73,0,0
269,TRANSFER,1398.04,C100002847,352435.52,351037.48,C200001312,58180.57,59578.61,0,0
269,TRANSFER,4553.8,C100002917,202980.6,198426.8,C200001909,41444.28,45998.08,0,0
269,TRANSFER,1701.78,C100003151,15259.79,13558.01,C200004284,19556.6,21258.38,0,0
269,TRANSFER,633.07,C100003514,20771.84,20138.77,C200000060,47667.14,48300.21,0,0
269,TRANSFER,831.22,C100003530,192554.75,191723.53,C200004662,36956.79,37788.01,0,0
269,TRANSFER,2142.68,C100004245,18489.79,16347.11,C200002071,109928.5,112071.18,0,0
269,TRANSFER,350.34,C100004379,30007.71,29657.37,C200005984,4245.82,4596.16,0,0
269,TRANSFER,1702.63,C100005298,19272.07,17569.44,C200002372,66387.85,68090.48,0,0
270,TRANSFER,926.89,C100001135,228996.89,228070.0,C200003146,8297.68,9224.57,0,0
270,TRANSFER,2800.12,C100001330,37409.58,34609.46,C200004789,14712.17,17512.29,0,0
270,TRANSFER,4781.13,C100001969,91778.14,86997.01,C200002503,18898.1,23679.23,0,0
270,TRANSFER,2658.36,C100002062,86743.91,84085.55,C200003976,5010.37,7668.73,0,0
270,TRANSFER,1252.62,C100002691,19280.33,18027.71,C200000494,3040.23,4292.85,0,0
270,TRANSFER,5021.1,C100004111,27989.19,22968.09,C200003729,353.03,5374.13,0,0
270,TRANSFER,3254.24,C100004185,6539.15,3284.91,C200002987,63020.72,66274.96,0,0
270,TRANSFER,9365.05,C100004256,30736.13,21371.08,C200005048,2330.79,11695.84,0,0
270,TRANSFER,1206.96,C100004688,13281.14,12074.18,C200003427,6719.44,7926.4,0,0
270,TRANSFER,4611.89,C100004861,9241.4963267378,4629.61,C200001437,18584.13,23196.02,0,0
270,TRANSFER,1889.45,C100006137,52976.93,51087.48,C200002775,19518.49,21407.94,0,0
270,TRANSFER,868.17,C100006577,5038.99,4170.82,C200003631,20285.68,21153.85,0,0
270,TRANSFER,9535.4,C100006664,19334.97,9799.57,C200002578,12986.82,22522.22,0,0
270,TRANSFER,25584.22,C100006959,29938.31833204011,4354.1,C900008296,9054.07,34638.29,1,0
271,TRANSFER,1942.21,C100001554,9846.39,7904.18,C200003985,3615.99,5558.2,0,0
271,TRANSFER,2645.54,C100002113,15158.03,12512.49,C200002457,171567.67,174213.21,0,0
271,TRANSFER,4847.78,C100002213,27163.18,22315.4,C200002128,149835.77,154683.55,0,0
271,TRANSFER,841.21,C100002326,31041.22,30200.01,C200000958,8169.57,9010.78,0,0
271,TRANSFER,5128.51,C100002715,12611.21,7482.7,C200004962,3143.42,8271.93,0,0
271,TRANSFER,600.03,C100003676,57341.67,56741.64,C200004476,281785.99,282386.02,0,0
271,TRANSFER,437.35,C100004329,3943.73,3506.38,C200001490,42705.29,43142.64,0,0
271,TRANSFER,5969.05,C100004352,20037.88,14068.83,C200006060,25044.81,31013.86,0,0
271,TRANSFER,873.47,C100006936,26766.98,25893.51,C200005064,343061.91,343935.38,0,0
272,TRANSFER,13729.04,C100000061,38575.84,24846.8,C200000279,62168.85,75897.89,0,0
272,TRANSFER,5559.17,C100000401,8478.782676075238,2919.61,C200004841,17999.98,23559.15,0,0
272,TRANSFER,1577.34,C100000567,20844.14,19266.8,C200003315,28404.05,29981.39,0,0
272,TRANSFER,2751.27,C100000716,5248.205840088027,2496.94,C200001355,93844.19,96595.46,0,0
272,TRANSFER,672.39,C100000731,27045.26,26372.87,C200003056,257799.87,258472.26,0,0
272,TRANSFER,1424.21,C100001241,28836.07,27411.86,C200004551,47782.37,49206.58,0,0
272,TRANSFER,5070.36,C100002056,39818.55,34748.19,C200006267,22343.19,27413.55,0,0
272,TRANSFER,1115.67,C100002744,51923.32,50807.65,C200000657,295389.18,296504.85,0,0
272,TRANSFER,2159.08,C100002771,28269.54,26110.46,C200003590,32549.17,34708.25,0,0
272,TRANSFER,1071.48,C100003068,15045.34,13973.86,C200002233,26710.24,27781.72,0,0
272,TRANSFER,2554.56,C100004033,157674.12,155119.56,C200002417,11812.05,14366.61,0,0
272,TRANSFER,3918.34,C100004214,16026.16,12107.82,C200003088,13765.32,17683.66,0,0
272,TRANSFER,4434.79,C100004232,30752.72,26317.93,C200002217,102514.53,106949.32,0,0
272,TRANSFER,1939.16,C100004351,41828.05,39888.89,C200002495,29080.44,31019.6,0,0
272,TRANSFER,6688.03,C100004414,13613.78,6925.75,C200001626,22378.2,29066.23,0,0
272,TRANSFER,4854.16,C100004555,42624.92,37770.76,C200004175,8724.62,13578.78,0,0
272,TRANSFER,687.16,C100005696,57488.91,56801.75,C200004012,21001.76,21688.92,0,0
272,TRANSFER,5919.93,C100006318,7446.202157989013,1526.27,C200001021,6965.29,12885.22,0,0
273,TRANSFER,398.65,C100000417,137841.32,137442.67,C200001959,9518.71,9917.36,0,0
273,TRANSFER,10813.54,C100001136,11894.819891530735,1081.28,C200005615,44018.9,54832.44,0,0
273,TRANSFER,26986.32,C100001223,37518.84,10532.52,C200000906,55184.22,82170.54,0,0
273,TRANSFER,301.97,C100002438,67217.94,66915.97,C200001825,77104.55,77406.52,0,0
273,TRANSFER,7797.19,C100002493,54250.26,46453.07,C200001994,2711.49,10508.68,0,0
273,TRANSFER,1145.13,C100002961,4026.9807058485317,2881.85,C200001702,18084.43,19229.56,0,0
273,TRANSFER,1201.43,C100003061,14359.97,13158.54,C200001761,84374.13,85575.56,0,0
273,TRANSFER,131.7,C100005496,7804.19,7672.49,C200001582,141993.42,142125.12,0,0
273,TRANSFER,15928.25,C100005498,16706.69446667152,778.44,C200004023,5324.49,21252.74,0,0
273,TRANSFER,2585.1,C100005842,239847.61,237262.51,C200005325,45313.67,47898.77,0,0
273,TRANSFER,2442.84,C100006098,18453.02,16010.18,C200003488,16923.83,19366.67,0,0
274,TRANSFER,2186.16,C100001605,59516.96,57330.8,C200004606,147343.72,149529.88,0,0
274,TRANSFER,1367.85,C100001681,243031.41,241663.56,C200004062,340921.98,342289.83,0,0
274,TRANSFER,1512.05,C100001818,14611.9,13099.85,C200005129,10539.0,12051.05,0,0
274,TRANSFER,1271.03,C100002275,227129.97,225858.94,C200002766,15237.87,16508.9,0,0
274,TRANSFER,2066.67,C100002845,4653.2,2586.53,C200001784,72293.7,74360.37,0,0
274,TRANSFER,1762.35,C100003165,69142.82,67380.47,C200004023,54291.44,56053.79,0,0
274,TRANSFER,5819.03,C100003559,17904.8,12085.77,C200000403,33835.31,39654.34,0,0
274,TRANSFER,791.65,C100003696,13573.7,12782.05,C200003908,5732.46,6524.11,0,0
274,TRANSFER,2595.74,C100003756,12528.08,9932.34,C200006160,36143.19,38738.93,0,0
274,TRANSFER,229.16,C100003791,3953.57,3724.41,C200001413,31407.82,31636.98,0,0
274,TRANSFER,9087.45,C100004479,23206.53,14119.08,C200003991,352681.03,361768.48,0,0
274,TRANSFER,2211.84,C100004815,30064.22,27852.38,C200000550,709564.13,711775.97,0,0
274,TRANSFER,701.75,C100005066,18510.85,17809.1,C200002818,153532.14,154233.89,0,0
274,TRANSFER,1006.62,C100005412,8521.24,7514.62,C200003343,2423.48,3430.1,0,0
274,TRANSFER,991.45,C100006872,13435.74,12444.29,C200005163,14242.26,15233.71,0,0
274,TRANSFER,2966.58,C100006993,23174.23,20207.65,C200004169,35409.53,38376.11,0,0
275,TRANSFER,2499.03,C100001061,8018.02,5518.99,C200003431,52310.94,54809.97,0,0
275,TRANSFER,3085.88,C100001633,28354.6,25268.72,C200004229,54706.99,57792.87,0,0
275,TRANSFER,2271.28,C100001909,15247.59,12976.31,C200000768,149973.54,152244.82,0,0
275,TRANSFER,12340.16,C100002503,17337.091504215517,4996.93,C200004588,13942.25,26282.41,0,0
275,TRANSFER,4963.05,C100002684,121363.13,116400.08,C200000795,14505.81,19468.86,0,0
275,TRANSFER,1721.7,C100002896,806713.43,804991.73,C200003550,64855.18,66576.88,0,0
275,TRANSFER,6321.21,C100003367,8969.089160867397,2647.88,C200000479,7838.44,14159.65,0,0
275,TRANSFER,1511.02,C100003779,36909.71,35398.69,C200000196,32060.7,33571.72,0,0
275,TRANSFER,21636.47,C100003914,35373.36,13736.89,C200004835,128313.28,149949.75,0,0
275,TRANSFER,373.95,C100003986,92668.48,92294.53,C200003593,28695.88,29069.83,0,0
275,TRANSFER,1944.01,C100004764,25975.84,24031.83,C200004271,3867.51,5811.52,0,0
275,TRANSFER,759.06,C100005745,26143.7,25384.64,C200003543,12371.53,13130.59,0,0
275,TRANSFER,7533.7,C100005962,68612.73,61079.03,C200006291,58980.04,66513.74,0,0
275,TRANSFER,16290.13,C100006067,179707.61,163417.48,C200006013,11315.49,27605.62,0,0
275,TRANSFER,2116.93,C100006525,14229.96,12113.03,C200004234,15185.56,17302.49,0,0
276,TRANSFER,413.14,C100001248,158785.14,158372.0,C200004784,54162.55,54575.69,0,0
276,TRANSFER,3739.8,C100001968,67972.55,64232.75,C200000227,67248.79,70988.59,0,0
276,TRANSFER,728.32,C100002250,214003.11,213274.79,C200004871,71926.6,72654.92,0,0
276,TRANSFER,2717.68,C100002998,10288.33,7570.65,C200000866,11106.97,13824.65,0,0
276,TRANSFER,2112.16,C100003214,12674.91,10562.75,C200005019,17432.88,19545.04,0,0
276,TRANSFER,2227.67,C100004322,17678.86,15451.19,C200006301,27273.23,29500.9,0,0
276,TRANSFER,1468.68,C100004658,4581.967036005226,3113.29,C200005455,27621.08,29089.76,0,0
276,TRANSFER,915.09,C100004729,273537.21,272622.12,C200001112,55466.58,56381.67,0,0
276,TRANSFER,337.48,C100004744,17040.29,16702.81,C200002728,23451.27,23788.75,0,0
276,TRANSFER,6898.03,C100004954,53195.15,46297.12,C200003701,20580.93,27478.96,0,0
276,TRANSFER,3453.43,C100005005,35507.4,32053.97,C200004526,92923.34,96376.77,0,0
276,TRANSFER,1983.13,C100005658,20389.17,18406.04,C200004265,1909.32,3892.45,0,0
276,TRANSFER,606.01,C100005768,14429.76,13823.75,C200000107,136793.86,137399.87,0,0
276,TRANSFER,4909.16,C100005863,32539.96,27630.8,C200000687,2760.06,7669.22,0,0
276,TRANSFER,1809.41,C100005941,33800.8,31991.39,C200004019,67533.08,69342.49,0,0
276,TRANSFER,35286.41,C100005962,143984.64,108698.23,C200002220,38822.23,74108.64,0,0
276,TRANSFER,3298.48,C100005967,91906.59,88608.11,C200004860,10595.92,13894.4,0,0
276,TRANSFER,1740.76,C100006487,9226.23,7485.47,C200004110,52572.87,54313.63,0,0
276,TRANSFER,3040.41,C100006991,80465.35,77424.94,C200001392,41881.91,44922.32,0,0
277,TRANSFER,10439.2,C100000202,96398.02,85958.82,C200003479,40652.09,51091.29,0,0
277,TRANSFER,2335.1,C100000442,46324.2,43989.1,C200003534,242163.27,244498.37,0,0
277,TRANSFER,9238.32,C100000524,52554.54,43316.22,C200002980,32541.93,41780.25,0,0
277,TRANSFER,3996.99,C100000917,21908.51,17911.52,C200006367,106497.56,110494.55,0,0
277,TRANSFER,12685.12,C100000992,304981.93,292296.81,C200001704,2164.41,14849.53,0,0
277,TRANSFER,1528.75,C100001450,94664.18,93135.43,C200004793,45749.67,47278.42,0,0
277,TRANSFER,6167.37,C100002253,75011.02,68843.65,C200004624,44989.71,51157.08,0,0
277,TRANSFER,2128.8,C100002388,273179.67,271050.87,C200004746,41316.69,43445.49,0,0
277,TRANSFER,9292.84,C100003235,10641.205980064657,1348.37,C200004650,10827.3,20120.14,0,0
277,TRANSFER,7845.79,C100003494,269800.91,261955.12,C200005603,21317.9,29163.69,0,0
277,TRANSFER,697.06,C100003754,44236.0,43538.94,C200002281,12405.12,13102.18,0,0
277,TRANSFER,4984.9,C100004063,134408.96,129424.06,C200001125,6786.38,11771.28,0,0
277,TRANSFER,4907.29,C100004907,11184.75,6277.46,C200000104,62000.29,66907.58,0,0
277,TRANSFER,3785.98,C100006101,14860.29,11074.31,C200000206,84555.14,88341.12,0,0
278,TRANSFER,2012.46,C100000926,13833.89,11821.43,C200002945,17981.97,19994.43,0,0
278,TRANSFER,4611.48,C100001046,87649.85,83038.37,C200006274,126884.26,131495.74,0,0
278,TRANSFER,886.12,C100001908,60998.6,60112.48,C200002764,425540.56,426426.68,0,0
278,TRANSFER,4500.6,C100002678,130580.42,126079.82,C200001598,106111.47,110612.07,0,0
278,TRANSFER,2057.75,C100002718,32235.41,30177.66,C200005480,115824.39,117882.14,0,0
278,TRANSFER,1555.9,C100003477,60471.44,58915.54,C200005750,32173.13,33729.03,0,0
278,TRANSFER,621.21,C100003877,3624.05,3002.84,C200005983,130939.39,131560.6,0,0
278,TRANSFER,737.54,C100004418,30385.3,29647.76,C200005314,223619.15,224356.69,0,0
278,TRANSFER,4883.56,C100004432,120186.45,115302.89,C200004055,308203.52,313087.08,0,0
278,TRANSFER,1951.81,C100004436,198147.35,196195.54,C200003839,293549.46,295501.27,0,0
278,TRANSFER,2170.17,C100005344,8223.52,6053.35,C200006197,8185.04,10355.21,0,0
278,TRANSFER,6256.74,C100006690,27589.71,21332.97,C200000724,40369.88,46626.62,0,0
279,TRANSFER,6147.82,C100001049,184381.63,178233.81,C200004296,34937.97,41085.79,0,0
279,TRANSFER,762.09,C100001130,29116.45,28354.36,C200001935,34766.23,35528.32,0,0
279,TRANSFER,931.05,C100001369,32985.72,32054.67,C200003464,1289.49,2220.54,0,0
279,TRANSFER,1134.84,C100002478,13114.04,11979.2,C200002431,64719.66,65854.5,0,0
279,TRANSFER,1549.65,C100003111,33215.58,31665.93,C200004177,312411.65,313961.3,0,0
279,TRANSFER,2750.97,C100003675,22222.13,19471.16,C200002730,11933.32,14684.29,0,0
279,TRANSFER,73.71,C100004153,79697.58,79623.87,C200005896,311085.24,311158.95,0,0
279,TRANSFER,29983.38,C100004923,31682.52658398588,1699.15,C200004370,35774.64,65758.02,0,0
279,TRANSFER,1131.52,C100006588,12926.49,11794.97,C200000231,3209.52,4341.04,0,0
279,TRANSFER,2242.61,C100006627,7865.49,5622.88,C200002562,88241.85,90484.46,0,0
280,TRANSFER,2035.31,C100000068,38103.9,36068.59,C200000487,37444.88,39480.19,0,0
280,TRANSFER,2380.1,C100000910,5919.0,3538.9,C200001799,182153.01,184533.11,0,0
280,TRANSFER,1575.08,C100002523,12693.14,11118.06,C200004002,158128.78,159703.86,0,0
280,TRANSFER,1366.74,C100002766,227905.78,226539.04,C200002646,24751.94,26118.68,0,0
280,TRANSFER,19861.8,C100003220,23112.435872358954,3250.64,C200003612,12507.89,32369.69,0,0
280,TRANSFER,14472.25,C100003611,164742.79,150270.54,C200001268,55853.58,70325.83,0,0
280,TRANSFER,1554.37,C100003627,57502.42,55948.05,C200002662,151498.27,153052.64,0,0
280,TRANSFER,2245.26,C100005008,112898.9,110653.64,C200000328,475663.69,477908.95,0,0
280,TRANSFER,1750.7,C100005885,5796.726523453925,4046.03,C200006037,9717.01,11467.71,0,0
280,TRANSFER,6699.25,C100006409,51690.69,44991.44,C200000995,10979.33,17678.58,0,0
280,TRANSFER,141.31,C100006615,17865.12,17723.81,C200003195,42509.07,42650.38,0,0
281,TRANSFER,2094.77,C100000584,4434.424820196375,2339.65,C200001588,5600.23,7695.0,0,0
281,TRANSFER,2484.81,C100001374,17192.27,14707.46,C200000045,115010.34,117495.15,0,0
281,TRANSFER,672.55,C100001495,22286.44,21613.89,C200005221,42943.16,43615.71,0,0
281,TRANSFER,1156.42,C100001732,64154.03,62997.61,C200004162,120347.89,121504.31,0,0
281,TRANSFER,2704.39,C100002154,97970.89,95266.5,C200001752,21708.16,24412.55,0,0
281,TRANSFER,505.57,C100002514,21209.3,20703.73,C200000488,225993.55,226499.12,0,0
281,TRANSFER,1924.25,C100002783,26051.53,24127.28,C200005902,22859.29,24783.54,0,0
281,TRANSFER,3505.39,C100003509,158962.05,155456.66,C200001462,24264.79,27770.18,0,0
281,TRANSFER,6772.83,C100003669,186920.27,180147.44,C200005066,24127.8,30900.63,0,0
281,TRANSFER,14748.77,C100004765,16704.311807090737,1955.54,C200004814,24681.94,39430.71,0,0
281,TRANSFER,6216.7,C100005381,11968.35,5751.65,C200005724,10632.26,16848.96,0,0
281,TRANSFER,1291.3,C100005647,60778.59,59487.29,C200006208,24688.19,25979.49,0,0
281,TRANSFER,2861.3,C100005666,33157.52,30296.22,C200003862,62710.85,65572.15,0,0
281,TRANSFER,480.55,C100006172,172782.4,172301.85,C200004453,5334.69,5815.24,0,0
281,TRANSFER,394.18,C100006331,13364.24,12970.06,C200006368,4490.54,4884.72,0,0
282,TRANSFER,7516.13,C100000179,57509.45,49993.32,C200000457,25747.04,33263.17,0,0
282,TRANSFER,1852.21,C100000221,6204.85,4352.64,C200002151,66295.52,68147.73,0,0
282,TRANSFER,1291.14,C100001971,8134.96,6843.82,C200001638,11999.27,13290.41,0,0
282,TRANSFER,1021.06,C100001999,7163.81,6142.75,C200002644,5833.62,6854.68,0,0
282,TRANSFER,3448.23,C100002172,34173.66,30725.43,C200000758,26986.27,30434.5,0,0
282,TRANSFER,7043.12,C100002657,18542.76,11499.64,C200001727,148116.88,155160.0,0,0
282,TRANSFER,12751.44,C100003095,55785.82,43034.38,C200003893,20624.53,33375.97,0,0
282,TRANSFER,660.01,C100003588,37516.75,36856.74,C200000188,48913.58,49573.59,0,0
282,TRANSFER,6430.85,C100003812,83257.82,76826.97,C200000505,109366.93,115797.78,0,0
282,TRANSFER,11870.29,C100003837,143550.29,131680.0,C200005292,61716.85,73587.14,0,0
282,TRANSFER,1392.24,C100005166,51508.97,50116.73,C200004984,91377.98,92770.22,0,0
282,TRANSFER,1746.26,C100005396,16379.15,14632.89,C200000950,16771.21,18517.47,0,0
282,TRANSFER,2838.74,C100005619,10833.61,7994.87,C200004324,120405.53,123244.27,0,0
282,TRANSFER,1899.03,C100006524,3808.18,1909.15,C200000285,15343.78,17242.81,0,0
283,TRANSFER,3601.7,C100002074,40701.78,37100.08,C200004782,270394.81,273996.51,0,0
283,TRANSFER,517.62,C100003460,113985.89,113468.27,C200004703,8382.29,8899.91,0,0
283,TRANSFER,1755.12,C100003646,20653.74,18898.62,C200002149,67583.06,69338.18,0,0
283,TRANSFER,8572.19,C100004335,236253.19,227681.0,C200000598,2946.81,11519.0,0,0
283,TRANSFER,5508.33,C100004486,99617.52,94109.19,C200001948,45722.02,51230.35,0,0
283,TRANSFER,943.78,C100004796,56990.55,56046.77,C200003949,21046.95,21990.73,0,0
283,TRANSFER,295.45,C100005303,31738.06,31442.61,C200000963,22591.08,22886.53,0,0
283,TRANSFER,1301.88,C100005379,15705.63,14403.75,C200005776,7316.8,8618.68,0,0
283,TRANSFER,2691.33,C100005462,12910.53,10219.2,C200005871,7583.81,10275.14,0,0
283,TRANSFER,3024.66,C100006328,125295.57,122270.91,C200003620,63231.92,66256.58,0,0
283,TRANSFER,18318.46,C100006398,18667.4109814721,348.95,C200003198,48683.72,67002.18,0,0
284,TRANSFER,1122.2,C100000069,86633.48,85511.28,C200006098,12960.49,14082.69,0,0
284,TRANSFER,3443.63,C100000563,10196.18,6752.55,C200004132,17055.88,20499.51,0,0
284,TRANSFER,1038.92,C100001114,8567.62,7528.7,C200001577,97393.07,98431.99,0,0
284,TRANSFER,1295.77,C100001485,45011.18,43715.41,C200005999,2047.12,3342.89,0,0
284,TRANSFER,1678.83,C100001790,4529.2,2850.37,C200002717,196090.47,197769.3,0,0
284,TRANSFER,3245.0,C100002212,99186.06,95941.06,C200002675,17964.69,21209.69,0,0
284,TRANSFER,1334.72,C100003349,86893.02,85558.3,C200004810,32328.56,33663.28,0,0
284,TRANSFER,8742.14,C100005752,52759.99,44017.85,C200005641,129914.42,138656.56,0,0
284,TRANSFER,4401.18,C100005795,55019.83,50618.65,C200001454,439218.1,443619.28,0,0
284,TRANSFER,505.66,C100006148,6076.04,5570.38,C200004971,129005.07,129510.73,0,0
284,TRANSFER,1698.11,C100006825,33418.23,31720.12,C200003057,3268.95,4967.06,0,0
285,TRANSFER,5189.03,C100000282,16232.47,11043.44,C200003632,9757.91,14946.94,0,0
285,TRANSFER,5381.86,C100001017,10157.42,4775.56,C200001663,42429.88,47811.74,0,0
285,TRANSFER,1777.12,C100001075,27504.13,25727.01,C200001947,4753.14,6530.26,0,0
285,TRANSFER,10439.6,C100001484,13730.738927918572,3291.14,C200003502,4790.89,15230.49,0,0
285,TRANSFER,10790.26,C100001784,11255.359359952357,465.1,C200003579,78944.86,89735.12,0,0
285,TRANSFER,858.28,C100002680,5814.862515312166,4956.58,C200001164,19821.04,20679.32,0,0
285,TRANSFER,1800.87,C100002907,66073.18,64272.31,C200006063,39963.69,41764.56,0,0
285,TRANSFER,44050.72,C100004318,151186.63,107135.91,C200002849,1000000.0,1044050.72,0,0
285,TRANSFER,1580.94,C100004529,26526.31,24945.37,C200000208,16784.72,18365.66,0,0
285,TRANSFER,5114.68,C100005507,303254.52,298139.84,C200002839,38418.01,43532.69,0,0
285,TRANSFER,625.47,C100005546,7496.07,6870.6,C200000209,19179.05,19804.52,0,0
285,TRANSFER,1247.94,C100005601,5644.24,4396.3,C200005924,10160.91,11408.85,0,0
285,TRANSFER,22076.54,C100006202,327630.99,305554.45,C200000452,18033.21,40109.75,0,0
286,TRANSFER,1971.11,C100000927,8344.94,6373.83,C200002077,17231.75,19202.86,0,0
286,TRANSFER,1357.85,C100001909,134919.79,133561.94,C200005545,47869.47,49227.32,0,0
286,TRANSFER,2053.74,C100002528,205311.45,203257.71,C200000557,24010.36,26064.1,0,0
286,TRANSFER,2862.74,C100003083,56449.8,53587.06,C200002875,3736.24,6598.98,0,0
286,TRANSFER,2514.04,C100003361,7283.10291140492,4769.06,C200004143,47550.68,50064.72,0,0
286,TRANSFER,14904.61,C100003579,21866.07,6961.46,C200000292,28600.62,43505.23,0,0
286,TRANSFER,46740.24,C100003684,50990.820029422604,4250.58,C200004887,2763.76,49504.0,0,0
286,TRANSFER,3008.49,C100003691,13963.16,10954.67,C200000354,13521.79,16530.28,0,0
286,TRANSFER,718.39,C100003919,7738.55,7020.16,C200002349,27295.09,28013.48,0,0
286,TRANSFER,6508.91,C100004136,40788.74,34279.83,C200004842,26584.11,33093.02,0,0
286,TRANSFER,11147.83,C100004202,23964.38,12816.55,C200005430,22902.65,34050.48,0,0
286,TRANSFER,318.01,C100004357,15693.67,15375.66,C200005359,47934.08,48252.09,0,0
286,TRANSFER,3350.56,C100004558,50860.58,47510.02,C200006375,135469.5,138820.06,0,0
286,TRANSFER,17075.97,C100004683,21130.02305111066,4054.05,C200005455,10433.71,27509.68,0,0
286,TRANSFER,2598.91,C100004844,207494.4,204895.49,C200004337,40215.94,42814.85,0,0
286,TRANSFER,975.6,C100006503,16644.99,15669.39,C200006261,49422.47,50398.07,0,0
286,TRANSFER,1423.33,C100006826,13376.73,11953.4,C200002997,79772.52,81195.85,0,0
287,TRANSFER,2453.7,C100000143,22363.55,19909.85,C200005756,11920.25,14373.95,0,0
287,TRANSFER,13574.82,C100000498,16976.135369685435,3401.32,C200003843,4593.76,18168.58,0,0
287,TRANSFER,4158.25,C100001661,34286.85,30128.6,C200003737,6965.41,11123.66,0,0
287,TRANSFER,241.68,C100002274,19500.5,19258.82,C200000984,265748.26,265989.94,0,0
287,TRANSFER,1513.71,C100002780,38670.0,37156.29,C200000439,27038.85,28552.56,0,0
287,TRANSFER,11529.53,C100002809,56176.14,44646.61,C200001191,91137.44,102666.97,0,0
287,TRANSFER,250.83,C100003017,90095.44,89844.61,C200000825,24464.79,24715.62,0,0
287,TRANSFER,35829.9,C100003184,53498.46,17668.56,C900008208,7807.63,43637.53,1,0
287,TRANSFER,277.69,C100003335,21450.94,21173.25,C200001384,12175.63,12453.32,0,0
287,TRANSFER,835.99,C100003938,71592.7,70756.71,C200005722,8538.04,9374.03,0,0
287,TRANSFER,2398.27,C100004204,162659.19,160260.92,C200006080,27816.4,30214.67,0,0
287,TRANSFER,2158.71,C100005863,21554.95,19396.24,C200004699,1757.39,3916.1,0,0
287,TRANSFER,638.78,C100005871,6935.5,6296.72,C200005475,25705.34,26344.12,0,0
287,TRANSFER,11397.63,C100005895,50796.81,39399.18,C200004431,21425.41,32823.04,0,0
287,TRANSFER,5107.01,C100006410,104726.82,99619.81,C200000137,22004.43,27111.44,0,0
287,TRANSFER,26584.6,C100006969,28102.27,1517.67,C200001127,17723.5,44308.1,0,0
288,TRANSFER,346.63,C100000173,27639.4,27292.77,C200005794,22974.92,23321.55,0,0
288,TRANSFER,1632.59,C100000328,286294.06,284661.47,C200005682,14154.59,15787.18,0,0
288,TRANSFER,3505.78,C100000492,16475.55,12969.77,C200005033,169981.92,173487.7,0,0
288,TRANSFER,465.29,C100000832,66922.56,66457.27,C200002171,107351.79,107817.08,0,0
288,TRANSFER,1577.18,C100002237,78535.13,76957.95,C200002579,69381.14,70958.32,0,0
288,TRANSFER,36071.9,C100003038,117408.15,81336.25,C900008866,11773.73,47845.63,1,0
288,TRANSFER,2856.97,C100004044,4548.700215444941,1691.73,C200000693,60911.45,63768.42,0,0
288,TRANSFER,5333.95,C100004093,42801.94,37467.99,C200000343,26258.73,31592.68,0,0
288,TRANSFER,3596.78,C100004157,6565.990620913776,2969.21,C200005623,10314.99,13911.77,0,0
288,TRANSFER,4399.8,C100006358,11036.51,6636.71,C200001384,4422.38,8822.18,0,0
289,TRANSFER,460.04,C100001035,86504.36,86044.32,C200003903,15374.69,15834.73,0,0
289,TRANSFER,41710.21,C100002401,44470.14924210158,2759.94,C200002019,98180.7,139890.91,0,0
289,TRANSFER,3381.33,C100003155,40565.14,37183.81,C200002311,89807.05,93188.38,0,0
289,TRANSFER,1683.53,C100003700,131887.39,130203.86,C200005771,6630.88,8314.41,0,0
289,TRANSFER,18508.13,C100004036,20076.44666092589,1568.32,C200004272,39936.53,58444.66,0,0
289,TRANSFER,2524.29,C100004342,62884.89,60360.6,C200004582,108096.2,110620.49,0,0
289,TRANSFER,905.73,C100004357,68621.19,67715.46,C200004924,33786.21,34691.94,0,0
289,TRANSFER,6482.66,C100004443,35604.13,29121.47,C200001401,26480.02,32962.68,0,0
289,TRANSFER,28780.92,C100004710,40924.12,12143.2,C900006671,25764.46,54545.38,1,0
289,TRANSFER,24457.8,C100006396,35427.2,10969.4,C200000131,10682.02,35139.82,1,0
290,TRANSFER,1583.23,C100000204,33580.68,31997.45,C200002951,32568.2,34151.43,0,0
290,TRANSFER,30613.01,C100001349,32372.211607314694,1759.2,C200002089,61471.4,92084.41,0,0
290,TRANSFER,1589.83,C100001392,16680.2,15090.37,C200006108,5337.97,6927.8,0,0
290,TRANSFER,4435.31,C100001694,8081.456707238332,3646.15,C200000865,53991.77,58427.08,0,0
290,TRANSFER,2225.79,C100003599,28905.45,26679.66,C200005632,53089.91,55315.7,0,0
290,TRANSFER,1947.37,C100003845,7438.22,5490.85,C200006492,10518.73,12466.1,0,0
290,TRANSFER,2934.26,C100005728,38292.24,35357.98,C200006487,259830.91,262765.17,0,0
290,TRANSFER,866.92,C100006291,187449.72,186582.8,C200000144,12039.39,12906.31,0,0
291,TRANSFER,3366.88,C100000706,61248.5,57881.62,C200000701,3855.28,7222.16,0,0
291,TRANSFER,8241.04,C100000982,69408.92,61167.88,C200001761,77197.1,85438.14,0,0
291,TRANSFER,4283.18,C100001570,149112.65,144829.47,C200003542,126486.25,130769.43,0,0
291,TRANSFER,3694.51,C100002604,36507.91,32813.4,C200004906,4298.37,7992.88,0,0
291,TRANSFER,450.71,C100003675,11881.05,11430.34,C200003426,28160.12,28610.83,0,0
291,TRANSFER,4303.4,C100004047,27434.54,23131.14,C200005564,119934.63,124238.03,0,0
291,TRANSFER,3318.73,C100004259,58936.34,55617.61,C200000571,113723.89,117042.62,0,0
291,TRANSFER,4005.58,C100005053,25428.99,21423.41,C200001149,26176.3,30181.88,0,0
291,TRANSFER,2250.89,C100005785,6305.45,4054.56,C200000005,9521.03,11771.92,0,0
291,TRANSFER,2413.32,C100005978,36520.1,34106.78,C200000847,10767.69,13181.01,0,0
291,TRANSFER,896.58,C100006399,14216.99,13320.41,C200000902,44215.98,45112.56,0,0
291,TRANSFER,3303.02,C100006789,9808.13,6505.11,C200005204,20600.03,23903.05,0,0
292,TRANSFER,9601.3,C100000965,41026.19,31424.89,C200004252,20119.88,29721.18,0,0
292,TRANSFER,1841.83,C100001560,8769.97,6928.14,C200002250,40624.54,42466.37,0,0
292,TRANSFER,16684.83,C100001955,67717.94,51033.11,C200004490,40298.41,56983.24,0,0
292,TRANSFER,27997.6,C100002348,28285.010172610968,287.41,C200000154,4019.29,32016.89,0,0
292,TRANSFER,2302.74,C100002378,112099.98,109797.24,C200005292,9250.47,11553.21,0,0
292,TRANSFER,14715.14,C100002964,32968.92,18253.78,C200005278,232724.29,247439.43,0,0
292,TRANSFER,921.36,C100003136,58628.28,57706.92,C200001613,9645.03,10566.39,0,0
292,TRANSFER,1305.01,C100004298,260780.73,259475.72,C200005571,259166.22,260471.23,0,0
292,TRANSFER,3996.68,C100004864,154600.83,150604.15,C200002703,47353.28,51349.96,0,0
292,TRANSFER,8395.38,C100005909,360615.67,352220.29,C200001337,158744.87,167140.25,0,0
292,TRANSFER,3068.6,C100005988,10065.73,6997.13,C200000798,4728.68,7797.28,0,0
292,TRANSFER,17929.57,C100006084,20666.02726683121,2736.46,C200001902,94532.22,112461.79,0,0
292,TRANSFER,4140.46,C100006374,12128.67,7988.21,C200001286,67493.6,71634.06,0,0
293,TRANSFER,1885.05,C100000097,103827.72,101942.67,C200003297,78226.13,80111.18,0,0
293,TRANSFER,12280.91,C100000443,97523.44,85242.53,C200002471,247028.75,259309.66,0,0
293,TRANSFER,595.5,C100000935,6399.96,5804.46,C200000028,2535.82,3131.32,0,0
293,TRANSFER,3899.11,C100001856,11693.25,7794.14,C200002415,9967.36,13866.47,0,0
293,TRANSFER,1605.29,C100001875,258729.27,257123.98,C200003439,8207.72,9813.01,0,0
293,TRANSFER,5440.84,C100001905,19402.92,13962.08,C200004294,15749.66,21190.5,0,0
293,TRANSFER,5729.11,C100002139,137251.07,131521.96,C200005804,167809.82,173538.93,0,0
293,TRANSFER,5298.39,C100002290,25191.15,19892.76,C200002106,17165.46,22463.85,0,0
293,TRANSFER,3724.07,C100002646,51966.32,48242.25,C200001203,19531.29,23255.36,0,0
293,TRANSFER,2599.01,C100002717,31844.2,29245.19,C200005893,50842.81,53441.82,0,0
293,TRANSFER,1801.77,C100002820,6373.79,4572.02,C200005149,53258.42,55060.19,0,0
293,TRANSFER,1840.78,C100004387,19213.27,17372.49,C200006024,6717.9,8558.68,0,0
293,TRANSFER,502.15,C100004990,193223.64,192721.49,C200005834,16904.86,17407.01,0,0
293,TRANSFER,2731.87,C100005634,93700.53,90968.66,C200005330,22522.97,25254.84,0,0
293,TRANSFER,1480.15,C100005652,36441.98,34961.83,C200001283,22331.81,23811.96,0,0
293,TRANSFER,367.6,C100005826,95270.3,94902.7,C200001013,61547.11,61914.71,0,0
293,TRANSFER,3936.45,C100005933,18923.49,14987.04,C200001395,2911.73,6848.18,0,0
294,TRANSFER,11705.12,C100000357,255255.35,243550.23,C200003303,11214.97,22920.09,0,0
294,TRANSFER,3972.2,C100000490,82797.39,78825.19,C200001520,31122.19,35094.39,0,0
294,TRANSFER,4327.17,C100000559,68936.18,64609.01,C200005862,36427.65,40754.82,0,0
294,TRANSFER,10220.19,C100001644,44294.26,34074.07,C200004681,8886.81,19107.0,0,0
294,TRANSFER,341.53,C100002693,15340.44,14998.91,C200003719,120330.41,120671.94,0,0
294,TRANSFER,385.79,C100002748,20297.46,19911.67,C200003557,13726.04,14111.83,0,0
294,TRANSFER,11925.11,C100003329,14357.230399482778,2432.12,C200000779,32401.94,44327.05,0,0
294,TRANSFER,1469.77,C100004344,10190.7,8720.93,C200003613,4221.32,5691.09,0,0
294,TRANSFER,418.16,C100004406,72385.12,71966.96,C200003138,325997.4,326415.56,0,0
294,TRANSFER,18850.47,C100004778,23174.88575945388,4324.42,C200002282,18654.4,37504.87,0,0
294,TRANSFER,888.64,C100005081,52423.13,51534.49,C200005136,10442.16,11330.8,0,0
294,TRANSFER,16791.06,C100006373,27137.69,10346.63,C200002788,20677.04,37468.1,0,0
294,TRANSFER,1688.77,C100006625,91740.07,90051.3,C200002689,7647.88,9336.65,0,0
295,TRANSFER,3571.17,C100000231,82369.06,78797.89,C200001463,12007.86,15579.03,0,0
295,TRANSFER,2260.22,C100000580,5889.85,3629.63,C200003107,16401.63,18661.85,0,0
295,TRANSFER,11135.04,C100001326,78088.92,66953.88,C900007778,33470.7,44605.74,1,0
295,TRANSFER,14469.16,C100001382,18143.594164421345,3674.43,C200000082,6502.81,20971.97,0,0
295,TRANSFER,1270.84,C100003391,19026.14,17755.3,C200003376,20955.05,22225.89,0,0
295,TRANSFER,505.22,C100003447,85521.08,85015.86,C200004249,12962.15,13467.37,0,0
295,TRANSFER,225.05,C100003501,7110.54,6885.49,C200004268,11229.06,11454.11,0,0
295,TRANSFER,81.74,C100004149,18415.1,18333.36,C200000832,45140.7,45222.44,0,0
295,TRANSFER,527.46,C100005066,11017.9,10490.44,C200005073,10738.31,11265.77,0,0
295,TRANSFER,652.96,C100005598,5320.65075078722,4667.69,C200000197,4663.19,5316.15,0,0
295,TRANSFER,4958.51,C100006021,59663.86,54705.35,C200003651,56124.59,61083.1,0,0
295,TRANSFER,8646.56,C100006372,12743.63,4097.07,C200005025,5928.71,14575.27,0,0
295,TRANSFER,12266.79,C100006573,84381.39,72114.6,C200003243,12052.84,24319.63,0,0
296,TRANSFER,1237.93,C100000307,6614.7,5376.77,C200000786,21665.47,22903.4,0,0
296,TRANSFER,2836.93,C100000340,90586.75,87749.82,C200002721,93927.65,96764.58,0,0
296,TRANSFER,1924.61,C100001360,25486.49,23561.88,C200003380,323536.29,325460.9,0,0
296,TRANSFER,3115.71,C100001465,55693.37,52577.66,C200004297,8451.95,11567.66,0,0
296,TRANSFER,1351.6,C100001667,16363.78,15012.18,C200005480,3764.73,5116.33,0,0
296,TRANSFER,5849.58,C100001774,13338.21,7488.63,C200003471,34227.64,40077.22,0,0
296,TRANSFER,1111.73,C100001886,4082.69,2970.96,C200005865,40045.72,41157.45,0,0
296,TRANSFER,1986.55,C100002154,40576.62,38590.07,C200006254,39960.9,41947.45,0,0
296,TRANSFER,989.9,C100004013,2732.33,1742.43,C200005106,4442.32,5432.22,0,0
296,TRANSFER,9178.5,C100004054,12585.956168816814,3407.46,C200003133,4020.42,13198.92,0,0
296,TRANSFER,277.64,C100004094,145381.32,145103.68,C200001450,222710.74,222988.38,0,0
296,TRANSFER,3729.55,C100004707,36076.01,32346.46,C200004043,21371.17,25100.72,0,0
296,TRANSFER,5920.91,C100004792,26550.13,20629.22,C200000720,41042.3,46963.21,0,0
296,TRANSFER,6285.15,C100004968,47249.27,40964.12,C200001581,6491.78,12776.93,0,0
296,TRANSFER,179.09,C100005303,77407.1,77228.01,C200003625,46540.85,46719.94,0,0
297,TRANSFER,642.72,C100000381,18113.75,17471.03,C200001592,753.18,1395.9,0,0
297,TRANSFER,1924.22,C100000698,72928.52,71004.3,C200003630,19336.0,21260.22,0,0
297,TRANSFER,1821.39,C100000932,8742.02,6920.63,C200002277,31055.01,32876.4,0,0
297,TRANSFER,4179.12,C100001344,13401.52,9222.4,C200002810,28984.06,33163.18,0,0
297,TRANSFER,15890.59,C100001376,22056.29,6165.7,C200004761,37861.28,53751.87,0,0
297,TRANSFER,16733.56,C100001475,66615.15,49881.59,C200002358,26921.46,43655.02,0,0
297,TRANSFER,3016.19,C100002547,20955.14,17938.95,C200000733,8233.01,11249.2,0,0
297,TRANSFER,357.86,C100003166,8142.65,7784.79,C200004701,13132.9,13490.76,0,0
297,TRANSFER,15463.73,C100003394,43749.89,28286.16,C200004545,2567.99,18031.72,0,0
297,TRANSFER,724.23,C100003524,7539.58,6815.35,C200002957,81128.76,81852.99,0,0
297,TRANSFER,12682.36,C100003939,33831.42,21149.06,C200003644,57994.86,70677.22,0,0
297,TRANSFER,27998.56,C100003966,120459.66,92461.1,C200000669,163313.8,191312.36,0,0
297,TRANSFER,880.72,C100004121,27165.88,26285.16,C200004709,17690.84,18571.56,0,0
297,TRANSFER,2076.16,C100004438,1000000.0,997923.84,C200000575,8574.96,10651.12,0,0
297,TRANSFER,2871.6,C100004474,21174.92,18303.32,C200006404,12949.41,15821.01,0,0
297,TRANSFER,275.23,C100005803,193207.01,192931.78,C200003941,6402.34,6677.57,0,0
297,TRANSFER,4723.23,C100006675,35682.3,30959.07,C200002653,12271.87,16995.1,0,0
298,TRANSFER,5735.92,C100001546,48123.57,42387.65,C200001069,43170.73,48906.65,0,0
298,TRANSFER,4899.36,C100001563,51508.74,46609.38,C200003850,40593.03,45492.39,0,0
298,TRANSFER,714.59,C100001572,6534.15,5819.56,C200003834,8685.18,9399.77,0,0
298,TRANSFER,580.33,C100002170,35068.57,34488.24,C200003934,55260.57,55840.9,0,0
298,TRANSFER,1729.0,C100002581,122602.93,120873.93,C200004150,6716.27,8445.27,0,0
298,TRANSFER,174.74,C100004014,150905.21,150730.47,C200006296,4309.47,4484.21,0,0
298,TRANSFER,12159.01,C100004296,64337.59,52178.58,C200004419,83097.21,95256.22,0,0
298,TRANSFER,4164.44,C100004798,26903.41,22738.97,C200003494,293444.38,297608.82,0,0
298,TRANSFER,8558.0,C100006945,77844.49,69286.49,C200003110,10114.72,18672.72,0,0
299,TRANSFER,887.64,C100000779,59705.28,58817.64,C200005243,5853.67,6741.31,0,0
299,TRANSFER,5674.88,C100001192,17091.65,11416.77,C200003334,32580.12,38255.0,0,0
299,TRANSFER,5027.99,C100001212,51385.82,46357.83,C200004397,182158.04,187186.03,0,0
299,TRANSFER,1908.4,C100001247,26295.37,24386.97,C200000725,26177.53,28085.93,0,0
299,TRANSFER,11302.08,C100001816,177299.13,165997.05,C200001979,1244.86,12546.94,0,0
299,TRANSFER,3020.91,C100002352,53473.78,50452.87,C200006325,647349.81,650370.72,0,0
299,TRANSFER,5626.51,C100002679,182985.79,177359.28,C200005249,135587.83,141214.34,0,0
299,TRANSFER,777.93,C100003712,2864.774715110649,2086.84,C200006305,10522.79,11300.72,0,0
299,TRANSFER,3741.67,C100004154,107953.88,104212.21,C200002465,1823.98,5565.65,0,0
299,TRANSFER,22452.07,C100004548,123144.98,100692.91,C200002795,73583.67,96035.74,0,0
299,TRANSFER,1669.1,C100005459,118102.16,116433.06,C200000413,99953.99,101623.09,0,0
299,TRANSFER,1283.77,C100006094,18196.54,16912.77,C200005699,14988.31,16272.08,0,0
299,TRANSFER,1789.39,C100006178,59583.74,57794.35,C200001084,27719.59,29508.98,0,0
300,TRANSFER,1558.17,C100000222,57618.55,56060.38,C200002173,13543.77,15101.94,0,0
300,TRANSFER,826.95,C100000293,23987.08,23160.13,C200001585,5195.98,6022.93,0,0
300,TRANSFER,2105.67,C100000754,193163.9,191058.23,C200003722,34903.42,37009.09,0,0
300,TRANSFER,1647.17,C100000759,12849.99,11202.82,C200000070,74077.21,75724.38,0,0
300,TRANSFER,4357.53,C100001369,25702.47,21344.94,C200003656,26864.32,31221.85,0,0
300,TRANSFER,1651.23,C100001972,31515.53,29864.3,C200006479,20398.89,22050.12,0,0
300,TRANSFER,6678.68,C100002397,103184.73,96506.05,C200003489,40970.72,47649.4,0,0
300,TRANSFER,708.19,C100002744,33297.62,32589.43,C200004766,34840.12,35548.31,0,0
300,TRANSFER,517.25,C100002813,24532.77,24015.52,C200001612,8390.87,8908.12,0,0
300,TRANSFER,1017.84,C100003057,110733.02,109715.18,C200003355,2165.81,3183.65,0,0
300,TRANSFER,2931.2,C100003103,37409.56,34478.36,C200002892,98867.77,101798.97,0,0
300,TRANSFER,250.52,C100003742,53692.02,53441.5,C200004793,23185.36,23435.88,0,0
300,TRANSFER,2893.27,C100004039,49595.55,46702.28,C200000211,38611.34,41504.61,0,0
300,TRANSFER,2947.56,C100004411,21815.17,18867.61,C200002111,59580.79,62528.35,0,0
300,TRANSFER,6989.5,C100004708,66566.45,59576.95,C200003758,5786.64,12776.14,0,0
300,TRANSFER,1582.6,C100005139,29272.68,27690.08,C200005252,13664.25,15246.85,0,0
300,TRANSFER,1945.29,C100006165,34475.66,32530.37,C200001646,16476.01,18421.3,0,0
300,TRANSFER,766.24,C100006229,3440.5,2674.26,C200005413,240663.3,241429.54,0,0
300,TRANSFER,1793.04,C100006411,2876.928627299357,1083.89,C200002971,35747.91,37540.95,0,0
300,TRANSFER,146.33,C100006944,39723.69,39577.36,C200003490,39834.09,39980.42,0,0
301,TRANSFER,4552.21,C100000487,10771.48,6219.27,C200001453,10555.6,15107.81,0,0
301,TRANSFER,2901.48,C100001421,7260.017460011086,4358.54,C200005381,5749.39,8650.87,0,0
301,TRANSFER,1142.34,C100002673,15585.86,14443.52,C200004892,61852.1,62994.44,0,0
301,TRANSFER,1528.43,C100002890,21094.74,19566.31,C200004866,15749.11,17277.54,0,0
301,TRANSFER,11387.66,C100003349,12624.192084998467,1236.53,C200005782,15243.36,26631.02,0,0
301,TRANSFER,2155.83,C100003414,29147.23,26991.4,C200006378,13211.01,15366.84,0,0
301,TRANSFER,7482.76,C100003674,56484.03,49001.27,C200004910,31981.63,39464.39,0,0
301,TRANSFER,3747.07,C100004775,248824.58,245077.51,C200002743,41062.77,44809.84,0,0
301,TRANSFER,3797.97,C100004888,50027.66,46229.69,C200002374,87566.41,91364.38,0,0
301,TRANSFER,4037.54,C100004953,33489.57,29452.03,C200005086,51248.49,55286.03,0,0
301,TRANSFER,35591.11,C100005554,36224.04187198405,632.93,C200003793,169452.72,205043.83,0,0
301,TRANSFER,2392.73,C100006769,25517.3,23124.57,C200001485,295915.7,298308.43,0,0
302,TRANSFER,393.79,C100000260,16569.25,16175.46,C200001597,22498.9,22892.69,0,0
302,TRANSFER,2072.09,C100002582,4960.61,2888.52,C200000501,58836.29,60908.38,0,0
302,TRANSFER,1259.81,C100002642,143302.12,142042.31,C200004886,16964.93,18224.74,0,0
302,TRANSFER,17955.02,C100002649,23842.59,5887.57,C200004138,104564.44,122519.46,0,0
302,TRANSFER,2726.99,C100003916,80480.63,77753.64,C200004540,176859.52,179586.51,0,0
302,TRANSFER,642.87,C100003921,111885.16,111242.29,C200000623,35739.57,36382.44,0,0
302,TRANSFER,66511.26,C100003925,70852.96268417167,4341.7,C900000969,46037.63,112548.89,1,0
302,TRANSFER,578.93,C100004657,129438.24,128859.31,C200005368,18771.45,19350.38,0,0
302,TRANSFER,1373.36,C100005477,98676.1,97302.74,C200004547,78851.24,80224.6,0,0
303,TRANSFER,4274.52,C100000993,35366.28,31091.76,C200004894,6952.32,11226.84,0,0
303,TRANSFER,14891.21,C100001217,35557.71,20666.5,C200004272,80544.28,95435.49,0,0
303,TRANSFER,822.31,C100001911,32215.16,31392.85,C200000560,322572.58,323394.89,0,0
303,TRANSFER,2034.51,C100002477,2145.3445222070445,110.83,C200006452,120584.16,122618.67,0,0
303,TRANSFER,12799.95,C100002489,14209.243989281234,1409.29,C200000719,1082.37,13882.32,0,0
303,TRANSFER,3564.3,C100004846,41374.72,37810.42,C200001437,39883.34,43447.64,0,0
303,TRANSFER,2468.71,C100005411,73855.28,71386.57,C200004458,53564.65,56033.36,0,0
303,TRANSFER,587.48,C100005711,32960.57,32373.09,C200004087,133016.46,133603.94,0,0
303,TRANSFER,9306.55,C100006843,123801.19,114494.64,C200001676,11745.17,21051.72,0,0
304,TRANSFER,1337.15,C100000108,27887.09,26549.94,C200000617,1642.54,2979.69,0,0
304,TRANSFER,3405.85,C100000166,20305.08,16899.23,C200006295,9957.1,13362.95,0,0
304,TRANSFER,209.05,C100000208,167583.25,167374.2,C200000454,12377.5,12586.55,0,0
304,TRANSFER,1327.11,C100000358,4374.79,3047.68,C200000545,2378.81,3705.92,0,0
304,TRANSFER,6092.99,C100001017,12860.32,6767.33,C200004036,2783.37,8876.36,0,0
304,TRANSFER,486.46,C100001701,40076.38,39589.92,C200004113,84515.36,85001.82,0,0
304,TRANSFER,1790.95,C100001772,17144.93,15353.98,C200002269,657.06,2448.01,0,0
304,TRANSFER,41401.74,C100002472,45244.75396120633,3843.01,C900004636,38137.3,79539.04,1,0
304,TRANSFER,10482.99,C100002888,20667.13,10184.14,C200002121,22248.11,32731.1,0,0
304,TRANSFER,1295.67,C100005449,7422.63,6126.96,C200001896,25011.14,26306.81,0,0
304,TRANSFER,2424.21,C100005527,31920.26,29496.05,C200004194,17366.15,19790.36,0,0
304,TRANSFER,4395.45,C100005696,15171.7,10776.25,C200003587,22661.81,27057.26,0,0
304,TRANSFER,484.04,C100006207,2167.708973427844,1683.67,C200003891,13049.61,13533.65,0,0
304,TRANSFER,10600.21,C100006218,77983.99,67383.78,C200005598,44790.01,55390.22,0,0
304,TRANSFER,3716.6,C100006928,62766.5,59049.9,C200002868,4488.65,8205.25,0,0
305,TRANSFER,1174.58,C100001115,5110.9,3936.32,C200001166,20914.61,22089.19,0,0
305,TRANSFER,1509.68,C100001142,92188.58,90678.9,C200002718,16402.81,17912.49,0,0
305,TRANSFER,7061.03,C100001615,94725.7,87664.67,C200005076,19829.74,26890.77,0,0
305,TRANSFER,955.04,C100002145,139323.78,138368.74,C200000161,6111.08,7066.12,0,0
305,TRANSFER,5302.52,C100003083,23645.35,18342.83,C200006031,24786.61,30089.13,0,0
305,TRANSFER,12336.49,C100003739,32080.06,19743.57,C200001883,7651.05,19987.54,0,0
305,TRANSFER,1505.42,C100004003,18654.07,17148.65,C200006277,42629.93,44135.35,0,0
305,TRANSFER,2039.29,C100006040,40970.74,38931.45,C200002900,51769.91,53809.2,0,0
305,TRANSFER,391.71,C100006108,72568.49,72176.78,C200001658,17650.94,18042.65,0,0
305,TRANSFER,3306.19,C100006137,12799.49,9493.3,C200002713,13734.15,17040.34,0,0
305,TRANSFER,326.78,C100006303,280024.15,279697.37,C200005038,79712.28,80039.06,0,0
306,TRANSFER,1682.6,C100001568,11069.32,9386.72,C200005707,3818.67,5501.27,0,0
306,TRANSFER,608.34,C100002058,1807.36,1199.02,C200003666,80016.7,80625.04,0,0
306,TRANSFER,706.62,C100002465,132593.59,131886.97,C200005477,8596.56,9303.18,0,0
306,TRANSFER,1944.65,C100002742,4215.522165517119,2270.87,C200000285,5956.85,7901.5,0,0
306,TRANSFER,405.53,C100002938,7135.2,6729.67,C200000016,13700.48,14106.01,0,0
306,TRANSFER,256.0,C100003444,29861.93,29605.93,C200001730,14546.28,14802.28,0,0
306,TRANSFER,24109.81,C100003918,28329.079532676322,4219.27,C200004190,235251.71,259361.52,0,0
306,TRANSFER,10921.16,C100004075,11525.77614254043,604.62,C200001225,15078.84,26000.0,0,0
306,TRANSFER,1167.42,C100004361,14491.63,13324.21,C200000147,5825.95,6993.37,0,0
306,TRANSFER,7007.94,C100006296,43445.69,36437.75,C200003634,34091.7,41099.64,0,0
306,TRANSFER,10715.93,C100006313,57413.89,46697.96,C200003950,12856.63,23572.56,0,0
307,TRANSFER,221.41,C100000451,54879.55,54658.14,C200003906,50226.2,50447.61,0,0
307,TRANSFER,9547.68,C100000571,157097.95,147550.27,C200000385,32097.22,41644.9,0,0
307,TRANSFER,1123.26,C100001289,65261.03,64137.77,C200004792,16149.45,17272.71,0,0
307,TRANSFER,5885.22,C100001884,9701.84,3816.62,C200005394,534698.85,540584.07,0,0
307,TRANSFER,1836.58,C100002476,21025.6,19189.02,C200005851,3747.59,5584.17,0,0
307,TRANSFER,1645.77,C100003047,17609.2,15963.43,C200005150,12258.26,13904.03,0,0
307,TRANSFER,22007.31,C100003271,26440.92109365929,4433.61,C200000619,16694.87,38702.18,0,0
307,TRANSFER,658.24,C100003347,1000000.0,999341.76,C200001779,12568.05,13226.29,0,0
307,TRANSFER,3029.19,C100003468,7609.439753812878,4580.25,C200001087,24316.32,27345.51,0,0
307,TRANSFER,176.83,C100003905,18145.33,17968.5,C200001651,39541.4,39718.23,0,0
307,TRANSFER,2704.88,C100004143,17545.41,14840.53,C200003957,6773.74,9478.62,0,0
307,TRANSFER,451.28,C100004358,46952.9,46501.62,C200005084,51026.92,51478.2,0,0
307,TRANSFER,974.48,C100005945,35187.63,34213.15,C200004250,123707.24,124681.72,0,0
307,TRANSFER,1236.97,C100006651,32168.71,30931.74,C200003980,10821.12,12058.09,0,0
307,TRANSFER,9270.97,C100006758,15237.87,5966.9,C200004816,13933.81,23204.78,0,0
308,TRANSFER,6572.29,C100000189,21684.85,15112.56,C200001231,19111.98,25684.27,0,0
308,TRANSFER,2087.92,C100000944,168138.95,166051.03,C200002836,31938.12,34026.04,0,0
308,TRANSFER,13058.96,C100001472,111944.99,98886.03,C200000331,8879.5,21938.46,0,0
308,TRANSFER,3752.21,C100001888,33807.32,30055.11,C200000605,28504.21,32256.42,0,0
308,TRANSFER,2411.17,C100002149,72712.38,70301.21,C200000907,12351.95,14763.12,0,0
308,TRANSFER,8886.88,C100002186,52075.91,43189.03,C200006067,2763.06,11649.94,0,0
308,TRANSFER,916.45,C100002303,9656.69,8740.24,C200000289,97616.19,98532.64,0,0
308,TRANSFER,8560.53,C100002929,20962.69,12402.16,C200004862,5863.85,14424.38,0,0
308,TRANSFER,2998.3,C100002932,15818.52,12820.22,C200001677,23235.15,26233.45,0,0
308,TRANSFER,2100.91,C100003067,29893.71,27792.8,C200004009,395517.55,397618.46,0,0
308,TRANSFER,623.84,C100003796,46810.68,46186.84,C200005882,16948.93,17572.77,0,0
308,TRANSFER,732.36,C100004136,18442.65,17710.29,C200004270,7682.28,8414.64,0,0
308,TRANSFER,1811.65,C100004336,19367.06,17555.41,C200001214,5611.71,7423.36,0,0
308,TRANSFER,1828.56,C100006618,5263.24,3434.68,C200001073,10207.21,12035.77,0,0
308,TRANSFER,927.31,C100006761,7039.15,6111.84,C200005171,200678.31,201605.62,0,0
308,TRANSFER,502.23,C100006874,3753.35,3251.12,C200001372,22793.58,23295.81,0,0
309,TRANSFER,3628.8,C100000293,55711.87,52083.07,C200001614,157086.76,160715.56,0,0
309,TRANSFER,10338.88,C100001255,544052.19,533713.31,C200000655,10951.7,21290.58,0,0
309,TRANSFER,1570.75,C100001918,86775.61,85204.86,C200000038,37729.7,39300.45,0,0
309,TRANSFER,373.62,C100002299,16456.9,16083.28,C200004010,22083.82,22457.44,0,0
309,TRANSFER,659.84,C100002642,23056.61,22396.77,C200001585,63884.49,64544.33,0,0
309,TRANSFER,1381.82,C100002670,62024.82,60643.0,C200001168,34000.16,35381.98,0,0
309,TRANSFER,13549.05,C100002734,18004.644140917204,4455.59,C200003068,22594.04,36143.09,0,0
309,TRANSFER,514.22,C100002904,116820.85,116306.63,C200005914,47283.99,47798.21,0,0
309,TRANSFER,1693.7,C100003099,29729.0,28035.3,C200002147,469300.96,470994.66,0,0
309,TRANSFER,1315.01,C100003331,148081.2,146766.19,C200003205,49192.03,50507.04,0,0
309,TRANSFER,6456.29,C100003435,13577.65,7121.36,C200001976,66837.36,73293.65,0,0
309,TRANSFER,5646.25,C100003998,28551.28,22905.03,C200000904,39873.68,45519.93,0,0
309,TRANSFER,1870.54,C100004407,21642.24,19771.7,C200000806,105595.2,107465.74,0,0
309,TRANSFER,21773.1,C100004961,25952.859058728467,4179.76,C200003553,163884.99,185658.09,0,0
309,TRANSFER,2853.5,C100005168,181639.66,178786.16,C200002688,61290.94,64144.44,0,0
309,TRANSFER,847.84,C100005268,11204.92,10357.08,C200001279,22030.83,22878.67,0,0
309,TRANSFER,3034.73,C100005315,7615.931500098104,4581.2,C200005805,9116.36,12151.09,0,0
309,TRANSFER,141.44,C100005818,3606.0,3464.56,C200004449,10509.11,10650.55,0,0
309,TRANSFER,1637.77,C100006497,31140.49,29502.72,C200001960,9353.02,10990.79,0,0
309,TRANSFER,825.05,C100006887,101189.06,100364.01,C200006194,2089.85,2914.9,0,0
310,TRANSFER,13532.25,C100000368,16103.684371347164,2571.43,C200004490,18363.64,31895.89,0,0
310,TRANSFER,2320.31,C100000507,78185.96,75865.65,C200005800,56714.84,59035.15,0,0
310,TRANSFER,1490.88,C100000848,13445.6,11954.72,C200004414,4432.32,5923.2,0,0
310,TRANSFER,514.53,C100001070,328056.39,327541.86,C200002884,32442.77,32957.3,0,0
310,TRANSFER,19766.72,C100001409,23095.803176989128,3329.08,C200004887,688865.12,708631.84,0,0
310,TRANSFER,160.82,C100001730,9919.26,9758.44,C200005980,23543.82,23704.64,0,0
310,TRANSFER,6779.9,C100001978,58886.6,52106.7,C200005193,22018.27,28798.17,0,0
310,TRANSFER,7007.16,C100002475,358815.89,351808.73,C200000720,28011.04,35018.2,0,0
310,TRANSFER,3608.92,C100003047,61754.73,58145.81,C200005174,32159.38,35768.3,0,0
310,TRANSFER,1754.77,C100003073,32019.42,30264.65,C200001805,18324.09,20078.86,0,0
310,TRANSFER,360.25,C100004485,8103.16,7742.91,C200002765,40654.52,41014.77,0,0
310,TRANSFER,966.69,C100004595,65859.96,64893.27,C200006041,15113.92,16080.61,0,0
310,TRANSFER,2298.61,C100006192,95948.22,93649.61,C200005829,8903.61,11202.22,0,0
310,TRANSFER,651.25,C100006354,4695.11,4043.86,C200004044,8539.08,9190.33,0,0
310,TRANSFER,440.64,C100006835,6679.69,6239.05,C200003145,16164.56,16605.2,0,0
311,TRANSFER,52166.4,C100000169,53802.97175602699,1636.57,C200000485,27895.22,80061.62,0,0
311,TRANSFER,166.17,C100000367,8652.75,8486.58,C200003989,3586.64,3752.81,0,0
311,TRANSFER,7488.83,C100000785,9356.79,1867.96,C200005329,21526.99,29015.82,0,0
311,TRANSFER,7111.24,C100001600,11832.021558312279,4720.78,C200002138,14134.7,21245.94,0,0
311,TRANSFER,31880.1,C100001617,36495.18284726162,4615.08,C200005998,207149.91,239030.01,0,0
311,TRANSFER,824.99,C100001986,220620.55,219795.56,C200006290,15601.61,16426.6,0,0
311,TRANSFER,234.47,C100002850,312182.74,311948.27,C200003367,9333.98,9568.45,0,0
311,TRANSFER,4229.98,C100003056,49298.88,45068.9,C200001036,72653.74,76883.72,0,0
311,TRANSFER,219.52,C100003088,17759.27,17539.75,C200001121,21288.71,21508.23,0,0
311,TRANSFER,3918.82,C100003472,50211.44,46292.62,C200003130,31876.89,35795.71,0,0
311,TRANSFER,1245.87,C100003569,30214.42,28968.55,C200004758,15857.8,17103.67,0,0
311,TRANSFER,9684.81,C100003857,34715.79,25030.98,C200004389,49561.16,59245.97,0,0
311,TRANSFER,12854.42,C100003928,48328.19,35473.77,C200003864,4476.4,17330.82,0,0
312,TRANSFER,2693.74,C100000771,37875.45,35181.71,C200003927,68768.07,71461.81,0,0
312,TRANSFER,5212.23,C100000771,20543.79,15331.56,C200003067,8695.77,13908.0,0,0
312,TRANSFER,2147.93,C100000887,60135.2,57987.27,C200005096,20171.96,22319.89,0,0
312,TRANSFER,1236.04,C100002252,19698.09,18462.05,C200004913,12726.49,13962.53,0,0
312,TRANSFER,5361.3,C100002437,18893.62,13532.32,C200003126,53610.96,58972.26,0,0
312,TRANSFER,14503.59,C100002680,111970.94,97467.35,C200002129,89232.69,103736.28,0,0
312,TRANSFER,1968.73,C100002691,31873.11,29904.38,C200005095,24822.69,26791.42,0,0
312,TRANSFER,1374.18,C100003133,124195.96,122821.78,C200002541,24459.71,25833.89,0,0
312,TRANSFER,1738.59,C100003807,11360.34,9621.75,C200006193,5210.03,6948.62,0,0
312,TRANSFER,476.88,C100003918,5215.51,4738.63,C200002222,23633.66,24110.54,0,0
312,TRANSFER,3428.13,C100004123,45427.68,41999.55,C200005166,38213.23,41641.36,0,0
312,TRANSFER,3601.89,C100004462,60159.62,56557.73,C200000622,86185.79,89787.68,0,0
312,TRANSFER,1342.84,C100004686,320875.83,319532.99,C200004226,52605.42,53948.26,0,0
312,TRANSFER,1522.6,C100004768,61084.51,59561.91,C200003766,3089.03,4611.63,0,0
312,TRANSFER,5290.9,C100005489,79667.8,74376.9,C200000765,14151.32,19442.22,0,0
312,TRANSFER,5304.75,C100006818,10083.82,4779.07,C200004329,20251.87,25556.62,0,0
313,TRANSFER,7655.86,C100000117,50456.49,42800.63,C200006123,10258.63,17914.49,0,0
313,TRANSFER,1013.56,C100001817,46349.48,45335.92,C200001511,2394.77,3408.33,0,0
313,TRANSFER,802.98,C100003742,158770.62,157967.64,C200002576,67709.46,68512.44,0,0
313,TRANSFER,1950.22,C100004807,33539.56,31589.34,C200003334,8351.05,10301.27,0,0
313,TRANSFER,2339.78,C100005107,64496.23,62156.45,C200002563,10983.55,13323.33,0,0
313,TRANSFER,2679.74,C100005771,18232.08,15552.34,C200002893,14226.97,16906.71,0,0
313,TRANSFER,10400.97,C100006160,319808.47,309407.5,C200002927,25013.58,35414.55,0,0
313,TRANSFER,1246.21,C100006231,21047.7,19801.49,C200001568,23674.08,24920.29,0,0
314,TRANSFER,1336.19,C100000489,22204.77,20868.58,C200004777,31264.03,32600.22,0,0
314,TRANSFER,214.92,C100000523,24943.17,24728.25,C200003003,397781.84,397996.76,0,0
314,TRANSFER,1106.91,C100001310,23693.21,22586.3,C200005880,8561.43,9668.34,0,0
314,TRANSFER,8292.36,C100003734,23269.32,14976.96,C200001057,27338.73,35631.09,0,0
314,TRANSFER,23749.11,C100003937,25339.25177770525,1590.14,C200006482,40430.72,64179.83,0,0
314,TRANSFER,1730.24,C100004131,37059.72,35329.48,C200001085,232926.18,234656.42,0,0
314,TRANSFER,11023.4,C100004386,11106.19863656329,82.8,C200001858,34620.17,45643.57,0,0
314,TRANSFER,10897.88,C100004530,69792.58,58894.7,C200002364,25323.58,36221.46,0,0
314,TRANSFER,5007.83,C100004730,6211.942394588441,1204.11,C200004562,2856.69,7864.52,0,0
314,TRANSFER,1537.0,C100005534,120102.82,118565.82,C200003848,18272.23,19809.23,0,0
314,TRANSFER,1357.61,C100005809,15162.5,13804.89,C200002082,9171.61,10529.22,0,0
314,TRANSFER,2359.44,C100005938,186019.02,183659.58,C200004885,4404.22,6763.66,0,0
314,TRANSFER,1059.93,C100006708,35844.17,34784.24,C200005121,276317.2,277377.13,0,0
315,TRANSFER,1298.85,C100000851,11245.25,9946.4,C200005305,13348.24,14647.09,0,0
315,TRANSFER,5136.65,C100001004,6396.155452444147,1259.51,C200004781,825.16,5961.81,0,0
315,TRANSFER,1149.74,C100001190,6099.44,4949.7,C200002371,122801.18,123950.92,0,0
315,TRANSFER,3613.11,C100001597,7525.69,3912.58,C200003467,14726.33,18339.44,0,0
315,TRANSFER,5527.25,C100002855,106170.58,100643.33,C200003577,60398.55,65925.8,0,0
315,TRANSFER,23952.33,C100004729,201908.89,177956.56,C200005182,12400.81,36353.14,0,0
315,TRANSFER,23734.33,C100004766,25840.271966864817,2105.94,C900007917,331343.55,355077.88,1,0
315,TRANSFER,2014.76,C100005262,95848.58,93833.82,C200000943,8944.23,10958.99,0,0
316,TRANSFER,2195.45,C100000147,12388.75,10193.3,C200000428,37201.97,39397.42,0,0
316,TRANSFER,6269.97,C100001552,262108.66,255838.69,C200002220,57536.08,63806.05,0,0
316,TRANSFER,1065.93,C100001615,13960.45,12894.52,C200002968,26672.45,27738.38,0,0
316,TRANSFER,1011.47,C100002044,10638.39,9626.92,C200002655,199938.45,200949.92,0,0
316,TRANSFER,1009.13,C100002542,4366.94,3357.81,C200002424,70910.46,71919.59,0,0
316,TRANSFER,1553.33,C100004333,196449.5,194896.17,C200006254,86157.97,87711.3,0,0
316,TRANSFER,1129.46,C100004496,10991.92,9862.46,C200000395,17553.35,18682.81,0,0
316,TRANSFER,2974.76,C100004649,54181.96,51207.2,C200002999,19933.13,22907.89,0,0
316,TRANSFER,2607.8,C100004800,16122.5,13514.7,C200001933,19219.49,21827.29,0,0
316,TRANSFER,742.36,C100006302,47151.08,46408.72,C200001819,36562.73,37305.09,0,0
316,TRANSFER,7346.19,C100006749,35614.37,28268.18,C200005201,46876.77,54222.96,0,0
317,TRANSFER,470.5,C100000964,9272.31,8801.81,C200006406,176812.13,177282.63,0,0
317,TRANSFER,6181.78,C100001854,124033.0,117851.22,C200005204,7592.26,13774.04,0,0
317,TRANSFER,916.48,C100002227,186137.38,185220.9,C200003946,21015.74,21932.22,0,0
317,TRANSFER,1058.92,C100002345,11182.55,10123.63,C200003969,24085.26,25144.18,0,0
317,TRANSFER,2071.04,C100002353,27953.97,25882.93,C200002380,30657.29,32728.33,0,0
317,TRANSFER,815.51,C100002400,90207.82,89392.31,C200002738,37165.44,37980.95,0,0
317,TRANSFER,16354.29,C100003621,18746.92,2392.63,C200004669,15884.34,32238.63,0,0
317,TRANSFER,385.75,C100003738,8794.85,8409.1,C200006344,24256.7,24642.45,0,0
317,TRANSFER,372.61,C100004539,4857.27,4484.66,C200003995,10441.89,10814.5,0,0
317,TRANSFER,781.0,C100005382,8086.41,7305.41,C200005507,30374.49,31155.49,0,0
317,TRANSFER,769.74,C100005870,4507.919398957351,3738.18,C200006311,20553.07,21322.81,0,0
317,TRANSFER,5352.4,C100005970,28122.38,22769.98,C200002480,5207.17,10559.57,0,0
317,TRANSFER,493.58,C100005992,149086.43,148592.85,C200004300,4194.36,4687.94,0,0
317,TRANSFER,13066.0,C100006078,20016.06,6950.06,C200004340,67323.79,80389.79,0,0
317,TRANSFER,1513.71,C100006409,5726.868512843317,4213.16,C200001797,2712.35,4226.06,0,0
317,TRANSFER,4490.61,C100006513,8388.763614492887,3898.15,C200003812,121066.37,125556.98,0,0
318,TRANSFER,1834.86,C100000276,364475.12,362640.26,C200006300,4042.71,5877.57,0,0
318,TRANSFER,1275.22,C100002189,259583.18,258307.96,C200005329,23035.78,24311.0,0,0
318,TRANSFER,3840.41,C100003020,9552.32,5711.91,C200000602,22218.39,26058.8,0,0
318,TRANSFER,922.55,C100003763,27582.35,26659.8,C200006180,40334.36,41256.91,0,0
318,TRANSFER,5934.81,C100003831,55585.58,49650.77,C200000725,6873.62,12808.43,0,0
318,TRANSFER,1157.23,C100004557,110044.31,108887.08,C200003317,1688.54,2845.77,0,0
318,TRANSFER,7365.14,C100004973,11925.72283048426,4560.58,C200003706,103980.36,111345.5,0,0
318,TRANSFER,1057.41,C100005064,130446.52,129389.11,C200005698,39981.08,41038.49,0,0
318,TRANSFER,5642.58,C100005451,9803.153609675483,4160.57,C200006224,65415.84,71058.42,0,0
318,TRANSFER,58241.97,C100006434,239144.83,180902.86,C200002471,4136.25,62378.22,0,0
318,TRANSFER,13670.72,C100006703,18105.61518896645,4434.9,C200005897,157864.59,171535.31,0,0
319,TRANSFER,7399.09,C100000874,10292.873991046563,2893.78,C200005274,6645.55,14044.64,0,0
319,TRANSFER,8185.22,C100001624,171862.12,163676.9,C200002070,34656.67,42841.89,0,0
319,TRANSFER,702.5,C100002076,99269.34,98566.84,C200002054,41523.14,42225.64,0,0
319,TRANSFER,3588.32,C100002393,152649.9,149061.58,C200000781,38980.07,42568.39,0,0
319,TRANSFER,1499.93,C100002681,27881.34,26381.41,C200001252,44358.95,45858.88,0,0
319,TRANSFER,4584.89,C100002990,266161.58,261576.69,C200004531,141840.93,146425.82,0,0
319,TRANSFER,1868.04,C100004098,25243.19,23375.15,C200005304,1872.6,3740.64,0,0
319,TRANSFER,15987.42,C100004685,81383.0,65395.58,C200001282,16974.3,32961.72,0,0
319,TRANSFER,2576.92,C100005076,23107.79,20530.87,C200003443,64812.77,67389.69,0,0
319,TRANSFER,9442.41,C100005477,52371.29,42928.88,C200004713,67815.35,77257.76,0,0
319,TRANSFER,9704.29,C100005546,53610.62,43906.33,C200006371,33123.71,42828.0,0,0
320,TRANSFER,654.55,C100000243,23086.02,22431.47,C200002895,86741.63,87396.18,0,0
320,TRANSFER,1537.93,C100000292,17947.55,16409.62,C200001453,71580.91,73118.84,0,0
320,TRANSFER,1396.02,C100001039,38531.09,37135.07,C200005728,34682.41,36078.43,0,0
320,TRANSFER,641.62,C100001472,15906.19,15264.57,C200004964,25970.78,26612.4,0,0
320,TRANSFER,4030.59,C100001893,9931.11,5900.52,C200000722,8752.06,12782.65,0,0
320,TRANSFER,631.64,C100002679,177854.39,177222.75,C200006483,13240.29,13871.93,0,0
320,TRANSFER,3197.57,C100002816,30044.99,26847.42,C200003575,8602.53,11800.1,0,0
320,TRANSFER,6234.79,C100003044,30644.82,24410.03,C200003450,75669.76,81904.55,0,0
320,TRANSFER,1339.81,C100003199,10900.48,9560.67,C200000013,73060.39,74400.2,0,0
320,TRANSFER,338.01,C100003587,73186.24,72848.23,C200002358,50240.17,50578.18,0,0
320,TRANSFER,2385.09,C100004547,23045.54,20660.45,C200003328,4918.47,7303.56,0,0
320,TRANSFER,9597.73,C100005316,29116.63,19518.9,C200003712,60889.68,70487.41,0,0
320,TRANSFER,5206.73,C100005527,21214.98,16008.25,C200001839,19569.94,24776.67,0,0
320,TRANSFER,7794.89,C100006132,83658.12,75863.23,C200004690,24627.17,32422.06,0,0
320,TRANSFER,1307.39,C100006356,26183.67,24876.28,C200005465,126469.33,127776.72,0,0
320,TRANSFER,623.12,C100006454,220885.77,220262.65,C200005040,14020.81,14643.93,0,0
320,TRANSFER,489.78,C100006530,40976.64,40486.86,C200005335,39697.51,40187.29,0,0
321,TRANSFER,3699.75,C100000348,11504.72,7804.97,C200001645,569416.08,573115.83,0,0
321,TRANSFER,2778.8,C100000712,94616.95,91838.15,C200005997,7565.35,10344.15,0,0
321,TRANSFER,1158.24,C100000868,450505.21,449346.97,C200004960,30860.15,32018.39,0,0
321,TRANSFER,12432.24,C100000988,151539.17,139106.93,C200004415,67569.23,80001.47,0,0
321,TRANSFER,891.59,C100001757,15450.79,14559.2,C200005470,93228.8,94120.39,0,0
321,TRANSFER,1874.34,C100001801,191406.22,189531.88,C200001026,49857.2,51731.54,0,0
321,TRANSFER,1613.15,C100003501,9881.4,8268.25,C200001723,3524.62,5137.77,0,0
321,TRANSFER,7421.53,C100003568,41553.01,34131.48,C200000670,5237.77,12659.3,0,0
321,TRANSFER,415.53,C100003787,15342.71,14927.18,C200000633,21392.4,21807.93,0,0
321,TRANSFER,2243.23,C100004720,20694.61,18451.38,C200004240,60441.18,62684.41,0,0
321,TRANSFER,1163.95,C100004736,25868.83,24704.88,C200005090,2867.8,4031.75,0,0
321,TRANSFER,7024.54,C100005827,10809.164281734322,3784.62,C200002454,66971.43,73995.97,0,0
321,TRANSFER,1923.73,C100006726,134732.1,132808.37,C200005657,34930.18,36853.91,0,0
321,TRANSFER,3149.54,C100006827,23819.61,20670.07,C200005813,23548.92,26698.46,0,0
321,TRANSFER,3136.93,C100006939,40207.95,37071.02,C200003722,61231.35,64368.28,0,0
321,TRANSFER,1747.64,C100006973,98650.59,96902.95,C200005482,11445.28,13192.92,0,0
322,TRANSFER,4634.86,C100000874,36168.52,31533.66,C200000080,26000.56,30635.42,0,0
322,TRANSFER,2951.48,C100001363,51198.79,48247.31,C200001495,2995.42,5946.9,0,0
322,TRANSFER,3285.84,C100001429,38476.09,35190.25,C200002476,9850.39,13136.23,0,0
322,TRANSFER,7350.12,C100001661,18973.75,11623.63,C200000639,4933.42,12283.54,0,0
322,TRANSFER,1924.27,C100003223,39179.37,37255.1,C200004433,22199.17,24123.44,0,0
322,TRANSFER,731.1,C100003410,33621.73,32890.63,C200006089,72507.21,73238.31,0,0
322,TRANSFER,679.46,C100003637,94364.86,93685.4,C200005870,43293.94,43973.4,0,0
322,TRANSFER,5872.19,C100003926,43741.95,37869.76,C200006243,19437.82,25310.01,0,0
322,TRANSFER,1748.09,C100005282,113811.99,112063.9,C200003652,26612.95,28361.04,0,0
322,TRANSFER,904.73,C100005643,37091.35,36186.62,C200000841,107135.75,108040.48,0,0
323,TRANSFER,752.58,C100000404,63720.39,62967.81,C200002412,30999.04,31751.62,0,0
323,TRANSFER,3296.6,C100000495,32311.71,29015.11,C200004027,14232.94,17529.54,0,0
323,TRANSFER,1769.03,C100000578,203373.97,201604.94,C200006225,60830.1,62599.13,0,0
323,TRANSFER,254.99,C100001439,7760.08,7505.09,C200002099,88141.69,88396.68,0,0
323,TRANSFER,5574.47,C100002749,44834.31,39259.84,C200003648,62427.83,68002.3,0,0
323,TRANSFER,1696.43,C100002887,34995.21,33298.78,C200004637,9298.61,10995.04,0,0
323,TRANSFER,186.0,C100003036,173485.11,173299.11,C200000445,16828.31,17014.31,0,0
323,TRANSFER,766.21,C100003455,8266.47,7500.26,C200005064,12376.53,13142.74,0,0
323,TRANSFER,876.92,C100003762,6212.98,5336.06,C200000929,26794.81,27671.73,0,0
323,TRANSFER,519.09,C100004169,57341.07,56821.98,C200003624,10082.7,10601.79,0,0
323,TRANSFER,11179.25,C100004744,332567.21,321387.96,C200000827,15758.66,26937.91,0,0
323,TRANSFER,536.67,C100004847,69706.07,69169.4,C200005825,15759.23,16295.9,0,0
323,TRANSFER,361.5,C100005443,31452.39,31090.89,C200004142,2902.7,3264.2,0,0
323,TRANSFER,1407.04,C100005570,22502.61,21095.57,C200005778,8443.61,9850.65,0,0
323,TRANSFER,490.22,C100005726,102432.05,101941.83,C200002012,117146.93,117637.15,0,0
323,TRANSFER,148.48,C100006710,55940.53,55792.05,C200002771,30813.17,30961.65,0,0
323,TRANSFER,1662.17,C100006725,49108.58,47446.41,C200002208,28937.38,30599.55,0,0
323,TRANSFER,1570.19,C100006865,10144.67,8574.48,C200000478,177887.51,179457.7,0,0
324,TRANSFER,957.8,C100000797,6337.6,5379.8,C200006431,23133.04,24090.84,0,0
324,TRANSFER,32013.99,C100001059,43215.6,11201.61,C200000665,1733.43,33747.42,0,0
324,TRANSFER,41056.09,C100001523,43522.126999228116,2466.04,C200005733,81776.95,122833.04,0,0
324,TRANSFER,312.85,C100002008,14790.33,14477.48,C200005991,244950.74,245263.59,0,0
324,TRANSFER,1469.55,C100002528,91419.85,89950.3,C200002296,2278.44,3747.99,0,0
324,TRANSFER,4006.87,C100003087,15822.81,11815.94,C200005309,39710.73,43717.6,0,0
324,TRANSFER,2233.26,C100003335,25239.01,23005.75,C200003120,19045.89,21279.15,0,0
324,TRANSFER,2948.52,C100003487,28221.34,25272.82,C200005825,178619.81,181568.33,0,0
324,TRANSFER,1281.23,C100003688,77356.99,76075.76,C200003310,97999.57,99280.8,0,0
324,TRANSFER,1460.91,C100003977,99813.38,98352.47,C200005215,20532.51,21993.42,0,0
324,TRANSFER,3782.11,C100004158,55751.67,51969.56,C200000734,75786.75,79568.86,0,0
324,TRANSFER,4679.3,C100004810,81659.39,76980.09,C200005005,32790.03,37469.33,0,0
324,TRANSFER,2519.75,C100005041,306771.52,304251.77,C200006455,356342.05,358861.8,0,0
324,TRANSFER,3281.41,C100005094,158159.75,154878.34,C200005118,19658.45,22939.86,0,0
324,TRANSFER,4138.13,C100006008,6005.290516821893,1867.16,C200005061,3068.71,7206.84,0,0
324,TRANSFER,16745.84,C100006019,27701.04,10955.2,C900006378,27371.11,44116.95,1,0
324,TRANSFER,4474.25,C100006118,67259.19,62784.94,C200006339,13149.97,17624.22,0,0
325,TRANSFER,3302.99,C100000412,58689.1,55386.11,C200005417,65922.29,69225.28,0,0
325,TRANSFER,1341.91,C100000704,30947.78,29605.87,C200000079,4683.64,6025.55,0,0
325,TRANSFER,1798.04,C100000777,3739.22,1941.18,C200004727,10441.47,12239.51,0,0
325,TRANSFER,22039.45,C100001692,50249.73,28210.28,C200002207,92884.97,114924.42,0,0
325,TRANSFER,1629.21,C100001952,11187.9,9558.69,C200002406,45737.24,47366.45,0,0
325,TRANSFER,7179.63,C100002483,72176.33,64996.7,C200000337,505848.43,513028.06,0,0
325,TRANSFER,1580.09,C100003008,15582.39,14002.3,C200006495,6673.61,8253.7,0,0
325,TRANSFER,5748.94,C100003647,99494.11,93745.17,C200004977,27044.45,32793.39,0,0
325,TRANSFER,1440.05,C100005015,48751.37,47311.32,C200001807,56368.85,57808.9,0,0
325,TRANSFER,926.98,C100006034,7135.17,6208.19,C200001842,83673.56,84600.54,0,0
325,TRANSFER,11808.52,C100006213,16272.38403606653,4463.86,C200004699,17743.18,29551.7,0,0
325,TRANSFER,6385.95,C100006473,10681.231792519924,4295.28,C200004410,146704.8,153090.75,0,0
325,TRANSFER,12018.01,C100006502,24447.76,12429.75,C200001843,25128.8,37146.81,0,0
325,TRANSFER,9077.06,C100006567,11503.352842044205,2426.29,C200003549,25549.68,34626.74,0,0
325,TRANSFER,4451.53,C100006825,34588.04,30136.51,C200005628,8295.78,12747.31,0,0
326,TRANSFER,1314.1,C100000303,38490.84,37176.74,C200005610,123175.68,124489.78,0,0
326,TRANSFER,1588.14,C100000355,63164.87,61576.73,C200006209,44586.71,46174.85,0,0
326,TRANSFER,1319.76,C100001090,6114.16,4794.4,C200001987,17497.24,18817.0,0,0
326,TRANSFER,2506.98,C100001101,5883.8704389163795,3376.89,C200001802,7386.53,9893.51,0,0
326,TRANSFER,2105.93,C100001251,173322.49,171216.56,C200006287,110475.52,112581.45,0,0
326,TRANSFER,210.33,C100001296,15567.03,15356.7,C200000031,115774.99,115985.32,0,0
326,TRANSFER,12727.05,C100001825,14822.105026438443,2095.06,C200005451,12735.26,25462.31,0,0
326,TRANSFER,6023.53,C100002109,37023.06,30999.53,C200001695,553862.58,559886.11,0,0
326,TRANSFER,4920.5,C100002190,12314.31,7393.81,C200002306,155711.04,160631.54,0,0
326,TRANSFER,3975.2,C100002509,29282.41,25307.21,C200001306,9868.39,13843.59,0,0
326,TRANSFER,3246.05,C100003715,10914.77,7668.72,C200000651,49486.24,52732.29,0,0
326,TRANSFER,1051.55,C100003781,4096.584896217853,3045.03,C200002611,9435.13,10486.68,0,0
326,TRANSFER,2099.0,C100003783,11506.69,9407.69,C200006073,60584.71,62683.71,0,0
326,TRANSFER,5246.46,C100004408,26595.72,21349.26,C200006301,64173.57,69420.03,0,0
326,TRANSFER,416.33,C100004542,27495.85,27079.52,C200003260,6867.64,7283.97,0,0
326,TRANSFER,2905.98,C100005033,81705.23,78799.25,C200000519,12574.75,15480.73,0,0
326,TRANSFER,19516.55,C100005595,24449.836040068396,4933.29,C200003070,4571.61,24088.16,0,0
327,TRANSFER,1050.66,C100000038,33488.82,32438.16,C200001062,14038.78,15089.44,0,0
327,TRANSFER,1790.51,C100000058,31315.81,29525.3,C200004313,19252.48,21042.99,0,0
327,TRANSFER,786.28,C100001183,80973.85,80187.57,C200001788,540349.1,541135.38,0,0
327,TRANSFER,1636.62,C100001269,190550.35,188913.73,C200006162,101470.79,103107.41,0,0
327,TRANSFER,10403.7,C100001488,285878.85,275475.15,C200000187,22786.41,33190.11,0,0
327,TRANSFER,28536.55,C100001500,29134.78619034252,598.24,C200006045,79797.92,108334.47,0,0
327,TRANSFER,486.63,C100002038,32160.35,31673.72,C200005445,19378.61,19865.24,0,0
327,TRANSFER,6213.55,C100002715,17211.06,10997.51,C200001005,2812.53,9026.08,0,0
327,TRANSFER,688.73,C100003607,23241.96,22553.23,C200003379,5589.5,6278.23,0,0
327,TRANSFER,602.41,C100003994,44222.77,43620.36,C200000352,13025.38,13627.79,0,0
327,TRANSFER,3284.23,C100004052,5456.11,2171.88,C200003253,15878.51,19162.74,0,0
327,TRANSFER,445.75,C100004820,11359.09,10913.34,C200001510,26464.48,26910.23,0,0
327,TRANSFER,1554.61,C100004845,27120.61,25566.0,C200005182,60741.84,62296.45,0,0
328,TRANSFER,7944.28,C100000656,93876.66,85932.38,C200000577,7212.57,15156.85,0,0
328,TRANSFER,1277.81,C100001297,64601.28,63323.47,C200002467,3960.12,5237.93,0,0
328,TRANSFER,7592.17,C100001846,363381.7,355789.53,C200006253,7667.11,15259.28,0,0
328,TRANSFER,1068.99,C100003054,12734.73,11665.74,C200002313,26904.67,27973.66,0,0
328,TRANSFER,4270.77,C100003217,40691.12,36420.35,C200002166,184976.8,189247.57,0,0
328,TRANSFER,4117.71,C100003264,52201.04,48083.33,C200002875,22822.87,26940.58,0,0
328,TRANSFER,2436.31,C100004398,35254.08,32817.77,C200005393,45082.29,47518.6,0,0
328,TRANSFER,614.73,C100004443,8644.6,8029.87,C200002017,14755.27,15370.0,0,0
328,TRANSFER,12817.68,C100004796,31388.73,18571.05,C200001312,619316.22,632133.9,0,0
328,TRANSFER,1001.87,C100005378,30221.4,29219.53,C200002142,2538.27,3540.14,0,0
328,TRANSFER,2350.97,C100005776,75538.14,73187.17,C200006233,34567.22,36918.19,0,0
328,TRANSFER,2099.39,C100006024,7372.54,5273.15,C200001330,142090.96,144190.35,0,0
329,TRANSFER,2079.39,C100000562,17948.17,15868.78,C200004434,12174.2,14253.59,0,0
329,TRANSFER,167.21,C100001097,24635.25,24468.04,C200001677,24894.62,25061.83,0,0
329,TRANSFER,9258.75,C100002424,37539.63,28280.88,C200002926,6029.69,15288.44,0,0
329,TRANSFER,1520.32,C100002564,7110.87,5590.55,C200004364,8745.2,10265.52,0,0
329,TRANSFER,260.07,C100002697,69755.92,69495.85,C200002591,13953.12,14213.19,0,0
329,TRANSFER,3104.07,C100003547,39844.77,36740.7,C200000792,11356.79,14460.86,0,0
329,TRANSFER,2991.46,C100003859,83034.7,80043.24,C200002888,26385.1,29376.56,0,0
329,TRANSFER,1866.36,C100004367,20710.67,18844.31,C200004331,15912.35,17778.71,0,0
329,TRANSFER,1780.95,C100004631,21121.93,19340.98,C200002113,17741.4,19522.35,0,0
329,TRANSFER,198.42,C100004813,102199.87,102001.45,C200002230,79385.94,79584.36,0,0
329,TRANSFER,4247.86,C100005119,40456.49,36208.63,C200004560,28926.53,33174.39,0,0
329,TRANSFER,4248.59,C100005343,156561.54,152312.95,C200004990,6221.35,10469.94,0,0
329,TRANSFER,1512.96,C100005432,3181.1507151438545,1668.19,C200001388,78585.49,80098.45,0,0
330,TRANSFER,1495.4,C100000306,75898.64,74403.24,C200002798,24389.02,25884.42,0,0
330,TRANSFER,8033.35,C100000816,24073.86,16040.51,C200002732,21287.49,29320.84,0,0
330,TRANSFER,7657.15,C100003316,95054.15,87397.0,C200002996,30948.22,38605.37,0,0
330,TRANSFER,3728.23,C100003770,4079.511065282611,351.28,C200003849,6238.41,9966.64,0,0
330,TRANSFER,2923.42,C100003978,11660.17,8736.75,C200001442,62977.36,65900.78,0,0
330,TRANSFER,9530.06,C100004421,21745.57,12215.51,C200000040,235271.79,244801.85,0,0
330,TRANSFER,7725.4,C100004692,24645.29,16919.89,C200004467,6268.59,13993.99,0,0
330,TRANSFER,414.55,C100004713,28108.58,27694.03,C200003628,88455.02,88869.57,0,0
330,TRANSFER,1303.2,C100004732,22345.23,21042.03,C200006368,28899.43,30202.63,0,0
330,TRANSFER,987.41,C100004970,31735.26,30747.85,C200002310,37101.27,38088.68,0,0
330,TRANSFER,474.68,C100005203,5687.21,5212.53,C200004634,101147.51,101622.19,0,0
330,TRANSFER,1320.46,C100006102,12223.13,10902.67,C200002464,9244.04,10564.5,0,0
331,TRANSFER,2398.73,C100000631,229004.66,226605.93,C200002152,37366.45,39765.18,0,0
331,TRANSFER,3084.32,C100000877,283997.58,280913.26,C200004218,23968.6,27052.92,0,0
331,TRANSFER,1718.11,C100002009,11559.02,9840.91,C200003482,82631.44,84349.55,0,0
331,TRANSFER,5008.18,C100002064,22449.04,17440.86,C200000119,3295.38,8303.56,0,0
331,TRANSFER,519.09,C100002124,4644.45,4125.36,C200004182,28962.38,29481.47,0,0
331,TRANSFER,5526.02,C100002241,13805.47,8279.45,C200000236,5360.86,10886.88,0,0
331,TRANSFER,2579.03,C100002999,115516.01,112936.98,C200002527,113833.1,116412.13,0,0
331,TRANSFER,1141.83,C100003527,19507.71,18365.88,C200002338,9860.8,11002.63,0,0
331,TRANSFER,35390.58,C100003880,37249.26892055076,1858.69,C200000332,46718.48,82109.06,0,0
331,TRANSFER,5154.37,C100004078,17854.96,12700.59,C200004362,11951.33,17105.7,0,0
331,TRANSFER,13271.69,C100004166,150550.83,137279.14,C200005992,201595.62,214867.31,0,0
331,TRANSFER,3223.19,C100004610,14361.5,11138.31,C200000053,5144.36,8367.55,0,0
331,TRANSFER,921.27,C100004917,3972.26,3050.99,C200006432,4507.11,5428.38,0,0
331,TRANSFER,3807.87,C100005281,11169.55,7361.68,C200004362,80054.08,83861.95,0,0
331,TRANSFER,19597.73,C100006156,22335.31880043108,2737.59,C200002421,55238.63,74836.36,0,0
331,TRANSFER,8807.07,C100006375,52638.2,43831.13,C200005828,22293.74,31100.81,0,0
332,TRANSFER,2190.76,C100001919,159964.78,157774.02,C200003614,76873.7,79064.46,0,0
332,TRANSFER,1974.48,C100002041,179473.75,177499.27,C200000857,24568.72,26543.2,0,0
332,TRANSFER,3919.09,C100002407,47376.42,43457.33,C200006268,46736.23,50655.32,0,0
332,TRANSFER,450.94,C100002517,11602.76,11151.82,C200005446,5626.09,6077.03,0,0
332,TRANSFER,5000.31,C100002694,17290.04,12289.73,C200005069,41644.79,46645.1,0,0
332,TRANSFER,840.09,C100003181,39465.39,38625.3,C200001743,215943.43,216783.52,0,0
332,TRANSFER,12100.88,C100003452,12172.595943024722,71.72,C200000032,7850.53,19951.41,0,0
332,TRANSFER,2360.83,C100004171,12677.62,10316.79,C200005937,5208.95,7569.78,0,0
332,TRANSFER,7706.86,C100004359,33566.59,25859.73,C200001208,4566.15,12273.01,0,0
332,TRANSFER,2764.15,C100004613,6621.93,3857.78,C200003781,9959.6,12723.75,0,0
332,TRANSFER,678.02,C100004655,12068.6,11390.58,C200001996,29204.26,29882.28,0,0
332,TRANSFER,3746.07,C100004738,22259.2,18513.13,C200001863,12661.89,16407.96,0,0
332,TRANSFER,2139.89,C100005031,8359.46,6219.57,C200002532,23435.86,25575.75,0,0
332,TRANSFER,1886.72,C100005511,78918.2,77031.48,C200004434,48021.21,49907.93,0,0
332,TRANSFER,4529.53,C100005650,6657.13502072821,2127.61,C200001691,21224.84,25754.37,0,0
332,TRANSFER,1549.04,C100006383,2729.97,1180.93,C200000638,35428.85,36977.89,0,0
332,TRANSFER,1938.76,C100006894,50159.35,48220.59,C200004236,22590.47,24529.23,0,0
333,TRANSFER,563.55,C100001010,47934.08,47370.53,C200002440,8388.0,8951.55,0,0
333,TRANSFER,1403.05,C100001332,11491.65,10088.6,C200001413,11081.91,12484.96,0,0
333,TRANSFER,363.66,C100001970,137920.01,137556.35,C200004940,5167.75,5531.41,0,0
333,TRANSFER,20128.46,C100002835,133909.2,113780.74,C200004998,50367.4,70495.86,0,0
333,TRANSFER,2747.07,C100002843,11588.42,8841.35,C200006253,17283.28,20030.35,0,0
333,TRANSFER,758.02,C100002942,15806.44,15048.42,C200000675,36123.95,36881.97,0,0
333,TRANSFER,9711.79,C100003047,111888.54,102176.75,C200000149,86808.62,96520.41,0,0
333,TRANSFER,2218.53,C100004196,11252.94,9034.41,C200004668,39401.77,41620.3,0,0
333,TRANSFER,824.92,C100004755,11531.01,10706.09,C200004966,37061.69,37886.61,0,0
333,TRANSFER,9793.65,C100004969,24036.88,14243.23,C200000594,215543.9,225337.55,0,0
333,TRANSFER,5893.13,C100005280,23324.96,17431.83,C200001383,3447.48,9340.61,0,0
333,TRANSFER,10565.61,C100006356,72079.68,61514.07,C200004332,8294.68,18860.29,0,0
333,TRANSFER,442.99,C100006500,47772.04,47329.05,C200006347,102588.97,103031.96,0,0
333,TRANSFER,985.6,C100006757,19580.15,18594.55,C200006055,4504.34,5489.94,0,0
333,TRANSFER,7544.2,C100006859,80357.86,72813.66,C200006087,64937.27,72481.47,0,0
334,TRANSFER,4791.07,C100000238,15084.71,10293.64,C200003852,110060.44,114851.51,0,0
334,TRANSFER,1046.39,C100001754,400618.9,399572.51,C200004273,6567.04,7613.43,0,0
334,TRANSFER,1863.94,C100001872,5425.08,3561.14,C200005377,10991.65,12855.59,0,0
334,TRANSFER,3817.4,C100002183,420187.77,416370.37,C200004290,35650.72,39468.12,0,0
334,TRANSFER,5014.35,C100002253,26498.23,21483.88,C200005451,23667.05,28681.4,0,0
334,TRANSFER,2381.64,C100003458,39531.01,37149.37,C200004471,26417.76,28799.4,0,0
334,TRANSFER,11016.18,C100003614,15041.250484601893,4025.07,C200001296,2685.83,13702.01,0,0
334,TRANSFER,411.04,C100003981,2794.9475314175284,2383.91,C200003225,62090.96,62502.0,0,0
334,TRANSFER,9152.57,C100004398,26382.88,17230.31,C200000427,59238.3,68390.87,0,0
334,TRANSFER,2129.93,C100004447,11128.17,8998.24,C200002713,71920.16,74050.09,0,0
334,TRANSFER,2595.55,C100004490,11612.61,9017.06,C200004322,65901.83,68497.38,0,0
334,TRANSFER,8100.51,C100004916,22806.68,14706.17,C200001960,149819.56,157920.07,0,0
334,TRANSFER,10027.66,C100005093,56799.41,46771.75,C200001678,11583.86,21611.52,0,0
334,TRANSFER,705.04,C100005203,20611.73,19906.69,C200005356,54311.53,55016.57,0,0
334,TRANSFER,13655.8,C100005450,18303.94,4648.14,C200003170,16047.0,29702.8,0,0
334,TRANSFER,1740.0,C100005865,8319.04,6579.04,C200000953,63892.52,65632.52,0,0
335,TRANSFER,2171.78,C100001415,9679.7,7507.92,C200000010,40774.79,42946.57,0,0
335,TRANSFER,1563.34,C100001510,300843.65,299280.31,C200005213,298078.47,299641.81,0,0
335,TRANSFER,1142.19,C100001619,44459.34,43317.15,C200003624,6104.3,7246.49,0,0
335,TRANSFER,401.01,C100002234,24405.79,24004.78,C200002188,5053.72,5454.73,0,0
335,TRANSFER,2803.16,C100002686,102953.28,100150.12,C200002866,19932.59,22735.75,0,0
335,TRANSFER,17388.55,C100003448,19001.92948405842,1613.38,C200001923,20353.81,37742.36,0,0
335,TRANSFER,9326.7,C100003519,33042.84,23716.14,C200002745,18800.16,28126.86,0,0
335,TRANSFER,3495.47,C100003535,390660.95,387165.48,C200002793,1952.04,5447.51,0,0
335,TRANSFER,9005.76,C100004180,48304.24,39298.48,C200006063,66688.22,75693.98,0,0
335,TRANSFER,2029.78,C100004818,61766.56,59736.78,C200001833,6577.82,8607.6,0,0
335,TRANSFER,1262.06,C100004825,75462.76,74200.7,C200003736,18496.46,19758.52,0,0
335,TRANSFER,1401.96,C100004893,21276.57,19874.61,C200000370,98266.41,99668.37,0,0
335,TRANSFER,2127.21,C100004939,470752.68,468625.47,C200003095,416875.41,419002.62,0,0
335,TRANSFER,2060.94,C100005336,11404.05,9343.11,C200005815,18096.47,20157.41,0,0
335,TRANSFER,725.36,C100005555,647393.95,646668.59,C200002959,28005.06,28730.42,0,0
335,TRANSFER,1939.24,C100005984,780409.65,778470.41,C200004578,32262.61,34201.85,0,0
336,TRANSFER,557.05,C100000381,21520.24,20963.19,C200001053,108152.9,108709.95,0,0
336,TRANSFER,1358.81,C100001310,118500.76,117141.95,C200004721,44662.77,46021.58,0,0
336,TRANSFER,3800.8,C100002079,6105.083845388217,2304.28,C200006302,306517.53,310318.33,0,0
336,TRANSFER,552.5,C100002336,6133.32,5580.82,C200001236,3338.75,3891.25,0,0
336,TRANSFER,3543.56,C100002494,96134.75,92591.19,C200002494,61875.68,65419.24,0,0
336,TRANSFER,1671.96,C100002812,101254.47,99582.51,C200000174,3166.04,4838.0,0,0
336,TRANSFER,9862.84,C100002947,50051.33,40188.49,C200001974,20698.93,30561.77,0,0
336,TRANSFER,4725.66,C100002965,306170.41,301444.75,C200001990,12993.03,17718.69,0,0
336,TRANSFER,1613.18,C100003067,19130.46,17517.28,C200004060,45127.91,46741.09,0,0
336,TRANSFER,2178.05,C100003172,27243.37,25065.32,C200000897,16393.38,18571.43,0,0
336,TRANSFER,2982.99,C100003308,35374.9,32391.91,C200003565,32784.46,35767.45,0,0
336,TRANSFER,3834.35,C100004187,10686.3,6851.95,C200006287,4194.23,8028.58,0,0
336,TRANSFER,1719.52,C100004839,14163.91,12444.39,C200000348,11694.5,13414.02,0,0
336,TRANSFER,1609.83,C100005769,12845.97,11236.14,C200005538,37584.08,39193.91,0,0
336,TRANSFER,60648.4,C100006002,62646.07620287721,1997.68,C900004458,29651.44,90299.84,1,0
336,TRANSFER,805.0,C100006524,17256.18,16451.18,C200001331,34081.13,34886.13,0,0
337,TRANSFER,6167.14,C100000147,9003.82,2836.68,C200000285,29310.4,35477.54,0,0
337,TRANSFER,4000.12,C100001775,37415.71,33415.59,C200003957,22518.9,26519.02,0,0
337,TRANSFER,778.45,C100002079,222153.83,221375.38,C200004595,518725.04,519503.49,0,0
337,TRANSFER,38208.89,C100002334,40508.15829898249,2299.27,C200004641,4422.34,42631.23,0,0
337,TRANSFER,1615.58,C100002538,307667.32,306051.74,C200001539,3891.13,5506.71,0,0
337,TRANSFER,3960.98,C100002589,96842.4,92881.42,C200004868,32285.18,36246.16,0,0
337,TRANSFER,3378.67,C100002992,65674.79,62296.12,C200003083,17137.15,20515.82,0,0
337,TRANSFER,5961.05,C100003763,8596.148198946,2635.1,C200004156,99665.21,105626.26,0,0
337,TRANSFER,48115.85,C100004166,51627.66000238122,3511.81,C900001394,34502.83,82618.68,1,0
337,TRANSFER,2707.15,C100004169,169416.6,166709.45,C200003676,18400.46,21107.61,0,0
337,TRANSFER,9087.71,C100005630,26519.9,17432.19,C200004258,15790.55,24878.26,0,0
337,TRANSFER,8448.47,C100006144,43958.07,35509.6,C200002973,16007.51,24455.98,0,0
337,TRANSFER,2277.72,C100006514,15491.07,13213.35,C200001480,6327.96,8605.68,0,0
337,TRANSFER,1573.09,C100006601,139669.02,138095.93,C200006360,373941.31,375514.4,0,0
337,TRANSFER,6801.73,C100006881,10483.974830234714,3682.24,C200006396,656744.74,663546.47,0,0
337,TRANSFER,2839.8,C100006996,15519.04,12679.24,C200001440,20504.82,23344.62,0,0
338,TRANSFER,3867.81,C100000049,39339.07,35471.26,C200002428,14734.76,18602.57,0,0
338,TRANSFER,4678.63,C100001409,7603.275549782362,2924.65,C200000211,2557.28,7235.91,0,0
338,TRANSFER,987.85,C100001463,85953.5,84965.65,C200000790,40099.82,41087.67,0,0
338,TRANSFER,1296.12,C100001936,82780.1,81483.98,C200001876,37471.22,38767.34,0,0
338,TRANSFER,4103.6,C100001955,16714.45,12610.85,C200005441,58709.17,62812.77,0,0
338,TRANSFER,8149.55,C100002081,106270.1,98120.55,C200000529,1000000.0,1008149.55,0,0
338,TRANSFER,1634.43,C100003330,61081.25,59446.82,C200001448,1941.82,3576.25,0,0
338,TRANSFER,5847.87,C100003416,96391.54,90543.67,C200002412,166206.51,172054.38,0,0
338,TRANSFER,1324.14,C100004352,17148.41,15824.27,C200001963,42270.41,43594.55,0,0
338,TRANSFER,25542.03,C100004566,27156.074937351215,1614.04,C200002249,8173.14,33715.17,0,0
338,TRANSFER,10657.64,C100004574,13800.51,3142.87,C200000671,5470.6,16128.24,0,0
338,TRANSFER,47835.05,C100005666,48700.90830707416,865.86,C200000401,96268.66,144103.71,0,0
339,TRANSFER,3665.39,C100001080,50418.26,46752.87,C200006110,3926.12,7591.51,0,0
339,TRANSFER,704.94,C100002008,10465.79,9760.85,C200001561,12302.28,13007.22,0,0
339,TRANSFER,3445.98,C100002243,840945.89,837499.91,C200001972,3164.1,6610.08,0,0
339,TRANSFER,2096.57,C100002295,4565.152201851128,2468.58,C200001489,131248.04,133344.61,0,0
339,TRANSFER,182.08,C100002763,5360.71,5178.63,C200002837,20960.68,21142.76,0,0
339,TRANSFER,240.5,C100002863,26027.27,25786.77,C200003441,29257.18,29497.68,0,0
339,TRANSFER,2899.42,C100002882,3866.803173209226,967.38,C200004541,6018.72,8918.14,0,0
339,TRANSFER,16829.37,C100003267,19102.096691292132,2272.73,C200005129,7708.28,24537.65,0,0
339,TRANSFER,1131.17,C100004098,6740.25,5609.08,C200004111,24917.22,26048.39,0,0
339,TRANSFER,2425.38,C100004774,47294.15,44868.77,C200005972,93258.85,95684.23,0,0
339,TRANSFER,4064.46,C100005526,22472.59,18408.13,C200004523,3170.6,7235.06,0,0
339,TRANSFER,4699.33,C100005719,24589.17,19889.84,C200003902,63670.28,68369.61,0,0
339,TRANSFER,886.24,C100006173,22727.01,21840.77,C200000026,14289.44,15175.68,0,0
339,TRANSFER,3175.43,C100006481,110784.0,107608.57,C200006117,2838.35,6013.78,0,0
339,TRANSFER,1126.65,C100006650,190762.16,189635.51,C200004431,117595.76,118722.41,0,0
340,TRANSFER,306.06,C100000411,14908.7,14602.64,C200005695,76991.83,77297.89,0,0
340,TRANSFER,1490.94,C100001028,89179.1,87688.16,C200005007,2788.99,4279.93,0,0
340,TRANSFER,1652.62,C100001450,8052.1,6399.48,C200002910,26028.91,27681.53,0,0
340,TRANSFER,199.32,C100001768,221346.38,221147.06,C200003309,2827.83,3027.15,0,0
340,TRANSFER,685.34,C100001926,2546.15,1860.81,C200000179,18177.87,18863.21,0,0
340,TRANSFER,3461.24,C100002141,7629.48,4168.24,C200000409,87124.08,90585.32,0,0
340,TRANSFER,14162.65,C100002274,46280.92,32118.27,C200006155,15991.67,30154.32,0,0
340,TRANSFER,2739.85,C100002488,12071.07,9331.22,C200005605,4618.9,7358.75,0,0
340,TRANSFER,1028.59,C100003044,9157.21,8128.62,C200001747,141844.57,142873.16,0,0
340,TRANSFER,16759.38,C100003697,18844.774074052973,2085.39,C200003592,4357.65,21117.03,0,0
340,TRANSFER,1071.76,C100004645,40208.74,39136.98,C200000754,40429.45,41501.21,0,0
340,TRANSFER,2908.59,C100004709,644045.58,641136.99,C200000692,24184.07,27092.66,0,0
340,TRANSFER,1363.37,C100004755,6797.31,5433.94,C200001719,13022.57,14385.94,0,0
340,TRANSFER,4352.19,C100005335,8386.432057256567,4034.24,C200000789,85218.14,89570.33,0,0
340,TRANSFER,2053.32,C100006082,171479.83,169426.51,C200005589,3997.63,6050.95,0,0
340,TRANSFER,16380.54,C100006106,38065.8,21685.26,C200004360,60867.37,77247.91,0,0
340,TRANSFER,2101.43,C100006546,102139.04,100037.61,C200000826,30844.06,32945.49,0,0
340,TRANSFER,7583.59,C100006630,8427.997807624144,844.41,C200002947,48300.36,55883.95,0,0
341,TRANSFER,225.09,C100001332,56228.12,56003.03,C200006074,32041.06,32266.15,0,0
341,TRANSFER,1652.04,C100001816,4380.63553902858,2728.6,C200002765,27185.53,28837.57,0,0
341,TRANSFER,550.16,C100004073,96076.81,95526.65,C200001588,148623.73,149173.89,0,0
341,TRANSFER,2855.24,C100005658,26147.96,23292.72,C200005596,41083.34,43938.58,0,0
341,TRANSFER,7063.26,C100005699,32242.74,25179.48,C200003138,1551.99,8615.25,0,0
341,TRANSFER,2237.78,C100006201,43596.83,41359.05,C200002187,45057.14,47294.92,0,0
341,TRANSFER,676.21,C100006267,10225.56,9549.35,C200000851,7906.43,8582.64,0,0
342,TRANSFER,1095.79,C100000222,26782.16,25686.37,C200001448,326029.2,327124.99,0,0
342,TRANSFER,3134.43,C100000623,24450.38,21315.95,C200005220,16425.78,19560.21,0,0
342,TRANSFER,1000.12,C100001265,13397.46,12397.34,C200002271,6076.55,7076.67,0,0
342,TRANSFER,3950.91,C100001637,10898.63,6947.72,C200005031,7146.9,11097.81,0,0
342,TRANSFER,7655.8,C100001779,26366.51,18710.71,C200001901,24382.84,32038.64,0,0
342,TRANSFER,5135.56,C100001897,12496.27,7360.71,C200002586,21889.07,27024.63,0,0
342,TRANSFER,598.94,C100002393,157076.6,156477.66,C200001942,18777.8,19376.74,0,0
342,TRANSFER,12415.39,C100002463,67786.9,55371.51,C200006194,8870.12,21285.51,0,0
342,TRANSFER,2927.78,C100002522,19382.61,16454.83,C200001435,27023.32,29951.1,0,0
342,TRANSFER,68.43,C100002738,204528.48,204460.05,C200001032,24017.1,24085.53,0,0
342,TRANSFER,1818.69,C100003023,7689.09,5870.4,C200001124,238030.32,239849.01,0,0
342,TRANSFER,582.88,C100003626,14624.54,14041.66,C200000224,97610.97,98193.85,0,0
342,TRANSFER,1463.77,C100004807,115982.68,114518.91,C200002170,217210.28,218674.05,0,0
342,TRANSFER,288.87,C100006026,79317.36,79028.49,C200003194,58474.58,58763.45,0,0
342,TRANSFER,5544.8,C100006534,11833.5,6288.7,C200002990,52925.14,58469.94,0,0
343,TRANSFER,1842.34,C100000557,20929.66,19087.32,C200000142,7949.26,9791.6,0,0
343,TRANSFER,842.43,C100000823,66477.27,65634.84,C200000564,67813.86,68656.29,0,0
343,TRANSFER,4640.76,C100002018,352127.59,347486.83,C200002428,106933.31,111574.07,0,0
343,TRANSFER,1000.24,C100002286,77348.44,76348.2,C200004102,65220.9,66221.14,0,0
343,TRANSFER,637.31,C100002954,162713.84,162076.53,C200001182,5230.14,5867.45,0,0
343,TRANSFER,39511.63,C100003159,43483.95400811337,3972.32,C200000983,9896.72,49408.35,0,0
343,TRANSFER,7481.87,C100003195,45741.92,38260.05,C200003315,3687.95,11169.82,0,0
343,TRANSFER,1322.62,C100003383,73114.51,71791.89,C200001571,120633.3,121955.92,0,0
343,TRANSFER,2661.22,C100003509,67780.91,65119.69,C200004792,39809.14,42470.36,0,0
343,TRANSFER,1432.18,C100003523,24210.6,22778.42,C200002766,6755.47,8187.65,0,0
343,TRANSFER,754.32,C100005007,411450.99,410696.67,C200000266,23636.97,24391.29,0,0
343,TRANSFER,1474.98,C100005474,29952.96,28477.98,C200000679,35568.99,37043.97,0,0
343,TRANSFER,2554.03,C100005616,86776.24,84222.21,C200003557,46731.56,49285.59,0,0
343,TRANSFER,1410.45,C100006622,4983.13,3572.68,C200006196,15588.27,16998.72,0,0
344,TRANSFER,24544.11,C100000252,25929.13150684856,1385.02,C200005967,40791.46,65335.57,0,0
344,TRANSFER,1834.44,C100000581,21812.98,19978.54,C200001456,125468.37,127302.81,0,0
344,TRANSFER,1879.67,C100000682,227959.6,226079.93,C200002147,78637.61,80517.28,0,0
344,TRANSFER,5764.54,C100001084,49262.63,43498.09,C200005324,25736.72,31501.26,0,0
344,TRANSFER,41246.07,C100001099,58161.96,16915.89,C200000708,11519.24,52765.31,0,0
344,TRANSFER,2873.28,C100001333,113169.73,110296.45,C200004477,100012.81,102886.09,0,0
344,TRANSFER,13046.82,C100001429,14871.05728864202,1824.24,C200003453,562261.11,575307.93,0,0
344,TRANSFER,1584.35,C100001795,10629.59,9045.24,C200000798,3466.82,5051.17,0,0
344,TRANSFER,3959.58,C100002407,27404.76,23445.18,C200000097,103456.27,107415.85,0,0
344,TRANSFER,3225.73,C100002476,18927.23,15701.5,C200005491,22505.07,25730.8,0,0
344,TRANSFER,5635.45,C100003736,25552.51,19917.06,C200006420,73247.14,78882.59,0,0
344,TRANSFER,605.86,C100004166,3682.3,3076.44,C200006149,69737.49,70343.35,0,0
344,TRANSFER,4131.15,C100005289,16536.25,12405.1,C200001072,55374.35,59505.5,0,0
344,TRANSFER,10749.03,C100005627,29811.96,19062.93,C200002104,32920.27,43669.3,0,0
344,TRANSFER,3618.56,C100005647,42267.13,38648.57,C200002144,57997.29,61615.85,0,0
344,TRANSFER,2968.77,C100005978,19055.09,16086.32,C200006052,13131.66,16100.43,0,0
344,TRANSFER,3743.19,C100006189,188183.03,184439.84,C200003481,25700.79,29443.98,0,0
344,TRANSFER,8229.01,C100006339,50152.0,41922.99,C200002688,76250.54,84479.55,0,0
344,TRANSFER,11295.84,C100006570,11788.818990302076,492.98,C200003535,15734.72,27030.56,0,0
344,TRANSFER,1165.23,C100006900,9708.43,8543.2,C200006202,17531.52,18696.75,0,0
344,TRANSFER,3887.77,C100006938,4730.31,842.54,C200002184,39229.93,43117.7,0,0
345,TRANSFER,579.47,C100000160,377662.77,377083.3,C200003719,3789.15,4368.62,0,0
345,TRANSFER,9080.09,C100001351,21770.43,12690.34,C200001676,27687.02,36767.11,0,0
345,TRANSFER,1697.94,C100001409,113792.87,112094.93,C200000704,23785.78,25483.72,0,0
345,TRANSFER,5711.39,C100001636,63500.43,57789.04,C200004246,55815.56,61526.95,0,0
345,TRANSFER,1120.83,C100002368,95178.01,94057.18,C200000096,61255.88,62376.71,0,0
345,TRANSFER,1812.56,C100004568,27373.52,25560.96,C200005604,3403.89,5216.45,0,0
345,TRANSFER,1612.6,C100004595,54934.46,53321.86,C200005669,35804.98,37417.58,0,0
345,TRANSFER,1417.58,C100004673,21938.57,20520.99,C200002379,28024.47,29442.05,0,0
345,TRANSFER,3618.42,C100005000,6868.806347640114,3250.39,C200003404,19108.82,22727.24,0,0
346,TRANSFER,2387.22,C100000471,24217.51,21830.29,C200002158,1665.36,4052.58,0,0
346,TRANSFER,1551.11,C100000498,223556.46,222005.35,C200005119,26341.81,27892.92,0,0
346,TRANSFER,4284.72,C100000724,284545.05,280260.33,C200001172,2495.73,6780.45,0,0
346,TRANSFER,2126.26,C100001372,165198.74,163072.48,C200005505,32238.7,34364.96,0,0
346,TRANSFER,7418.49,C100001614,40641.42,33222.93,C200000023,130788.03,138206.52,0,0
346,TRANSFER,1938.47,C100001639,16098.57,14160.1,C200001085,89302.79,91241.26,0,0
346,TRANSFER,1826.06,C100001945,63412.27,61586.21,C200003721,2977.35,4803.41,0,0
346,TRANSFER,1595.06,C100003417,136309.77,134714.71,C200004483,3359.96,4955.02,0,0
346,TRANSFER,5230.16,C100005243,8723.18,3493.02,C200003538,2027.48,7257.64,0,0
346,TRANSFER,4757.84,C100005245,74471.19,69713.35,C200002184,13262.52,18020.36,0,0
346,TRANSFER,6343.14,C100005394,62687.62,56344.48,C200000476,4695.57,11038.71,0,0
346,TRANSFER,598.04,C100005751,55176.85,54578.81,C200006059,10745.72,11343.76,0,0
346,TRANSFER,2044.9,C100005952,68327.35,66282.45,C200005195,10430.48,12475.38,0,0
346,TRANSFER,889.69,C100006301,40188.84,39299.15,C200000070,17725.84,18615.53,0,0
346,TRANSFER,172.69,C100006442,160664.8,160492.11,C200000472,284520.19,284692.88,0,0
346,TRANSFER,320.63,C100006650,13643.9,13323.27,C200003500,6929.83,7250.46,0,0
346,TRANSFER,381.49,C100006928,31895.38,31513.89,C200004287,60051.09,60432.58,0,0
347,TRANSFER,1321.06,C100001188,237493.31,236172.25,C200001641,1651.92,2972.98,0,0
347,TRANSFER,3557.94,C100001470,20519.48,16961.54,C200004991,23815.58,27373.52,0,0
347,TRANSFER,11371.99,C100001686,17715.73,6343.74,C200001976,7245.37,18617.36,0,0
347,TRANSFER,4234.34,C100002574,7280.030363670612,3045.69,C200001278,12399.34,16633.68,0,0
347,TRANSFER,749.62,C100002620,40870.81,40121.19,C200001531,11950.39,12700.01,0,0
347,TRANSFER,1134.42,C100002939,126961.11,125826.69,C200000098,25969.29,27103.71,0,0
347,TRANSFER,983.66,C100003789,48012.96,47029.3,C200002427,16885.87,17869.53,0,0
347,TRANSFER,63053.64,C100003925,64315.07350193265,1261.43,C200001554,14672.75,77726.39,0,0
347,TRANSFER,2043.8,C100004105,99663.78,97619.98,C200004604,81884.61,83928.41,0,0
347,TRANSFER,21740.17,C100005234,23497.733463282966,1757.56,C200003493,71975.92,93716.09,0,0
347,TRANSFER,2655.54,C100005851,34983.33,32327.79,C200004396,26617.05,29272.59,0,0
347,TRANSFER,1864.29,C100005949,42155.96,40291.67,C200002467,69516.31,71380.6,0,0
348,TRANSFER,1115.38,C100000646,26806.98,25691.6,C200003579,43056.75,44172.13,0,0
348,TRANSFER,2948.09,C100000711,8031.43,5083.34,C200001057,26551.66,29499.75,0,0
348,TRANSFER,2583.27,C100002983,33037.16,30453.89,C200002553,41351.92,43935.19,0,0
348,TRANSFER,792.94,C100003176,29926.3,29133.36,C200000713,59362.35,60155.29,0,0
348,TRANSFER,1351.84,C100004098,39594.41,38242.57,C200002604,104382.05,105733.89,0,0
348,TRANSFER,2791.29,C100004283,137765.3,134974.01,C200000193,13742.64,16533.93,0,0
348,TRANSFER,2660.84,C100004750,14455.1,11794.26,C200005283,10168.0,12828.84,0,0
348,TRANSFER,4664.08,C100004994,8334.71892933395,3670.64,C200006213,26887.33,31551.41,0,0
348,TRANSFER,1777.46,C100005311,39830.74,38053.28,C200004703,99803.81,101581.27,0,0
348,TRANSFER,232.21,C100005368,634901.65,634669.44,C200000539,6087.39,6319.6,0,0
348,TRANSFER,10250.88,C100005659,57600.32,47349.44,C200002096,147830.13,158081.01,0,0
348,TRANSFER,5132.11,C100005675,32385.21,27253.1,C200006001,45783.7,50915.81,0,0
348,TRANSFER,673.66,C100005678,19498.8,18825.14,C200003734,9227.79,9901.45,0,0
348,TRANSFER,2668.51,C100005918,18578.2,15909.69,C200004951,33728.52,36397.03,0,0
348,TRANSFER,1094.39,C100006537,18282.77,17188.38,C200003101,3406.73,4501.12,0,0
348,TRANSFER,879.52,C100006964,19395.52,18516.0,C200001311,58510.03,59389.55,0,0
349,TRANSFER,963.72,C100000283,33987.36,33023.64,C200002769,101682.87,102646.59,0,0
349,TRANSFER,1757.79,C100000618,78343.97,76586.18,C200000481,55099.37,56857.16,0,0
349,TRANSFER,6913.43,C100000792,31328.43,24415.0,C200005031,115283.82,122197.25,0,0
349,TRANSFER,20983.08,C100001207,25920.1062237938,4937.03,C200005378,56704.89,77687.97,0,0
349,TRANSFER,1267.09,C100001231,11325.6,10058.51,C200006474,40247.96,41515.05,0,0
349,TRANSFER,1647.46,C100001913,10495.37,8847.91,C200003622,34842.22,36489.68,0,0
349,TRANSFER,1665.29,C100002126,7500.35,5835.06,C200002126,22083.13,23748.42,0,0
349,TRANSFER,123.52,C100002523,5354.37,5230.85,C200005702,8065.04,8188.56,0,0
349,TRANSFER,5999.49,C100002904,10304.6355304213,4305.15,C200001540,7533.58,13533.07,0,0
349,TRANSFER,318.91,C100003059,57813.61,57494.7,C200005077,1490.1,1809.01,0,0
349,TRANSFER,3800.29,C100003226,22109.3,18309.01,C200000483,8929.44,12729.73,0,0
349,TRANSFER,1246.22,C100003775,302348.08,301101.86,C200000242,1339.88,2586.1,0,0
349,TRANSFER,15784.77,C100004085,48914.78,33130.01,C200003377,26585.83,42370.6,0,0
349,TRANSFER,383.97,C100004221,24364.35,23980.38,C200003543,9427.48,9811.45,0,0
349,TRANSFER,865.84,C100004757,50376.73,49510.89,C200005308,27019.08,27884.92,0,0
349,TRANSFER,8635.19,C100005029,18746.01,10110.82,C200004642,26546.89,35182.08,0,0
349,TRANSFER,632.7,C100005049,84229.76,83597.06,C200001447,297751.43,298384.13,0,0
349,TRANSFER,374.67,C100005832,58480.51,58105.84,C200000041,13064.95,13439.62,0,0
349,TRANSFER,1017.97,C100006628,2456.54,1438.57,C200000602,10256.09,11274.06,0,0
350,TRANSFER,1294.92,C100000757,21902.33,20607.41,C200000830,48613.42,49908.34,0,0
350,TRANSFER,635.52,C100000881,33001.36,32365.84,C200001686,9973.35,10608.87,0,0
350,TRANSFER,2121.02,C100001600,34630.15,32509.13,C200003736,143988.39,146109.41,0,0
350,TRANSFER,4776.87,C100001602,24433.71,19656.84,C200001945,29012.21,33789.08,0,0
350,TRANSFER,1167.47,C100002155,11137.14,9969.67,C200001189,4651.12,5818.59,0,0
350,TRANSFER,1724.51,C100003026,37681.97,35957.46,C200001694,53797.04,55521.55,0,0
350,TRANSFER,1029.56,C100003060,130921.55,129891.99,C200004861,21878.31,22907.87,0,0
350,TRANSFER,1771.72,C100003967,16987.69,15215.97,C200004299,14811.59,16583.31,0,0
350,TRANSFER,330.87,C100004050,24572.88,24242.01,C200005787,51838.18,52169.05,0,0
350,TRANSFER,8928.38,C100004798,29596.87,20668.49,C200000658,1514.98,10443.36,0,0
350,TRANSFER,1798.45,C100005498,216183.61,214385.16,C200001566,11480.18,13278.63,0,0
350,TRANSFER,3778.27,C100006408,145688.16,141909.89,C200001055,37208.99,40987.26,0,0
350,TRANSFER,667.28,C100006523,209971.99,209304.71,C200004554,14674.94,15342.22,0,0
351,TRANSFER,3079.51,C100000287,11970.01,8890.5,C200005786,142848.04,145927.55,0,0
351,TRANSFER,1550.19,C100001031,13173.19,11623.0,C200004015,10012.26,11562.45,0,0
351,TRANSFER,1951.13,C100001155,30974.21,29023.08,C200003874,2748.9,4700.03,0,0
351,TRANSFER,915.63,C100003689,8904.57,7988.94,C200003047,19936.74,20852.37,0,0
351,TRANSFER,1940.28,C100003703,32916.25,30975.97,C200001589,21302.18,23242.46,0,0
351,TRANSFER,4154.32,C100004265,6990.26,2835.94,C200000613,61833.18,65987.5,0,0
351,TRANSFER,6426.84,C100005015,210758.54,204331.7,C200006339,4214.82,10641.66,0,0
351,TRANSFER,1747.59,C100005888,28933.12,27185.53,C200005974,5853.73,7601.32,0,0
351,TRANSFER,17347.64,C100006052,491833.61,474485.97,C200004712,161922.69,179270.33,0,0
352,TRANSFER,870.69,C100000000,492716.67,491845.98,C200006300,41719.13,42589.82,0,0
352,TRANSFER,1879.01,C100000244,55756.86,53877.85,C200002557,77543.0,79422.01,0,0
352,TRANSFER,3466.52,C100000900,39309.84,35843.32,C200004811,22001.49,25468.01,0,0
352,TRANSFER,3886.06,C100002241,33685.33,29799.27,C200004236,234155.95,238042.01,0,0
352,TRANSFER,6208.81,C100003501,116418.29,110209.48,C200001884,23835.32,30044.13,0,0
352,TRANSFER,283.85,C100003639,81423.08,81139.23,C200005800,88710.79,88994.64,0,0
352,TRANSFER,726.2,C100003971,157746.96,157020.76,C200004594,29969.29,30695.49,0,0
352,TRANSFER,881.34,C100004298,47298.63,46417.29,C200003284,58939.82,59821.16,0,0
353,TRANSFER,1472.09,C100000009,23747.74,22275.65,C200004857,30525.71,31997.8,0,0
353,TRANSFER,3384.54,C100000818,161360.42,157975.88,C200005638,196026.34,199410.88,0,0
353,TRANSFER,63780.33,C100001194,67196.93366751425,3416.6,C200001047,29849.96,93630.29,0,0
353,TRANSFER,5977.66,C100002356,132371.43,126393.77,C200005183,2440.18,8417.84,0,0
353,TRANSFER,470.96,C100003200,4877.025414201909,4406.07,C200005567,6051.92,6522.88,0,0
353,TRANSFER,2854.79,C100003346,16918.44,14063.65,C200001871,3283.4,6138.19,0,0
353,TRANSFER,4087.25,C100005601,9099.4,5012.15,C200004986,27413.74,31500.99,0,0
353,TRANSFER,1581.67,C100005867,212497.14,210915.47,C200001122,86355.55,87937.22,0,0
353,TRANSFER,13887.63,C100006734,15880.378796959063,1992.75,C200001624,15655.82,29543.45,0,0
354,TRANSFER,10207.89,C100000814,94433.84,84225.95,C200001659,12892.65,23100.54,0,0
354,TRANSFER,2181.65,C100001208,141583.99,139402.34,C200004152,24978.36,27160.01,0,0
354,TRANSFER,39172.39,C100001446,43833.91974877261,4661.53,C200001105,16879.74,56052.13,0,0
354,TRANSFER,6767.4,C100002098,30563.47,23796.07,C200005529,11077.62,17845.02,0,0
354,TRANSFER,1656.73,C100002334,51931.63,50274.9,C200002685,22475.76,24132.49,0,0
354,TRANSFER,1229.22,C100002618,46459.28,45230.06,C200005034,36094.73,37323.95,0,0
354,TRANSFER,2075.18,C100002833,12597.88,10522.7,C200005640,47439.91,49515.09,0,0
354,TRANSFER,4997.51,C100003199,5238.1118183431545,240.6,C200001538,4310.17,9307.68,0,0
354,TRANSFER,2394.85,C100003403,7664.55,5269.7,C200000939,34413.56,36808.41,0,0
354,TRANSFER,4601.31,C100003526,34463.0,29861.69,C200001979,20027.94,24629.25,0,0
354,TRANSFER,98.85,C100005317,23774.68,23675.83,C200005055,3728.92,3827.77,0,0
354,TRANSFER,208.44,C100005722,15377.06,15168.62,C200002823,25720.42,25928.86,0,0
354,TRANSFER,6326.6,C100006457,8306.670864026673,1980.07,C200004352,2827.78,9154.38,0,0
354,TRANSFER,1812.88,C100006514,51759.15,49946.27,C200004614,7457.92,9270.8,0,0
355,TRANSFER,7134.15,C100000334,7971.202832343051,837.05,C200002328,23486.89,30621.04,0,0
355,TRANSFER,7312.49,C100001459,9267.735802968746,1955.25,C200004294,81874.88,89187.37,0,0
355,TRANSFER,60596.28,C100002431,68878.02,8281.74,C200004651,44475.04,105071.32,0,0
355,TRANSFER,3313.41,C100003029,6831.212269559299,3517.8,C200002060,49443.04,52756.45,0,0
355,TRANSFER,4275.86,C100004266,14622.57,10346.71,C200000938,10356.94,14632.8,0,0
355,TRANSFER,944.3,C100004681,67813.22,66868.92,C200003518,70098.59,71042.89,0,0
355,TRANSFER,6596.43,C100005691,9279.221738488093,2682.79,C200000065,18124.1,24720.53,0,0
355,TRANSFER,13340.03,C100006237,16310.299964416905,2970.27,C200002931,20903.78,34243.81,0,0
356,TRANSFER,6368.24,C100000057,8611.35,2243.11,C200005779,6260.33,12628.57,0,0
356,TRANSFER,2391.54,C100000087,11500.78,9109.24,C200003354,9845.38,12236.92,0,0
356,TRANSFER,3425.49,C100000610,14260.49,10835.0,C200003452,238103.34,241528.83,0,0
356,TRANSFER,1485.78,C100000714,125418.56,123932.78,C200004240,75352.73,76838.51,0,0
356,TRANSFER,4120.61,C100001415,49314.94,45194.33,C200005237,72274.11,76394.72,0,0
356,TRANSFER,8180.64,C100001893,83754.11,75573.47,C200006268,25592.88,33773.52,0,0
356,TRANSFER,2593.64,C100002063,6129.53,3535.89,C200003399,6446.06,9039.7,0,0
356,TRANSFER,292.86,C100002193,16132.65,15839.79,C200001717,146691.16,146984.02,0,0
356,TRANSFER,4572.97,C100002372,11099.2,6526.23,C200004391,5589.5,10162.47,0,0
356,TRANSFER,2448.32,C100002825,108631.79,106183.47,C200001156,103030.54,105478.86,0,0
356,TRANSFER,2243.72,C100003596,39803.01,37559.29,C200004745,69865.53,72109.25,0,0
356,TRANSFER,548.29,C100003929,174728.49,174180.2,C200002979,7635.87,8184.16,0,0
356,TRANSFER,2722.28,C100004196,41894.05,39171.77,C200001108,12656.7,15378.98,0,0
356,TRANSFER,31416.52,C100004317,194435.35,163018.83,C200004307,11215.71,42632.23,0,0
356,TRANSFER,1465.64,C100004714,81305.13,79839.49,C200004612,5424.89,6890.53,0,0
356,TRANSFER,1032.05,C100005121,46618.51,45586.46,C200004851,27651.87,28683.92,0,0
356,TRANSFER,1982.32,C100005224,40043.54,38061.22,C200001594,25938.11,27920.43,0,0
356,TRANSFER,16500.66,C100006201,21477.94,4977.28,C200006427,32216.16,48716.82,0,0
356,TRANSFER,98.93,C100006335,54552.55,54453.62,C200006169,169154.54,169253.47,0,0
356,TRANSFER,672.08,C100006370,55897.13,55225.05,C200005383,15330.77,16002.85,0,0
356,TRANSFER,7809.61,C100006410,10354.929117465024,2545.32,C200000662,10692.72,18502.33,0,0
356,TRANSFER,14505.5,C100006588,102095.11,87589.61,C200004629,18133.28,32638.78,0,0
357,TRANSFER,6606.14,C100000409,13462.7,6856.56,C200001568,8085.64,14691.78,0,0
357,TRANSFER,1621.4,C100000550,163815.63,162194.23,C200005137,4164.78,5786.18,0,0
357,TRANSFER,5184.4,C100000571,20128.99,14944.59,C200004471,515825.21,521009.61,0,0
357,TRANSFER,9853.81,C100001330,77531.68,67677.87,C200001375,28921.0,38774.81,0,0
357,TRANSFER,8792.61,C100001414,17494.63,8702.02,C200004430,3977.52,12770.13,0,0
357,TRANSFER,3399.35,C100001637,28588.52,25189.17,C200006001,76744.79,80144.14,0,0
357,TRANSFER,5436.33,C100001839,71896.89,66460.56,C200003624,15210.85,20647.18,0,0
357,TRANSFER,1916.45,C100002195,6926.11,5009.66,C200004777,18570.03,20486.48,0,0
357,TRANSFER,7734.42,C100003370,41997.46,34263.04,C200000120,40238.55,47972.97,0,0
357,TRANSFER,1530.68,C100003387,53748.39,52217.71,C200001525,9011.88,10542.56,0,0
357,TRANSFER,4958.38,C100004372,32872.51,27914.13,C200000996,29782.6,34740.98,0,0
357,TRANSFER,2489.78,C100005776,7455.43,4965.65,C200004875,56018.13,58507.91,0,0
358,TRANSFER,3075.27,C100000231,87487.57,84412.3,C200004360,5635.7,8710.97,0,0
358,TRANSFER,3956.28,C100000326,372316.68,368360.4,C200004416,4042.34,7998.62,0,0
358,TRANSFER,2573.99,C100000799,25308.81,22734.82,C200005710,57601.17,60175.16,0,0
358,TRANSFER,9085.28,C100001443,9874.337079520914,789.06,C200001496,19884.74,28970.02,0,0
358,TRANSFER,397.05,C100001834,18023.53,17626.48,C200002884,4295.82,4692.87,0,0
358,TRANSFER,165.32,C100001909,21026.29,20860.97,C200005242,46245.35,46410.67,0,0
358,TRANSFER,1134.98,C100002073,1000000.0,998865.02,C200000800,22250.27,23385.25,0,0
358,TRANSFER,45669.47,C100002443,308990.51,263321.04,C200000482,159535.1,205204.57,0,0
358,TRANSFER,902.63,C100002846,16249.85,15347.22,C200004887,60890.08,61792.71,0,0
358,TRANSFER,2914.19,C100003459,69106.75,66192.56,C200005590,39483.74,42397.93,0,0
358,TRANSFER,2891.68,C100003506,6170.26,3278.58,C200001149,70519.65,73411.33,0,0
358,TRANSFER,3259.32,C100003629,138518.07,135258.75,C200002565,205856.3,209115.62,0,0
358,TRANSFER,2574.79,C100003671,30403.45,27828.66,C200002569,63540.69,66115.48,0,0
358,TRANSFER,347.58,C100003962,64531.21,64183.63,C200003755,5986.97,6334.55,0,0
358,TRANSFER,1319.64,C100004260,15239.02,13919.38,C200003771,19143.96,20463.6,0,0
358,TRANSFER,6251.78,C100004343,58902.31,52650.53,C200000317,25121.81,31373.59,0,0
358,TRANSFER,11998.38,C100005911,73594.42,61596.04,C200000588,14570.07,26568.45,0,0
358,TRANSFER,7577.41,C100006226,12084.725108924189,4507.32,C200004527,4385.49,11962.9,0,0
358,TRANSFER,544.36,C100006392,8826.47,8282.11,C200004345,241571.1,242115.46,0,0
359,TRANSFER,999.5,C100000089,35230.49,34230.99,C200001227,50939.4,51938.9,0,0
359,TRANSFER,2260.29,C100001281,19642.63,17382.34,C200003125,714.96,2975.25,0,0
359,TRANSFER,1717.74,C100001703,88686.68,86968.94,C200001896,8570.62,10288.36,0,0
359,TRANSFER,319.16,C100001992,57216.17,56897.01,C200005416,22426.9,22746.06,0,0
359,TRANSFER,127.09,C100002305,44020.5,43893.41,C200000338,177574.11,177701.2,0,0
359,TRANSFER,1403.4,C100002486,60986.02,59582.62,C200005274,4418.63,5822.03,0,0
359,TRANSFER,764.1,C100002560,18388.36,17624.26,C200002303,42674.82,43438.92,0,0
359,TRANSFER,1700.4,C100002975,99501.24,97800.84,C200000456,23102.93,24803.33,0,0
359,TRANSFER,542.73,C100003138,17763.3,17220.57,C200003853,15349.19,15891.92,0,0
359,TRANSFER,392.86,C100003651,3186.06,2793.2,C200000555,985457.3,985850.16,0,0
359,TRANSFER,211.28,C100004748,24727.63,24516.35,C200004993,10685.56,10896.84,0,0
359,TRANSFER,2698.74,C100005049,33220.54,30521.8,C200006302,66808.89,69507.63,0,0
359,TRANSFER,1317.38,C100005202,97806.28,96488.9,C200001087,2054.45,3371.83,0,0
359,TRANSFER,2257.05,C100006216,31458.59,29201.54,C200004356,133820.4,136077.45,0,0
359,TRANSFER,457.63,C100006462,27410.74,26953.11,C200002107,35505.74,35963.37,0,0
359,TRANSFER,25971.09,C100006546,28576.34273644157,2605.25,C200005037,22343.13,48314.22,0,0
360,TRANSFER,1126.35,C100000764,8243.53,7117.18,C200005762,16480.75,17607.1,0,0
360,TRANSFER,786.97,C100000995,3990.73853423976,3203.77,C200006407,110627.41,111414.38,0,0
360,TRANSFER,11337.82,C100001609,12259.190474975409,921.37,C200006117,9808.12,21145.94,0,0
360,TRANSFER,1538.32,C100002134,25487.55,23949.23,C200003593,225603.47,227141.79,0,0
360,TRANSFER,27276.39,C100002323,29938.203071144977,2661.81,C200000715,27758.31,55034.7,0,0
360,TRANSFER,1297.28,C100003045,45261.92,43964.64,C200006127,732085.46,733382.74,0,0
360,TRANSFER,4011.96,C100003215,108212.49,104200.53,C200000739,148498.8,152510.76,0,0
360,TRANSFER,3878.29,C100003526,51245.87,47367.58,C200002777,219751.29,223629.58,0,0
360,TRANSFER,3649.13,C100004886,27123.58,23474.45,C200001908,14303.18,17952.31,0,0
360,TRANSFER,3449.97,C100005800,129711.44,126261.47,C200002836,16040.3,19490.27,0,0
360,TRANSFER,18581.81,C100006286,24243.5,5661.69,C200001212,26273.59,44855.4,0,0
360,TRANSFER,617.33,C100006756,303135.83,302518.5,C200005454,3862.39,4479.72,0,0
360,TRANSFER,3410.54,C100006838,25368.73,21958.19,C200000630,16792.69,20203.23,0,0
361,TRANSFER,2141.27,C100002124,66585.53,64444.26,C200005781,18020.23,20161.5,0,0
361,TRANSFER,969.03,C100002518,24925.2,23956.17,C200005582,74361.18,75330.21,0,0
361,TRANSFER,12587.65,C100003808,174305.52,161717.87,C200002748,8899.72,21487.37,0,0
361,TRANSFER,1426.63,C100004667,69852.49,68425.86,C200000875,15433.97,16860.6,0,0
361,TRANSFER,1344.59,C100006898,61178.04,59833.45,C200000478,318557.5,319902.09,0,0
362,TRANSFER,2316.56,C100000644,24545.86,22229.3,C200005590,14390.78,16707.34,0,0
362,TRANSFER,1901.34,C100001108,44448.71,42547.37,C200005500,126175.36,128076.7,0,0
362,TRANSFER,1218.89,C100001437,30899.93,29681.04,C200006377,39950.24,41169.13,0,0
362,TRANSFER,28519.74,C100001881,232473.86,203954.12,C900004710,11771.05,40290.79,1,0
362,TRANSFER,2398.14,C100003047,37514.02,35115.88,C200004258,713.6,3111.74,0,0
362,TRANSFER,3255.68,C100003109,48396.48,45140.8,C200005704,28875.06,32130.74,0,0
362,TRANSFER,3306.6,C100004743,244324.85,241018.25,C200005846,25381.62,28688.22,0,0
362,TRANSFER,88.22,C100005844,62379.62,62291.4,C200003434,5392.4,5480.62,0,0
362,TRANSFER,2866.7,C100005940,20973.06,18106.36,C900007654,36885.27,39751.97,1,0
362,TRANSFER,678.4,C100006096,81633.54,80955.14,C200002647,137025.56,137703.96,0,0
362,TRANSFER,5758.12,C100006703,7478.598183063655,1720.48,C200006119,4520.56,10278.68,0,0
363,TRANSFER,1699.17,C100000900,6480.06,4780.89,C200003486,68930.74,70629.91,0,0
363,TRANSFER,2786.78,C100001029,370370.97,367584.19,C200001076,17168.08,19954.86,0,0
363,TRANSFER,2294.9,C100001561,35224.03,32929.13,C200005190,2146.76,4441.66,0,0
363,TRANSFER,3695.84,C100003293,13788.29,10092.45,C200001823,56533.53,60229.37,0,0
363,TRANSFER,674.29,C100004053,52676.6,52002.31,C200006346,4797.78,5472.07,0,0
363,TRANSFER,982.49,C100004367,7217.23,6234.74,C200004637,4473.13,5455.62,0,0
363,TRANSFER,1197.52,C100005132,15269.82,14072.3,C200005166,4173.93,5371.45,0,0
363,TRANSFER,2950.6,C100006613,9939.39,6988.79,C200002925,87991.43,90942.03,0,0
363,TRANSFER,1488.73,C100006830,27495.91,26007.18,C200003032,174220.59,175709.32,0,0
364,TRANSFER,2408.13,C100001543,17979.65,15571.52,C200003141,372977.25,375385.38,0,0
364,TRANSFER,1861.02,C100001693,7643.78,5782.76,C200003703,10975.54,12836.56,0,0
364,TRANSFER,2156.45,C100002019,27249.29,25092.84,C200000342,7511.01,9667.46,0,0
364,TRANSFER,3852.31,C100002026,28626.69,24774.38,C200000744,28726.78,32579.09,0,0
364,TRANSFER,2377.88,C100002169,13756.02,11378.14,C200005985,13258.48,15636.36,0,0
364,TRANSFER,2061.15,C100002246,981428.8,979367.65,C200005543,33402.16,35463.31,0,0
364,TRANSFER,4131.3,C100002514,26705.14,22573.84,C200006332,326722.09,330853.39,0,0
364,TRANSFER,5974.05,C100002762,180616.41,174642.36,C200001488,37223.08,43197.13,0,0
364,TRANSFER,335.97,C100004046,280818.11,280482.14,C200005028,41941.01,42276.98,0,0
364,TRANSFER,2050.97,C100004742,459065.86,457014.89,C200005356,15629.93,17680.9,0,0
364,TRANSFER,1653.36,C100005154,193876.47,192223.11,C200006450,83517.99,85171.35,0,0
364,TRANSFER,1881.76,C100005679,253745.45,251863.69,C200004563,20111.3,21993.06,0,0
364,TRANSFER,3245.4,C100005716,31428.67,28183.27,C200002276,149527.68,152773.08,0,0
364,TRANSFER,699.05,C100006211,31846.38,31147.33,C200002285,8218.36,8917.41,0,0
364,TRANSFER,2110.85,C100006655,125532.05,123421.2,C200004249,20308.95,22419.8,0,0
364,TRANSFER,2108.68,C100006758,46684.68,44576.0,C200000625,85965.83,88074.51,0,0
364,TRANSFER,1793.82,C100006894,14483.76,12689.94,C200000703,33646.42,35440.24,0,0
365,TRANSFER,3463.27,C100000374,66797.77,63334.5,C200001566,917582.25,921045.52,0,0
365,TRANSFER,4266.17,C100001043,46588.33,42322.16,C200001985,33089.84,37356.01,0,0
365,TRANSFER,5181.05,C100002062,27926.83,22745.78,C200001446,22543.96,27725.01,0,0
365,TRANSFER,1147.27,C100002307,16907.2,15759.93,C200006307,4667.05,5814.32,0,0
365,TRANSFER,14682.82,C100002514,18734.02971213012,4051.21,C200001893,164399.85,179082.67,0,0
365,TRANSFER,2518.53,C100003299,56400.12,53881.59,C200005731,7742.51,10261.04,0,0
365,TRANSFER,4938.65,C100003540,98697.42,93758.77,C200001106,6864.07,11802.72,0,0
365,TRANSFER,3730.56,C100003898,27764.98,24034.42,C200005229,12198.31,15928.87,0,0
365,TRANSFER,665.35,C100004193,21812.65,21147.3,C200004290,79055.61,79720.96,0,0
365,TRANSFER,1144.87,C100004204,15378.53,14233.66,C200000468,82364.68,83509.55,0,0
365,TRANSFER,14142.94,C100004282,55173.07,41030.13,C200004995,10528.14,24671.08,0,0
365,TRANSFER,7373.83,C100006261,19953.73,12579.9,C200004798,200014.57,207388.4,0,0
365,TRANSFER,1061.02,C100006583,9350.33,8289.31,C200006294,2401.58,3462.6,0,0
366,TRANSFER,1378.32,C100000657,23179.68,21801.36,C200004196,26809.63,28187.95,0,0
366,TRANSFER,995.42,C100001527,4510.334859091484,3514.91,C200004319,3483.48,4478.9,0,0
366,TRANSFER,10118.39,C100002752,58277.61,48159.22,C200003243,5832.5,15950.89,0,0
366,TRANSFER,1229.1,C100002829,32502.49,31273.39,C200003768,126138.47,127367.57,0,0
366,TRANSFER,949.83,C100003111,182923.53,181973.7,C200004001,27649.73,28599.56,0,0
366,TRANSFER,1578.82,C100003571,21234.64,19655.82,C200005143,46314.75,47893.57,0,0
366,TRANSFER,16803.36,C100004417,21230.43,4427.07,C200002819,14830.25,31633.61,0,0
366,TRANSFER,3752.04,C100004439,8184.15,4432.11,C200005755,38379.56,42131.6,0,0
366,TRANSFER,9192.32,C100004946,83126.6,73934.28,C200000675,16662.41,25854.73,0,0
366,TRANSFER,604.95,C100004962,33145.22,32540.27,C200003365,11774.55,12379.5,0,0
366,TRANSFER,5684.88,C100005565,8888.412268543181,3203.53,C200004704,4385.85,10070.73,0,0
366,TRANSFER,2043.32,C100006491,67979.01,65935.69,C200004889,9409.26,11452.58,0,0
366,TRANSFER,5611.58,C100006857,10263.996902100682,4652.42,C200004606,33121.74,38733.32,0,0
367,TRANSFER,2420.49,C100000250,4518.277118713722,2097.79,C200003979,12929.87,15350.36,0,0
367,TRANSFER,5537.67,C100000623,11728.97,6191.3,C200001680,37183.34,42721.01,0,0
367,TRANSFER,1298.87,C100002745,8055.27,6756.4,C200000722,94527.77,95826.64,0,0
367,TRANSFER,822.17,C100003109,23031.61,22209.44,C200004811,11143.91,11966.08,0,0
367,TRANSFER,13207.23,C100003246,20841.91,7634.68,C200002728,3143.39,16350.62,0,0
367,TRANSFER,22625.92,C100003572,22664.328500056243,38.41,C200004263,62465.83,85091.75,0,0
367,TRANSFER,5938.11,C100004273,42778.28,36840.17,C200005268,2124.18,8062.29,0,0
367,TRANSFER,4407.96,C100005083,48326.81,43918.85,C200005620,3251.61,7659.57,0,0
367,TRANSFER,3279.21,C100005740,14053.23,10774.02,C200001359,70793.76,74072.97,0,0
367,TRANSFER,18438.85,C100006241,18842.109650924427,403.26,C200004718,9007.03,27445.88,0,0
367,TRANSFER,294.58,C100006358,297454.8,297160.22,C200005719,62015.59,62310.17,0,0
368,TRANSFER,908.63,C100000284,13666.47,12757.84,C200002209,158445.67,159354.3,0,0
368,TRANSFER,5322.81,C100000370,98181.7,92858.89,C200001321,37075.15,42397.96,0,0
368,TRANSFER,3296.66,C100001020,89155.82,85859.16,C200004885,1141.62,4438.28,0,0
368,TRANSFER,4991.18,C100001566,115793.57,110802.39,C200002732,12490.82,17482.0,0,0
368,TRANSFER,10639.78,C100002031,195305.78,184666.0,C200005857,6144.85,16784.63,0,0
368,TRANSFER,1241.72,C100002344,2534.79,1293.07,C200003351,4785.06,6026.78,0,0
368,TRANSFER,3481.19,C100003049,16469.3,12988.11,C200005450,25945.64,29426.83,0,0
368,TRANSFER,2895.51,C100003083,8732.35,5836.84,C200005035,15964.29,18859.8,0,0
368,TRANSFER,1455.21,C100003275,40790.31,39335.1,C200006205,270.3,1725.51,0,0
368,TRANSFER,9087.96,C100004349,46728.66,37640.7,C200002776,60513.46,69601.42,0,0
368,TRANSFER,6546.81,C100004622,9535.486854656854,2988.68,C200004794,308359.38,314906.19,0,0
368,TRANSFER,1485.69,C100004855,71806.89,70321.2,C200001428,9305.21,10790.9,0,0
368,TRANSFER,21913.64,C100005525,37851.88,15938.24,C200003325,14471.46,36385.1,0,0
368,TRANSFER,727.67,C100006989,15876.84,15149.17,C200001523,28473.88,29201.55,0,0
369,TRANSFER,979.64,C100000136,20928.42,19948.78,C200002318,8365.3,9344.94,0,0
369,TRANSFER,1595.45,C100001043,42555.23,40959.78,C200003636,29665.21,31260.66,0,0
369,TRANSFER,1866.34,C100001724,37242.28,35375.94,C200002622,4176.29,6042.63,0,0
369,TRANSFER,2117.96,C100002349,5037.06,2919.1,C200004930,187802.45,189920.41,0,0
369,TRANSFER,7667.73,C100003609,47193.05,39525.32,C200005865,34827.56,42495.29,0,0
369,TRANSFER,9884.81,C100003735,12465.552655417057,2580.74,C200005298,85400.79,95285.6,0,0
369,TRANSFER,254.35,C100004311,37969.16,37714.81,C200002139,87266.28,87520.63,0,0
369,TRANSFER,32960.62,C100004369,36537.110201869764,3576.49,C200006013,8240.44,41201.06,0,0
369,TRANSFER,13723.63,C100004689,74149.19,60425.56,C200005259,43288.53,57012.16,0,0
369,TRANSFER,23161.57,C100004895,24308.373940391608,1146.8,C200000498,5165.69,28327.26,0,0
369,TRANSFER,13811.79,C100005846,56665.02,42853.23,C200005439,12525.13,26336.92,0,0
369,TRANSFER,1632.58,C100006774,18783.08,17150.5,C200000701,121823.71,123456.29,0,0
369,TRANSFER,666.01,C100006792,341916.66,341250.65,C200005406,187409.81,188075.82,0,0
369,TRANSFER,1011.91,C100006855,34434.88,33422.97,C200003217,251982.47,252994.38,0,0
370,TRANSFER,1649.27,C100000284,51650.15,50000.88,C200004754,8554.29,10203.56,0,0
370,TRANSFER,1543.13,C100000941,29135.8,27592.67,C200000388,8233.3,9776.43,0,0
370,TRANSFER,908.26,C100001004,18378.34,17470.08,C200004112,185696.57,186604.83,0,0
370,TRANSFER,2326.63,C100002177,6140.783622494253,3814.15,C200001585,9739.2,12065.83,0,0
370,TRANSFER,2548.41,C100002198,150667.42,148119.01,C200000524,19374.91,21923.32,0,0
370,TRANSFER,3061.03,C100002469,10466.75,7405.72,C200002287,26112.83,29173.86,0,0
370,TRANSFER,1313.28,C100003544,38425.12,37111.84,C200000560,17209.19,18522.47,0,0
370,TRANSFER,207.61,C100004661,24869.2,24661.59,C200003908,28970.86,29178.47,0,0
370,TRANSFER,6426.29,C100004838,9217.73046429453,2791.44,C200006238,83630.63,90056.92,0,0
370,TRANSFER,1880.63,C100004978,14773.14,12892.51,C200001926,60538.52,62419.15,0,0
370,TRANSFER,2347.56,C100005177,76742.9,74395.34,C200002621,9674.5,12022.06,0,0
370,TRANSFER,3724.9,C100005628,11698.65,7973.75,C200001614,39976.56,43701.46,0,0
370,TRANSFER,5921.63,C100006495,134496.17,128574.54,C200001003,69071.76,74993.39,0,0
370,TRANSFER,3638.3,C100006750,10206.8,6568.5,C200000982,154452.14,158090.44,0,0
370,TRANSFER,3351.43,C100006931,75502.71,72151.28,C200002604,31669.81,35021.24,0,0
371,TRANSFER,2788.14,C100000067,32045.94,29257.8,C200005146,30321.62,33109.76,0,0
371,TRANSFER,8331.62,C100000326,73530.52,65198.9,C200006438,15610.48,23942.1,0,0
371,TRANSFER,4769.09,C100000471,12199.63,7430.54,C200003430,69860.63,74629.72,0,0
371,TRANSFER,2006.84,C100000586,18244.5,16237.66,C200001328,20021.92,22028.76,0,0
371,TRANSFER,977.72,C100001518,269913.56,268935.84,C200004849,55079.11,56056.83,0,0
371,TRANSFER,955.9,C100001850,23022.74,22066.84,C200004620,17140.57,18096.47,0,0
371,TRANSFER,15911.44,C100002669,65804.85,49893.41,C200004290,2365.55,18276.99,0,0
371,TRANSFER,1879.89,C100002707,16247.41,14367.52,C200004712,43094.44,44974.33,0,0
371,TRANSFER,112.42,C100002935,65853.92,65741.5,C200006194,39514.67,39627.09,0,0
371,TRANSFER,498.12,C100004282,13542.57,13044.45,C200005086,289.23,787.35,0,0
371,TRANSFER,205.78,C100004394,13367.73,13161.95,C200004378,24015.63,24221.41,0,0
371,TRANSFER,314.23,C100004664,33560.07,33245.84,C200002660,101973.95,102288.18,0,0
371,TRANSFER,1356.55,C100004941,35369.02,34012.47,C200003419,27245.25,28601.8,0,0
371,TRANSFER,22822.13,C100006444,101857.6,79035.47,C200006317,142847.21,165669.34,0,0
371,TRANSFER,295.15,C100006622,39786.17,39491.02,C200005013,105471.75,105766.9,0,0
372,TRANSFER,3517.94,C100000251,314036.89,310518.95,C200001352,12870.34,16388.28,0,0
372,TRANSFER,10848.22,C100000446,64570.82,53722.6,C200006378,23863.8,34712.02,0,0
372,TRANSFER,1213.4,C100000789,16149.83,14936.43,C200002394,2654.73,3868.13,0,0
372,TRANSFER,3204.01,C100000966,26805.42,23601.41,C200002133,30589.6,33793.61,0,0
372,TRANSFER,277.62,C100002064,7342.45,7064.83,C200005769,20679.19,20956.81,0,0
372,TRANSFER,1462.01,C100003079,63435.2,61973.19,C200000099,163591.71,165053.72,0,0
372,TRANSFER,5806.64,C100003405,46438.78,40632.14,C200001401,10845.66,16652.3,0,0
372,TRANSFER,1052.01,C100003444,60951.52,59899.51,C200004181,40124.92,41176.93,0,0
372,TRANSFER,4338.35,C100003761,53752.41,49414.06,C200001660,25846.67,30185.02,0,0
372,TRANSFER,11907.27,C100003946,16385.472171651818,4478.2,C200005438,13456.6,25363.87,0,0
372,TRANSFER,4870.27,C100004199,6701.189271823806,1830.92,C200002350,134705.81,139576.08,0,0
372,TRANSFER,4287.48,C100004900,68320.54,64033.06,C200004713,488133.11,492420.59,0,0
372,TRANSFER,1168.48,C100005082,20513.2,19344.72,C200002166,250407.83,251576.31,0,0
372,TRANSFER,300.77,C100006263,65008.4,64707.63,C200000300,29226.37,29527.14,0,0
373,TRANSFER,2259.4,C100000446,7145.83621822179,4886.44,C200005540,86242.93,88502.33,0,0
373,TRANSFER,2063.06,C100001556,14676.16,12613.1,C200006220,48086.92,50149.98,0,0
373,TRANSFER,992.38,C100002257,4998.6,4006.22,C200004420,20121.97,21114.35,0,0
373,TRANSFER,3806.94,C100004152,17170.86,13363.92,C200000142,85233.03,89039.97,0,0
373,TRANSFER,1110.65,C100005746,8619.06,7508.41,C200005639,135421.78,136532.43,0,0
373,TRANSFER,1337.99,C100005773,45882.4,44544.41,C200004533,47910.43,49248.42,0,0
373,TRANSFER,681.21,C100005985,6105.94,5424.73,C200004463,47649.33,48330.54,0,0
373,TRANSFER,661.48,C100006234,11301.13,10639.65,C200004633,80626.49,81287.97,0,0
373,TRANSFER,3538.4,C100006597,15798.49,12260.09,C200000356,95380.1,98918.5,0,0
373,TRANSFER,624.39,C100006668,12320.84,11696.45,C200002212,9113.58,9737.97,0,0
374,TRANSFER,3245.27,C100000451,26017.79,22772.52,C200006389,108958.0,112203.27,0,0
374,TRANSFER,5815.01,C100000845,15863.29,10048.28,C200005384,440212.44,446027.45,0,0
374,TRANSFER,1250.5,C100001251,149357.56,148107.06,C200005323,35942.15,37192.65,0,0
374,TRANSFER,19329.58,C100001810,20814.558558231634,1484.98,C900004736,40603.17,59932.75,1,0
374,TRANSFER,1692.95,C100001848,21351.15,19658.2,C200005348,93442.35,95135.3,0,0
374,TRANSFER,799.5,C100002517,26508.22,25708.72,C200003966,59783.23,60582.73,0,0
374,TRANSFER,2636.65,C100003357,448868.28,446231.63,C200003066,9603.57,12240.22,0,0
374,TRANSFER,21099.17,C100004026,30987.51,9888.34,C200001300,183444.37,204543.54,0,0
374,TRANSFER,1662.02,C100004306,25158.28,23496.26,C200004291,231261.26,232923.28,0,0
374,TRANSFER,1655.42,C100004438,48759.96,47104.54,C200006104,17472.62,19128.04,0,0
374,TRANSFER,1479.41,C100004882,5459.95,3980.54,C200006477,28731.45,30210.86,0,0
374,TRANSFER,1887.48,C100006307,33049.72,31162.24,C200000124,68548.71,70436.19,0,0
375,TRANSFER,2814.97,C100000329,4895.28,2080.31,C200003681,20900.74,23715.71,0,0
375,TRANSFER,397.7,C100001447,21355.79,20958.09,C200002981,4100.03,4497.73,0,0
375,TRANSFER,1160.68,C100002879,18000.26,16839.58,C200005590,30325.02,31485.7,0,0
375,TRANSFER,2981.56,C100002924,59932.18,56950.62,C200001013,47184.06,50165.62,0,0
375,TRANSFER,2383.74,C100003086,14025.12,11641.38,C200002115,21257.81,23641.55,0,0
375,TRANSFER,898.37,C100003935,71590.63,70692.26,C200003934,30265.71,31164.08,0,0
375,TRANSFER,2198.47,C100004873,95859.81,93661.34,C200001954,1582.77,3781.24,0,0
375,TRANSFER,655.6,C100005715,63623.3,62967.7,C200004698,17852.98,18508.58,0,0
375,TRANSFER,1562.24,C100005787,34292.17,32729.93,C200004198,12845.56,14407.8,0,0
375,TRANSFER,4191.06,C100006216,32756.77,28565.71,C200000834,23254.4,27445.46,0,0
375,TRANSFER,6207.97,C100006539,18336.99,12129.02,C200002496,14625.34,20833.31,0,0
376,TRANSFER,26830.26,C100000051,122218.21,95387.95,C200002773,12679.04,39509.3,0,0
376,TRANSFER,3738.99,C100000513,7254.4,3515.41,C200004747,16231.32,19970.31,0,0
376,TRANSFER,1714.93,C100000720,45063.61,43348.68,C200000485,63869.29,65584.22,0,0
376,TRANSFER,2976.86,C100000839,16463.66,13486.8,C200005184,171395.12,174371.98,0,0
376,TRANSFER,2141.15,C100001186,11991.02,9849.87,C200001403,14378.69,16519.84,0,0
376,TRANSFER,10926.41,C100001337,76757.47,65831.06,C200004064,40445.84,51372.25,0,0
376,TRANSFER,834.21,C100001607,66125.85,65291.64,C200005947,18077.14,18911.35,0,0
376,TRANSFER,1452.54,C100001930,5228.130691014245,3775.59,C200000997,15719.25,17171.79,0,0
376,TRANSFER,294.95,C100002062,53983.12,53688.17,C200002031,14753.56,15048.51,0,0
376,TRANSFER,374.7,C100002549,14085.3,13710.6,C200001136,28737.47,29112.17,0,0
376,TRANSFER,1619.74,C100003068,11116.49,9496.75,C200000008,12230.13,13849.87,0,0
376,TRANSFER,2264.3,C100003103,31461.33,29197.03,C200005336,101396.59,103660.89,0,0
376,TRANSFER,4203.42,C100003232,25253.79,21050.37,C200001972,4472.51,8675.93,0,0
376,TRANSFER,8302.85,C100003512,15032.82,6729.97,C200003182,7494.14,15796.99,0,0
376,TRANSFER,382.57,C100003656,110354.83,109972.26,C200001547,601175.14,601557.71,0,0
376,TRANSFER,772.4,C100003969,12302.11,11529.71,C200006439,20881.57,21653.97,0,0
376,TRANSFER,2604.52,C100004598,26977.77,24373.25,C200004619,9050.05,11654.57,0,0
376,TRANSFER,9727.66,C100005808,19806.32,10078.66,C200005539,3162.08,12889.74,0,0
376,TRANSFER,1411.67,C100005920,22924.56,21512.89,C200000200,1895.44,3307.11,0,0
376,TRANSFER,12455.12,C100006384,15918.942224239749,3463.82,C200005976,159947.7,172402.82,0,0
376,TRANSFER,323.61,C100006572,31927.07,31603.46,C200000480,1519.33,1842.94,0,0
376,TRANSFER,2109.67,C100006656,7722.66,5612.99,C200001731,33421.11,35530.78,0,0
377,TRANSFER,1125.77,C100000264,57528.37,56402.6,C200004891,59605.97,60731.74,0,0
377,TRANSFER,1512.76,C100000419,84686.41,83173.65,C200006279,6731.7,8244.46,0,0
377,TRANSFER,489.19,C100000865,157853.46,157364.27,C200004499,31058.16,31547.35,0,0
377,TRANSFER,2125.97,C100001374,120715.76,118589.79,C200004322,12807.9,14933.87,0,0
377,TRANSFER,2017.26,C100002443,11397.78,9380.52,C200005319,98600.72,100617.98,0,0
377,TRANSFER,849.37,C100005656,5283.99,4434.62,C200003115,41826.44,42675.81,0,0
377,TRANSFER,6829.08,C100005758,69531.87,62702.79,C200005664,78802.72,85631.8,0,0
377,TRANSFER,999.1,C100006079,25167.8,24168.7,C200006412,9776.76,10775.86,0,0
377,TRANSFER,2007.95,C100006822,66124.41,64116.46,C200003195,6549.44,8557.39,0,0
378,TRANSFER,444.5,C100000085,135883.35,135438.85,C200005852,93827.3,94271.8,0,0
378,TRANSFER,1037.27,C100000240,38547.51,37510.24,C200004668,33601.79,34639.06,0,0
378,TRANSFER,6970.96,C100000539,139213.14,132242.18,C200004711,9665.08,16636.04,0,0
378,TRANSFER,1672.13,C100001037,18440.51,16768.38,C200002906,26979.24,28651.37,0,0
378,TRANSFER,101.17,C100001426,8275.72,8174.55,C200001060,4318.41,4419.58,0,0
378,TRANSFER,752.95,C100003824,3297.76,2544.81,C200000151,33016.1,33769.05,0,0
378,TRANSFER,1465.12,C100004499,23262.78,21797.66,C200004230,312930.97,314396.09,0,0
378,TRANSFER,7936.96,C100005217,23422.16,15485.2,C200005577,22697.18,30634.14,0,0
378,TRANSFER,1351.47,C100005750,17756.44,16404.97,C200002182,319848.57,321200.04,0,0
378,TRANSFER,4823.25,C100006453,8199.075163115205,3375.83,C200003288,398537.72,403360.97,0,0
379,TRANSFER,9131.6,C100000003,44649.55,35517.95,C200003681,9277.53,18409.13,0,0
379,TRANSFER,13460.35,C100000110,18018.537555832223,4558.19,C200000406,12037.87,25498.22,0,0
379,TRANSFER,2836.52,C100000197,15131.24,12294.72,C200001994,78854.37,81690.89,0,0
379,TRANSFER,2649.97,C100000442,7999.61,5349.64,C200003056,232347.86,234997.83,0,0
379,TRANSFER,774.75,C100000599,52346.97,51572.22,C200002138,2476.01,3250.76,0,0
379,TRANSFER,8551.14,C100001482,12801.843091348055,4250.7,C200000785,21562.85,30113.99,0,0
379,TRANSFER,3666.73,C100001541,93948.06,90281.33,C200005026,17324.17,20990.9,0,0
379,TRANSFER,374.0,C100001777,87522.45,87148.45,C200001062,74709.1,75083.1,0,0
379,TRANSFER,13714.73,C100001933,16389.20985132104,2674.48,C200000248,77791.55,91506.28,0,0
379,TRANSFER,4777.64,C100002343,253297.42,248519.78,C200005898,42539.74,47317.38,0,0
379,TRANSFER,2985.34,C100002364,13972.17,10986.83,C200003069,71035.25,74020.59,0,0
379,TRANSFER,605.09,C100002539,44660.34,44055.25,C200001442,111314.28,111919.37,0,0
379,TRANSFER,5214.0,C100002972,48572.11,43358.11,C200002345,20489.74,25703.74,0,0
379,TRANSFER,606.48,C100002980,31653.26,31046.78,C200004986,79573.71,80180.19,0,0
379,TRANSFER,2784.19,C100004083,5782.02,2997.83,C200004704,11891.02,14675.21,0,0
379,TRANSFER,3001.61,C100004630,209602.32,206600.71,C200004817,14829.87,17831.48,0,0
379,TRANSFER,4071.04,C100004662,9723.74,5652.7,C200003875,125305.3,129376.34,0,0
379,TRANSFER,9629.69,C100004747,11819.716261487938,2190.03,C200003301,31008.84,40638.53,0,0
379,TRANSFER,1912.19,C100006407,78180.03,76267.84,C200004105,137756.35,139668.54,0,0
379,TRANSFER,2150.09,C100006628,40894.6,38744.51,C200005832,29110.11,31260.2,0,0
379,TRANSFER,1208.27,C100006917,119265.33,118057.06,C200003755,260568.44,261776.71,0,0
380,TRANSFER,14310.55,C100001224,23388.21,9077.66,C200001534,10217.13,24527.68,0,0
380,TRANSFER,2115.69,C100003275,26520.45,24404.76,C200000083,29411.44,31527.13,0,0
380,TRANSFER,3360.49,C100005338,55184.35,51823.86,C200003886,8740.13,12100.62,0,0
380,TRANSFER,24721.89,C100005370,43170.53,18448.64,C200001676,120524.92,145246.81,0,0
381,TRANSFER,2149.59,C100001047,13489.08,11339.49,C200001809,9934.03,12083.62,0,0
381,TRANSFER,2125.86,C100002379,31071.63,28945.77,C200001475,26418.8,28544.66,0,0
381,TRANSFER,2248.18,C100002440,25705.0,23456.82,C200004397,1787.12,4035.3,0,0
381,TRANSFER,2712.02,C100002852,46219.83,43507.81,C200000359,10995.44,13707.46,0,0
381,TRANSFER,2737.34,C100004106,132828.06,130090.72,C200005526,10194.74,12932.08,0,0
381,TRANSFER,30178.4,C100005266,33705.31831187877,3526.92,C200001077,232716.97,262895.37,0,0
381,TRANSFER,408.15,C100006682,12904.51,12496.36,C200004425,86991.32,87399.47,0,0
382,TRANSFER,307.69,C100000487,6583.13,6275.44,C200000523,15212.26,15519.95,0,0
382,TRANSFER,3450.11,C100001088,19148.0,15697.89,C200006433,651.02,4101.13,0,0
382,TRANSFER,1617.17,C100001917,26360.39,24743.22,C200001702,2109.75,3726.92,0,0
382,TRANSFER,6966.22,C100002385,12906.07,5939.85,C200004406,109297.15,116263.37,0,0
382,TRANSFER,10654.29,C100002814,47019.88,36365.59,C200003580,440182.04,450836.33,0,0
382,TRANSFER,410.8,C100003196,116246.26,115835.46,C200002431,303376.95,303787.75,0,0
382,TRANSFER,1611.71,C100004479,218042.72,216431.01,C200000993,27844.41,29456.12,0,0
382,TRANSFER,340.17,C100004707,4961.41,4621.24,C200006325,15028.27,15368.44,0,0
382,TRANSFER,541.47,C100004783,21165.66,20624.19,C200001150,5615.89,6157.36,0,0
382,TRANSFER,6610.12,C100004993,28425.42,21815.3,C200004012,501392.97,508003.09,0,0
382,TRANSFER,7509.15,C100006286,175925.14,168415.99,C200002124,37285.24,44794.39,0,0
382,TRANSFER,2113.54,C100006830,46665.38,44551.84,C200002479,71311.03,73424.57,0,0
382,TRANSFER,199.71,C100006892,19400.85,19201.14,C200005556,72587.5,72787.21,0,0
383,TRANSFER,2025.96,C100000740,29100.83,27074.87,C200003543,37541.05,39567.01,0,0
383,TRANSFER,435.26,C100001145,36137.26,35702.0,C200004726,56522.34,56957.6,0,0
383,TRANSFER,2689.35,C100001710,13117.97,10428.62,C200001193,9099.03,11788.38,0,0
383,TRANSFER,6913.16,C100002171,45750.22,38837.06,C200000802,34459.97,41373.13,1,0
383,TRANSFER,1938.05,C100002194,29781.19,27843.14,C200002292,13499.16,15437.21,0,0
383,TRANSFER,13394.25,C100002197,14377.858864173806,983.61,C200003630,7390.74,20784.99,0,0
383,TRANSFER,694.81,C100003891,8957.08,8262.27,C200002646,6848.88,7543.69,0,0
383,TRANSFER,8238.62,C100004227,369801.12,361562.5,C200003409,12380.84,20619.46,0,0
383,TRANSFER,864.61,C100004690,15315.63,14451.02,C200001006,19724.81,20589.42,0,0
383,TRANSFER,12241.43,C100005134,227196.75,214955.32,C200003821,14847.08,27088.51,0,0
383,TRANSFER,2252.99,C100006032,47068.67,44815.68,C200000683,24605.06,26858.05,0,0
383,TRANSFER,1168.52,C100006477,141859.67,140691.15,C200000930,18046.93,19215.45,0,0
384,TRANSFER,3369.43,C100000078,21991.45,18622.02,C200004891,5297.95,8667.38,0,0
384,TRANSFER,371.23,C100000652,137035.45,136664.22,C200002009,8218.24,8589.47,0,0
384,TRANSFER,41759.0,C100000688,46750.471699302594,4991.47,C200005652,14506.66,56265.66,0,0
384,TRANSFER,22246.21,C100000823,27033.125382509093,4786.92,C200001251,103976.83,126223.04,0,0
384,TRANSFER,972.91,C100001123,51684.54,50711.63,C200002798,92774.28,93747.19,0,0
384,TRANSFER,1113.79,C100001313,24086.43,22972.64,C200000949,58571.76,59685.55,0,0
384,TRANSFER,15349.42,C100001366,18683.97,3334.55,C200003029,66284.3,81633.72,0,0
384,TRANSFER,725.44,C100001495,138499.39,137773.95,C200005759,88640.73,89366.17,0,0
384,TRANSFER,5211.45,C100001628,12124.56,6913.11,C200004491,105244.78,110456.23,0,0
384,TRANSFER,1591.16,C100002855,6734.07,5142.91,C200003433,16817.59,18408.75,0,0
384,TRANSFER,207.94,C100003652,28363.86,28155.92,C200002716,7396.26,7604.2,0,0
384,TRANSFER,928.91,C100004255,25637.84,24708.93,C200001509,25099.05,26027.96,0,0
384,TRANSFER,9203.74,C100005016,12787.81,3584.07,C200001801,23870.33,33074.07,0,0
384,TRANSFER,864.87,C100005734,18420.62,17555.75,C200001253,39067.67,39932.54,0,0
384,TRANSFER,3401.74,C100005759,7455.804038916195,4054.06,C200001786,29809.85,33211.59,0,0
384,TRANSFER,11538.71,C100006440,14827.37,3288.66,C200000423,94158.27,105696.98,0,0
385,TRANSFER,743.54,C100000003,141443.2,140699.66,C200003212,14933.18,15676.72,0,0
385,TRANSFER,1121.98,C100000102,7044.71,5922.73,C200005415,23605.7,24727.68,0,0
385,TRANSFER,822.16,C100000108,37301.99,36479.83,C200004605,31113.35,31935.51,0,0
385,TRANSFER,981.78,C100001066,57244.61,56262.83,C200002274,2780.03,3761.81,0,0
385,TRANSFER,3003.57,C100001356,14989.79,11986.22,C200002316,16474.41,19477.98,0,0
385,TRANSFER,1635.72,C100002564,130174.24,128538.52,C200002054,13315.07,14950.79,0,0
385,TRANSFER,1077.79,C100002665,15713.16,14635.37,C200005627,195058.26,196136.05,0,0
385,TRANSFER,2373.67,C100002673,5957.15,3583.48,C200004683,36708.58,39082.25,0,0
385,TRANSFER,1499.52,C100002824,14748.77,13249.25,C200003737,17020.45,18519.97,0,0
385,TRANSFER,3951.71,C100003185,80224.61,76272.9,C200001420,2511.99,6463.7,0,0
385,TRANSFER,687.27,C100003341,54045.81,53358.54,C200006077,66984.93,67672.2,0,0
385,TRANSFER,2558.3,C100003541,93668.46,91110.16,C200002357,151513.06,154071.36,0,0
385,TRANSFER,12585.05,C100004434,38083.25,25498.2,C900007741,50857.22,63442.27,1,0
385,TRANSFER,467.07,C100006634,58111.86,57644.79,C200005439,4506.46,4973.53,0,0
386,TRANSFER,32357.16,C100000704,35772.18,3415.02,C900008151,44022.39,76379.55,1,0
386,TRANSFER,298.08,C100001134,45475.62,45177.54,C200004553,4365.3,4663.38,0,0
386,TRANSFER,838.42,C100001203,28727.13,27888.71,C200005900,7620.63,8459.05,0,0
386,TRANSFER,8037.56,C100001682,79962.98,71925.42,C200002280,14714.42,22751.98,0,0
386,TRANSFER,193.57,C100002351,31506.16,31312.59,C200001244,3640.94,3834.51,0,0
386,TRANSFER,1802.13,C100002593,512118.06,510315.93,C200005563,134727.0,136529.13,0,0
386,TRANSFER,4751.76,C100004069,16231.37,11479.61,C200004471,4474.0,9225.76,0,0
386,TRANSFER,2571.05,C100006040,18717.18,16146.13,C200004436,30326.11,32897.16,0,0
386,TRANSFER,1661.5,C100006300,76371.44,74709.94,C200002124,21721.71,23383.21,0,0
387,TRANSFER,367.26,C100000090,66161.86,65794.6,C200002697,6778.08,7145.34,0,0
387,TRANSFER,911.31,C100000429,7005.85,6094.54,C200000495,6690.37,7601.68,0,0
387,TRANSFER,20046.68,C100000794,463536.81,443490.13,C200004881,13914.8,33961.48,0,0
387,TRANSFER,1307.01,C100001030,9467.61,8160.6,C200000313,98169.68,99476.69,0,0
387,TRANSFER,15616.56,C100002161,44745.91,29129.35,C900001145,44892.84,60509.4,1,0
387,TRANSFER,1538.77,C100002181,342323.11,340784.34,C200002662,24406.64,25945.41,0,0
387,TRANSFER,1124.36,C100002505,27570.29,26445.93,C200002370,66004.06,67128.42,0,0
387,TRANSFER,3567.77,C100002674,22913.02,19345.25,C200003241,4344.44,7912.21,0,0
387,TRANSFER,3081.47,C100002780,8799.29,5717.82,C200003029,25786.33,28867.8,0,0
387,TRANSFER,5743.55,C100003310,7501.734014505209,1758.18,C200006027,27843.52,33587.07,0,0
387,TRANSFER,298.55,C100003442,95824.71,95526.16,C200006119,21518.12,21816.67,0,0
387,TRANSFER,2115.06,C100003472,17239.79,15124.73,C200004346,1435.06,3550.12,0,0
387,TRANSFER,477.76,C100003918,17815.49,17337.73,C200002589,153112.43,153590.19,0,0
387,TRANSFER,3291.51,C100004185,10331.25,7039.74,C200000749,258446.96,261738.47,0,0
387,TRANSFER,6382.3,C100005143,79732.07,73349.77,C200001326,10615.04,16997.34,0,0
387,TRANSFER,10036.18,C100005176,115014.57,104978.39,C200000587,5240.91,15277.09,0,0
387,TRANSFER,1188.08,C100005425,11303.71,10115.63,C200002831,59784.51,60972.59,0,0
387,TRANSFER,2118.27,C100005516,16664.13,14545.86,C200001307,29444.85,31563.12,0,0
387,TRANSFER,845.97,C100006251,213609.14,212763.17,C200001207,23278.56,24124.53,0,0
387,TRANSFER,464.62,C100006658,33636.0,33171.38,C200005067,116164.89,116629.51,0,0
387,TRANSFER,2946.81,C100006898,36490.6,33543.79,C200001002,19001.68,21948.49,0,0
387,TRANSFER,2963.76,C100006927,15231.4,12267.64,C200002723,1001.14,3964.9,0,0
388,TRANSFER,6517.76,C100000021,37954.03,31436.27,C200005832,203171.01,209688.77,0,0
388,TRANSFER,2353.95,C100001398,9394.55,7040.6,C200005282,22004.07,24358.02,0,0
388,TRANSFER,943.11,C100001648,76295.61,75352.5,C200003550,12173.68,13116.79,0,0
388,TRANSFER,889.85,C100002147,27073.23,26183.38,C200004934,17702.82,18592.67,0,0
388,TRANSFER,10913.68,C100002188,12385.656570927427,1471.98,C200002595,82666.83,93580.51,0,0
388,TRANSFER,904.89,C100002439,33780.71,32875.82,C200005044,37835.65,38740.54,0,0
388,TRANSFER,13028.01,C100003664,17878.62,4850.61,C200002961,33793.51,46821.52,0,0
388,TRANSFER,1823.06,C100004685,211998.99,210175.93,C200001466,6495.58,8318.64,0,0
388,TRANSFER,7155.27,C100004858,104972.64,97817.37,C200006114,20592.46,27747.73,0,0
388,TRANSFER,9706.82,C100004978,33516.61,23809.79,C200006094,1199.21,10906.03,0,0
388,TRANSFER,4306.89,C100005058,29064.12,24757.23,C200001279,11664.78,15971.67,0,0
388,TRANSFER,1731.11,C100005229,5378.2243098817125,3647.11,C200004826,35307.36,37038.47,0,0
388,TRANSFER,1933.68,C100005338,15868.7,13935.02,C200002764,11170.88,13104.56,0,0
388,TRANSFER,957.16,C100005384,52848.24,51891.08,C200003116,8859.21,9816.37,0,0
388,TRANSFER,2904.69,C100006067,12751.41,9846.72,C200003436,13354.32,16259.01,0,0
388,TRANSFER,15812.76,C100006450,89581.77,73769.01,C200004748,144800.49,160613.25,0,0
389,TRANSFER,3062.87,C100000403,46767.14,43704.27,C200005275,23975.15,27038.02,0,0
389,TRANSFER,1517.98,C100000688,218120.57,216602.59,C200003834,32524.08,34042.06,0,0
389,TRANSFER,1570.78,C100000882,79146.53,77575.75,C200002721,131561.02,133131.8,0,0
389,TRANSFER,2268.52,C100001727,9916.04,7647.52,C200001014,25703.91,27972.43,0,0
389,TRANSFER,1414.25,C100001860,35560.33,34146.08,C200003952,24425.1,25839.35,0,0
389,TRANSFER,1495.13,C100001909,2323.4286261651696,828.3,C200004520,96795.42,98290.55,0,0
389,TRANSFER,1171.44,C100002820,7310.8,6139.36,C200005454,19678.88,20850.32,0,0
389,TRANSFER,11651.14,C100002931,12688.202357389124,1037.06,C200003851,65387.08,77038.22,0,0
389,TRANSFER,5501.41,C100003057,32147.34,26645.93,C200002854,137604.02,143105.43,0,0
389,TRANSFER,27355.61,C100003701,31851.064439306727,4495.45,C200005388,6069.06,33424.67,0,0
389,TRANSFER,223.26,C100004064,50227.26,50004.0,C200002262,32785.03,33008.29,0,0
389,TRANSFER,1539.58,C100004253,42531.23,40991.65,C200005509,3386.55,4926.13,0,0
389,TRANSFER,534.07,C100004661,12711.11,12177.04,C200002686,7261.82,7795.89,0,0
389,TRANSFER,1562.65,C100004716,45469.58,43906.93,C200001928,3384.6,4947.25,0,0
389,TRANSFER,32567.61,C100005692,35323.97164806084,2756.36,C200006269,6651.94,39219.55,0,0
389,TRANSFER,978.76,C100005746,8572.16,7593.4,C200005638,82765.48,83744.24,0,0
389,TRANSFER,603.65,C100006079,19870.86,19267.21,C200005387,1886.85,2490.5,0,0
389,TRANSFER,2719.49,C100006159,12447.02,9727.53,C200000326,8192.92,10912.41,0,0
389,TRANSFER,8344.11,C100006359,21365.17,13021.06,C200003327,72516.87,80860.98,0,0
390,TRANSFER,548.26,C100000844,15861.17,15312.91,C200005664,11283.47,11831.73,0,0
390,TRANSFER,2756.81,C100001448,34467.12,31710.31,C200003478,6720.03,9476.84,0,0
390,TRANSFER,3885.79,C100001858,18272.67,14386.88,C200005452,34094.56,37980.35,0,0
390,TRANSFER,438.46,C100001908,167008.47,166570.01,C200005905,61912.82,62351.28,0,0
390,TRANSFER,14031.86,C100002019,54106.71,40074.85,C200004846,21599.46,35631.32,0,0
390,TRANSFER,1012.46,C100002157,61275.83,60263.37,C200003721,142200.14,143212.6,0,0
390,TRANSFER,2159.22,C100002178,26079.04,23919.82,C200005797,65869.49,68028.71,0,0
390,TRANSFER,932.41,C100002874,457706.76,456774.35,C200005455,2666.42,3598.83,0,0
390,TRANSFER,632.93,C100002878,7067.12,6434.19,C200005609,116102.53,116735.46,0,0
390,TRANSFER,1099.03,C100002903,18644.37,17545.34,C200002252,3643.11,4742.14,0,0
390,TRANSFER,28198.83,C100003460,185251.78,157052.95,C200001175,18636.51,46835.34,0,0
390,TRANSFER,759.87,C100005238,2163.036938551452,1403.17,C200005017,196476.89,197236.76,0,0
390,TRANSFER,3541.07,C100006001,13320.21,9779.14,C200003301,9693.16,13234.23,0,0
390,TRANSFER,4061.54,C100006342,57524.44,53462.9,C200002074,204245.65,208307.19,0,0
390,TRANSFER,1657.31,C100006634,83472.37,81815.06,C200002549,177994.23,179651.54,0,0
391,TRANSFER,1018.05,C100002100,67084.55,66066.5,C200001214,2868.43,3886.48,0,0
391,TRANSFER,5050.04,C100002428,8468.17,3418.13,C200003166,26741.62,31791.66,0,0
391,TRANSFER,840.07,C100002478,105863.06,105022.99,C200004330,11063.35,11903.42,0,0
391,TRANSFER,10276.94,C100002539,14237.055043155215,3960.12,C200001607,41623.22,51900.16,0,0
391,TRANSFER,2110.23,C100002919,5684.451186130473,3574.22,C200004556,4578.81,6689.04,0,0
391,TRANSFER,858.38,C100002988,121030.64,120172.26,C200006064,8656.07,9514.45,0,0
391,TRANSFER,887.05,C100003994,22942.72,22055.67,C200003896,67183.16,68070.21,0,0
391,TRANSFER,1164.2,C100004949,49677.59,48513.39,C200004309,4394.32,5558.52,0,0
391,TRANSFER,10722.62,C100005355,45309.08,34586.46,C200002489,132475.2,143197.82,0,0
391,TRANSFER,2669.41,C100006459,20679.79,18010.38,C200000928,155786.99,158456.4,0,0
392,TRANSFER,3273.26,C100000118,58116.11,54842.85,C200005742,5504.63,8777.89,0,0
392,TRANSFER,297.13,C100000614,16351.13,16054.0,C200003372,19346.59,19643.72,0,0
392,TRANSFER,9217.98,C100001203,32593.66,23375.68,C200001279,306618.59,315836.57,0,0
392,TRANSFER,556.11,C100001387,20126.29,19570.18,C200005795,3224.23,3780.34,0,0
392,TRANSFER,3822.84,C100001841,60579.26,56756.42,C200002803,30395.07,34217.91,0,0
392,TRANSFER,423.33,C100002490,88984.82,88561.49,C200001545,195463.23,195886.56,0,0
392,TRANSFER,3404.93,C100002534,33326.62,29921.69,C200003105,7030.63,10435.56,0,0
392,TRANSFER,2813.15,C100002560,42734.64,39921.49,C200001991,8431.5,11244.65,0,0
392,TRANSFER,7006.13,C100002783,82676.11,75669.98,C200005127,164219.57,171225.7,0,0
392,TRANSFER,4389.81,C100003246,167664.11,163274.3,C200003734,1041.37,5431.18,0,0
392,TRANSFER,2587.14,C100003396,20682.09,18094.95,C200000058,11800.26,14387.4,0,0
392,TRANSFER,552.66,C100003685,14710.28,14157.62,C200001526,7111.23,7663.89,0,0
392,TRANSFER,3163.1,C100003809,140664.01,137500.91,C200006037,4237.8,7400.9,0,0
392,TRANSFER,117.26,C100004496,4596.223910689089,4478.96,C200005311,3440.99,3558.25,0,0
392,TRANSFER,892.63,C100005128,135604.59,134711.96,C200002992,21648.92,22541.55,0,0
392,TRANSFER,433.09,C100005997,51487.26,51054.17,C200002632,37469.63,37902.72,0,0
392,TRANSFER,1619.06,C100006844,16565.93,14946.87,C200001607,13911.21,15530.27,0,0
392,TRANSFER,981.91,C100006925,14456.42,13474.51,C200004741,98890.54,99872.45,0,0
393,TRANSFER,1007.91,C100000088,11904.32,10896.41,C200004387,70675.0,71682.91,0,0
393,TRANSFER,3376.49,C100000413,8706.9,5330.41,C200002970,57337.74,60714.23,0,0
393,TRANSFER,2356.87,C100000489,114106.75,111749.88,C200001396,239916.29,242273.16,0,0
393,TRANSFER,1173.54,C100001384,25102.29,23928.75,C200003539,5377.94,6551.48,0,0
393,TRANSFER,754.29,C100002373,109922.65,109168.36,C200001014,10146.61,10900.9,0,0
393,TRANSFER,707.78,C100004399,233766.39,233058.61,C200004726,52100.45,52808.23,0,0
393,TRANSFER,2576.14,C100004485,58843.97,56267.83,C200002690,94074.4,96650.54,0,0
393,TRANSFER,8628.33,C100005182,106154.92,97526.59,C200003378,25580.15,34208.48,0,0
393,TRANSFER,501.04,C100005409,3794.360858161524,3293.32,C200000712,93412.55,93913.59,0,0
393,TRANSFER,4459.39,C100005600,6979.810382931543,2520.42,C200001424,5052.08,9511.47,0,0
393,TRANSFER,11258.86,C100005636,43223.89,31965.03,C200001438,28496.71,39755.57,0,0
393,TRANSFER,3497.63,C100006094,17663.34,14165.71,C200001129,40039.81,43537.44,0,0
393,TRANSFER,259.2,C100006154,32845.13,32585.93,C200000849,19283.93,19543.13,0,0
393,TRANSFER,6411.48,C100006978,319969.45,313557.97,C200000040,98958.55,105370.03,0,0
394,TRANSFER,579.69,C100000114,72032.34,71452.65,C200001262,32121.62,32701.31,0,0
394,TRANSFER,505.71,C100000684,32219.83,31714.12,C200004044,11014.83,11520.54,0,0
394,TRANSFER,18758.05,C100000814,20485.778941324977,1727.73,C200005653,3309.53,22067.58,0,0
394,TRANSFER,5701.59,C100001238,61036.48,55334.89,C200000316,6454.84,12156.43,0,0
394,TRANSFER,11711.67,C100001301,268815.04,257103.37,C200005625,52003.25,63714.92,0,0
394,TRANSFER,11507.52,C100001477,48641.98,37134.46,C200002553,29500.18,41007.7,0,0
394,TRANSFER,955.56,C100002235,18676.49,17720.93,C200006356,19922.44,20878.0,0,0
394,TRANSFER,8401.76,C100002538,68929.31,60527.55,C200005884,60179.77,68581.53,0,0
394,TRANSFER,5533.7,C100002849,5975.586721472012,441.89,C200002160,25006.75,30540.45,0,0
394,TRANSFER,8347.34,C100002995,41500.7,33153.36,C200003016,67960.51,76307.85,0,0
394,TRANSFER,29750.85,C100003372,69595.06,39844.21,C200002955,55888.75,85639.6,0,0
394,TRANSFER,3777.09,C100003590,129164.66,125387.57,C200002285,37496.77,41273.86,0,0
394,TRANSFER,2179.11,C100004812,38572.8,36393.69,C200000381,4478.25,6657.36,0,0
394,TRANSFER,6202.52,C100005137,18362.59,12160.07,C200002515,24722.0,30924.52,0,0
394,TRANSFER,362.05,C100005674,25463.85,25101.8,C200004589,4998.88,5360.93,0,0
394,TRANSFER,1970.92,C100005690,19412.77,17441.85,C200003116,11358.48,13329.4,0,0
395,TRANSFER,647.25,C100000116,24131.5,23484.25,C200001567,13871.16,14518.41,0,0
395,TRANSFER,3288.18,C100000195,37464.6,34176.42,C200001669,123082.02,126370.2,0,0
395,TRANSFER,8647.35,C100000262,60488.32,51840.97,C200005434,130917.66,139565.01,1,0
395,TRANSFER,658.36,C100001612,3993.96,3335.6,C200000443,17530.31,18188.67,0,0
395,TRANSFER,2953.25,C100002053,7182.721272786683,4229.47,C200005797,124557.97,127511.22,0,0
395,TRANSFER,1253.94,C100002067,61326.91,60072.97,C200002246,47839.32,49093.26,0,0
395,TRANSFER,810.22,C100002594,64353.56,63543.34,C200004059,441875.26,442685.48,0,0
395,TRANSFER,573.38,C100003101,9910.66,9337.28,C200002317,26765.15,27338.53,0,0
395,TRANSFER,1965.22,C100003683,55859.63,53894.41,C200005226,8502.11,10467.33,0,0
395,TRANSFER,436.49,C100004042,16237.13,15800.64,C200005600,51225.79,51662.28,0,0
395,TRANSFER,1097.14,C100004368,5608.168657577903,4511.03,C200006400,63562.66,64659.8,0,0
395,TRANSFER,5286.52,C100004438,101963.58,96677.06,C200005057,22184.85,27471.37,0,0
395,TRANSFER,2361.52,C100006307,14486.94,12125.42,C200000860,36526.32,38887.84,0,0
395,TRANSFER,1363.72,C100006387,6298.696762838,4934.98,C200000232,23627.6,24991.32,0,0
395,TRANSFER,6231.58,C100006391,12550.0,6318.42,C200004016,170434.6,176666.18,0,0
395,TRANSFER,141.37,C100006639,158384.5,158243.13,C200003517,19193.5,19334.87,0,0
395,TRANSFER,5037.76,C100006921,45498.02,40460.26,C200005370,19478.65,24516.41,0,0
395,TRANSFER,2433.04,C100006939,117144.85,114711.81,C200003014,68045.61,70478.65,0,0
396,TRANSFER,26755.77,C100000504,28265.124512510018,1509.35,C200005088,10783.17,37538.94,0,0
396,TRANSFER,1025.01,C100000508,12516.56,11491.55,C200002974,17908.36,18933.37,0,0
396,TRANSFER,2982.2,C100000973,3207.17,224.97,C200006143,36215.02,39197.22,0,0
396,TRANSFER,990.41,C100001039,231823.79,230833.38,C200004223,38231.37,39221.78,0,0
396,TRANSFER,1071.2,C100001323,73462.06,72390.86,C200000232,10877.56,11948.76,0,0
396,TRANSFER,1083.37,C100001349,64152.27,63068.9,C200006463,47531.44,48614.81,0,0
396,TRANSFER,1949.8,C100001693,60250.03,58300.23,C200005545,13996.01,15945.81,0,0
396,TRANSFER,5841.72,C100002186,259087.55,253245.83,C200000381,48193.5,54035.22,0,0
396,TRANSFER,1245.47,C100002506,49359.39,48113.92,C200005739,42463.63,43709.1,0,0
396,TRANSFER,1492.72,C100002552,41014.83,39522.11,C200001972,2193.84,3686.56,0,0
396,TRANSFER,8750.36,C100003087,11034.18008646708,2283.82,C200002324,33656.48,42406.84,0,0
396,TRANSFER,1143.03,C100003135,186262.9,185119.87,C200000735,72130.91,73273.94,0,0
396,TRANSFER,1052.44,C100003609,6818.46,5766.02,C200005891,9103.35,10155.79,0,0
396,TRANSFER,6397.95,C100003784,34662.64,28264.69,C200000571,4315.31,10713.26,0,0
396,TRANSFER,1486.43,C100004449,80662.01,79175.58,C200003443,12743.38,14229.81,0,0
396,TRANSFER,868.02,C100005612,24669.55,23801.53,C200002132,29374.23,30242.25,0,0
396,TRANSFER,3294.56,C100006193,6329.91,3035.35,C200002415,8599.24,11893.8,0,0
396,TRANSFER,5803.1,C100006212,11469.77,5666.67,C200002625,18349.1,24152.2,0,0
396,TRANSFER,89.22,C100006791,4289.44,4200.22,C200005089,74003.04,74092.26,0,0
397,TRANSFER,10543.42,C100000943,183185.48,172642.06,C200001454,25964.91,36508.33,0,0
397,TRANSFER,4255.35,C100001343,8139.98,3884.63,C200004177,17988.1,22243.45,0,0
397,TRANSFER,11983.93,C100001662,122434.76,110450.83,C200002275,27700.55,39684.48,0,0
397,TRANSFER,21274.65,C100002008,69866.78,48592.13,C200004657,64353.3,85627.95,0,0
397,TRANSFER,1314.3,C100003399,8025.58,6711.28,C200002329,145901.94,147216.24,0,0
397,TRANSFER,645.84,C100003887,143152.56,142506.72,C200001983,31017.07,31662.91,0,0
397,TRANSFER,1189.45,C100004057,20980.39,19790.94,C200006251,22841.47,24030.92,0,0
397,TRANSFER,1627.99,C100004202,5347.39,3719.4,C200001550,238268.15,239896.14,0,0
397,TRANSFER,8433.65,C100004255,333510.9,325077.25,C200001172,22015.19,30448.84,0,0
397,TRANSFER,3918.68,C100004448,12419.62,8500.94,C200004484,14607.13,18525.81,0,0
397,TRANSFER,834.88,C100004474,13613.6,12778.72,C200002951,12161.67,12996.55,0,0
397,TRANSFER,2866.04,C100004722,44194.94,41328.9,C200000817,59143.89,62009.93,0,0
397,TRANSFER,7974.01,C100004888,94703.13,86729.12,C200003053,5463.33,13437.34,0,0
397,TRANSFER,708.59,C100005573,164662.0,163953.41,C200004665,19419.09,20127.68,0,0
397,TRANSFER,2848.15,C100005711,33279.53,30431.38,C200005885,7888.29,10736.44,0,0
397,TRANSFER,400.22,C100006460,12568.8,12168.58,C200002878,161392.26,161792.48,0,0
397,TRANSFER,349.87,C100006529,170666.35,170316.48,C200005616,21324.59,21674.46,0,0
397,TRANSFER,2234.73,C100006536,175543.19,173308.46,C200000677,238197.39,240432.12,0,0
398,TRANSFER,1525.02,C100000792,22540.97,21015.95,C200001740,1108.64,2633.66,0,0
398,TRANSFER,16978.55,C100000970,28030.74,11052.19,C200002051,85633.24,102611.79,0,0
398,TRANSFER,2191.12,C100000974,17100.01,14908.89,C200003846,5334.68,7525.8,0,0
398,TRANSFER,1652.21,C100001265,54522.01,52869.8,C200000185,10326.79,11979.0,0,0
398,TRANSFER,10106.53,C100001329,43159.62,33053.09,C200000926,3070.13,13176.66,0,0
398,TRANSFER,5307.64,C100001995,52087.17,46779.53,C200003154,7655.11,12962.75,0,0
398,TRANSFER,11112.13,C100002389,62175.1,51062.97,C200003183,5969.91,17082.04,0,0
398,TRANSFER,1348.88,C100003449,15677.8,14328.92,C200000494,11021.32,12370.2,0,0
398,TRANSFER,6453.38,C100003476,27054.97,20601.59,C200004512,4436.12,10889.5,0,0
398,TRANSFER,2554.14,C100003579,89059.95,86505.81,C200000331,12048.33,14602.47,0,0
398,TRANSFER,3264.57,C100003730,64192.37,60927.8,C200001069,49431.13,52695.7,0,0
398,TRANSFER,11442.21,C100004118,245957.57,234515.36,C200003005,12936.9,24379.11,0,0
398,TRANSFER,1347.02,C100004204,9041.28,7694.26,C200001623,58188.71,59535.73,0,0
398,TRANSFER,7716.49,C100004417,83625.06,75908.57,C200002413,3932.99,11649.48,0,0
398,TRANSFER,6696.41,C100004703,34645.24,27948.83,C200004060,53785.27,60481.68,0,0
398,TRANSFER,1425.56,C100004909,13404.13,11978.57,C200003210,1234.9,2660.46,0,0
398,TRANSFER,906.77,C100005285,5742.5,4835.73,C200003635,9118.22,10024.99,0,0
398,TRANSFER,639.4,C100005533,41182.89,40543.49,C200003073,871.85,1511.25,0,0
398,TRANSFER,3197.6,C100006154,9618.27,6420.67,C200000724,10938.11,14135.71,0,0
399,TRANSFER,10897.19,C100000385,39759.5,28862.31,C200005658,8649.09,19546.28,0,0
399,TRANSFER,45244.45,C100000512,98057.99,52813.54,C200003385,33485.32,78729.77,0,0
399,TRANSFER,1821.36,C100001819,189216.63,187395.27,C200003744,12209.94,14031.3,0,0
399,TRANSFER,752.63,C100002162,11270.43,10517.8,C200000596,57098.85,57851.48,0,0
399,TRANSFER,20047.11,C100002424,22815.745349782785,2768.64,C200002713,25380.21,45427.32,0,0
399,TRANSFER,3940.42,C100005199,8616.366023369414,4675.95,C200004448,25934.85,29875.27,0,0
399,TRANSFER,4134.6,C100005401,9337.17,5202.57,C200002599,16214.33,20348.93,0,0
399,TRANSFER,483.67,C100005727,17119.85,16636.18,C200005689,97362.27,97845.94,0,0
399,TRANSFER,745.68,C100006095,7750.46,7004.78,C200002375,15252.94,15998.62,0,0
399,TRANSFER,917.05,C100006633,51222.23,50305.18,C200000473,3121.72,4038.77,0,0
399,TRANSFER,7137.53,C100006912,62054.38,54916.85,C200005424,60793.05,67930.58,0,0
400,TRANSFER,430.94,C100000003,180960.71,180529.77,C200004681,599058.91,599489.85,0,0
400,TRANSFER,7213.5,C100000862,201325.79,194112.29,C200003989,85382.46,92595.96,0,0
400,TRANSFER,1156.16,C100001139,6784.07,5627.91,C200000854,37635.07,38791.23,0,0
400,TRANSFER,778.46,C100001221,53613.51,52835.05,C200003430,97265.83,98044.29,0,0
400,TRANSFER,2181.85,C100001252,59541.17,57359.32,C200003263,101722.55,103904.4,0,0
400,TRANSFER,1663.37,C100001846,215962.15,214298.78,C200000428,64104.38,65767.75,0,0
400,TRANSFER,187.5,C100002491,17989.59,17802.09,C200003249,8435.42,8622.92,0,0
400,TRANSFER,1477.06,C100002702,72530.99,71053.93,C200000157,151134.53,152611.59,0,0
400,TRANSFER,712.84,C100002855,21156.76,20443.92,C200006268,16523.11,17235.95,0,0
400,TRANSFER,1942.82,C100003831,9326.25,7383.43,C200003364,4109.24,6052.06,0,0
400,TRANSFER,1148.91,C100003904,30866.81,29717.9,C200001738,46201.41,47350.32,0,0
400,TRANSFER,3082.5,C100005026,38756.59,35674.09,C200001858,17821.34,20903.84,0,0
400,TRANSFER,703.92,C100005241,23529.72,22825.8,C200004900,66319.7,67023.62,0,0
401,TRANSFER,1668.79,C100000048,26897.2,25228.41,C200002221,17376.59,19045.38,0,0
401,TRANSFER,698.88,C100000061,2547.59,1848.71,C200006242,38125.27,38824.15,0,0
401,TRANSFER,1234.02,C100000088,229832.11,228598.09,C200004247,8051.58,9285.6,0,0
401,TRANSFER,1572.04,C100001823,67988.56,66416.52,C200004626,49494.62,51066.66,0,0
401,TRANSFER,12952.31,C100003464,17540.5,4588.19,C200001220,7670.43,20622.74,0,0
401,TRANSFER,1378.9,C100003510,29291.51,27912.61,C200004210,21676.46,23055.36,0,0
401,TRANSFER,7548.02,C100003850,24378.82,16830.8,C200003377,25098.68,32646.7,0,0
401,TRANSFER,981.82,C100004630,4102.39,3120.57,C200004198,7360.57,8342.39,0,0
401,TRANSFER,3974.7,C100004842,64066.47,60091.77,C200004140,19071.42,23046.12,0,0
401,TRANSFER,2917.3,C100005836,10933.94,8016.64,C200002637,16951.41,19868.71,0,0
401,TRANSFER,2553.49,C100006186,5954.491743855467,3401.0,C200004658,14577.98,17131.47,0,0
401,TRANSFER,21607.73,C100006764,169647.46,148039.73,C200003948,127965.06,149572.79,0,0
402,TRANSFER,225.56,C100001761,147968.61,147743.05,C200005139,2911.22,3136.78,0,0
402,TRANSFER,1158.75,C100002121,14770.05,13611.3,C200005750,9634.4,10793.15,0,0
402,TRANSFER,2068.3,C100002427,97772.84,95704.54,C200002478,235672.27,237740.57,0,0
402,TRANSFER,363.8,C100002439,17248.35,16884.55,C200004456,16361.15,16724.95,0,0
402,TRANSFER,4937.33,C100003007,89767.68,84830.35,C200004852,23910.54,28847.87,0,0
402,TRANSFER,5696.78,C100003013,10019.88,4323.1,C200003802,10018.15,15714.93,0,0
402,TRANSFER,339.23,C100003327,262153.83,261814.6,C200000606,145093.67,145432.9,0,0
402,TRANSFER,1778.87,C100003339,71739.67,69960.8,C200000515,43910.95,45689.82,0,0
402,TRANSFER,1303.96,C100003895,161162.0,159858.04,C200001730,14709.34,16013.3,0,0
402,TRANSFER,1709.88,C100003949,130858.19,129148.31,C200004673,144627.32,146337.2,0,0
402,TRANSFER,1000.77,C100003971,25785.5,24784.73,C200000160,10282.51,11283.28,0,0
402,TRANSFER,1116.13,C100005421,25917.5,24801.37,C200001063,14459.75,15575.88,0,0
402,TRANSFER,1054.17,C100005493,120215.68,119161.51,C200005361,363051.24,364105.41,0,0
402,TRANSFER,1994.95,C100005643,6710.270527594387,4715.32,C200002900,667.83,2662.78,0,0
402,TRANSFER,2855.92,C100006243,105328.26,102472.34,C200005123,11239.72,14095.64,0,0
402,TRANSFER,992.2,C100006979,95661.27,94669.07,C200002405,152091.04,153083.24,0,0
403,TRANSFER,1068.42,C100000282,90797.98,89729.56,C200002667,14116.72,15185.14,0,0
403,TRANSFER,2176.06,C100001179,344368.37,342192.31,C200003293,117996.76,120172.82,0,0
403,TRANSFER,569.66,C100001218,150336.49,149766.83,C200002159,2781.04,3350.7,0,0
403,TRANSFER,7074.25,C100001435,34254.25,27180.0,C200001141,5150.79,12225.04,0,0
403,TRANSFER,348.45,C100001536,13095.01,12746.56,C200005796,13217.3,13565.75,0,0
403,TRANSFER,10862.16,C100003930,208699.73,197837.57,C200003185,22618.65,33480.81,0,0
403,TRANSFER,225.03,C100004973,77066.63,76841.6,C200000246,23507.29,23732.32,0,0
403,TRANSFER,3354.6,C100005419,127740.45,124385.85,C200001610,65716.36,69070.96,0,0
403,TRANSFER,6003.28,C100005670,138973.11,132969.83,C200003404,136869.28,142872.56,0,0
403,TRANSFER,224.74,C100005677,6353.48,6128.74,C200004406,44906.27,45131.01,0,0
403,TRANSFER,609.85,C100005732,155931.96,155322.11,C200001869,425967.68,426577.53,0,0
403,TRANSFER,1068.74,C100006329,88814.7,87745.96,C200004426,15609.33,16678.07,0,0
404,TRANSFER,3082.75,C100001029,41345.38,38262.63,C200002564,23231.06,26313.81,0,0
404,TRANSFER,13270.11,C100001463,41642.48,28372.37,C200004330,8551.17,21821.28,0,0
404,TRANSFER,2674.54,C100001660,37321.46,34646.92,C200003083,29517.38,32191.92,0,0
404,TRANSFER,2383.35,C100001890,156439.21,154055.86,C200006063,24417.12,26800.47,0,0
404,TRANSFER,4643.0,C100001969,15073.95,10430.95,C200001042,13879.33,18522.33,0,0
404,TRANSFER,1602.86,C100002107,74301.89,72699.03,C200000530,13477.06,15079.92,0,0
404,TRANSFER,1730.38,C100002136,93955.53,92225.15,C200004873,85168.03,86898.41,0,0
404,TRANSFER,2755.87,C100002402,978071.67,975315.8,C200004853,12050.46,14806.33,0,0
404,TRANSFER,3746.88,C100002629,23817.04,20070.16,C200001522,2424.45,6171.33,0,0
404,TRANSFER,5317.22,C100002863,19948.69,14631.47,C200001260,5147.46,10464.68,0,0
404,TRANSFER,2122.22,C100003599,21486.76,19364.54,C200002807,7633.77,9755.99,0,0
404,TRANSFER,1060.97,C100004281,25748.53,24687.56,C200003583,72875.69,73936.66,0,0
404,TRANSFER,1128.61,C100005367,20502.89,19374.28,C200001778,116030.89,117159.5,0,0
404,TRANSFER,3994.29,C100005508,45814.17,41819.88,C200001014,4843.12,8837.41,0,0
404,TRANSFER,8040.0,C100005582,14923.95,6883.95,C200004156,28610.58,36650.58,0,0
404,TRANSFER,5493.98,C100005988,37378.57,31884.59,C200005080,8788.2,14282.18,0,0
404,TRANSFER,1006.27,C100006487,54192.0,53185.73,C200001042,102103.3,103109.57,0,0
404,TRANSFER,2443.24,C100006785,47741.77,45298.53,C200000960,8388.17,10831.41,0,0
405,TRANSFER,7532.67,C100000844,467465.89,459933.22,C200002779,27439.29,34971.96,0,0
405,TRANSFER,5294.75,C100001191,17498.91,12204.16,C200005664,133738.19,139032.94,0,0
405,TRANSFER,1751.43,C100001450,34821.83,33070.4,C200004615,36803.1,38554.53,0,0
405,TRANSFER,2771.47,C100002617,61593.92,58822.45,C200003442,19952.9,22724.37,0,0
405,TRANSFER,2512.1,C100003078,15232.85,12720.75,C200003161,121836.88,124348.98,0,0
405,TRANSFER,2443.55,C100005183,43503.34,41059.79,C200005115,46029.14,48472.69,0,0
405,TRANSFER,550.49,C100005330,71157.33,70606.84,C200001125,14350.69,14901.18,0,0
405,TRANSFER,352.46,C100006783,45024.56,44672.1,C200005298,92349.07,92701.53,0,0
405,TRANSFER,9242.61,C100006859,11181.591828823284,1938.98,C200004943,25097.52,34340.13,0,0
406,TRANSFER,4890.32,C100000407,45424.92,40534.6,C200003674,9138.68,14029.0,0,0
406,TRANSFER,2099.82,C100000626,67499.25,65399.43,C200005680,48606.44,50706.26,0,0
406,TRANSFER,1145.83,C100000738,15779.66,14633.83,C200006428,2526.33,3672.16,0,0
406,TRANSFER,691.48,C100002051,24562.98,23871.5,C200006041,899343.26,900034.74,0,0
406,TRANSFER,27128.41,C100002103,70905.26,43776.85,C200003156,48401.27,75529.68,0,0
406,TRANSFER,6589.33,C100002302,38686.23,32096.9,C200003809,26937.0,33526.33,0,0
406,TRANSFER,1441.86,C100002906,3789.65,2347.79,C200001096,16061.54,17503.4,0,0
406,TRANSFER,690.03,C100002962,21475.85,20785.82,C200004395,23116.45,23806.48,0,0
406,TRANSFER,1293.43,C100003248,81757.25,80463.82,C200001193,141008.88,142302.31,0,0
406,TRANSFER,9866.71,C100004256,11794.108756691876,1927.4,C200004688,37279.49,47146.2,0,0
406,TRANSFER,452.25,C100004293,12344.92,11892.67,C200006140,70849.67,71301.92,0,0
406,TRANSFER,7930.7,C100004561,26243.91,18313.21,C200004957,78755.39,86686.09,0,0
406,TRANSFER,1020.7,C100004883,56507.67,55486.97,C200001631,1804.6,2825.3,0,0
406,TRANSFER,2062.46,C100004919,13810.27,11747.81,C200003035,4802.12,6864.58,0,0
406,TRANSFER,1514.95,C100005129,264333.1,262818.15,C200005868,9844.26,11359.21,0,0
406,TRANSFER,3274.35,C100005154,108824.0,105549.65,C200002079,22386.67,25661.02,0,0
406,TRANSFER,4547.04,C100005698,130667.51,126120.47,C200002816,9358.88,13905.92,0,0
406,TRANSFER,5605.83,C100005885,391697.8,386091.97,C200005829,5812.19,11418.02,0,0
406,TRANSFER,538.95,C100006005,28946.37,28407.42,C200002990,55429.03,55967.98,0,0
407,TRANSFER,1915.26,C100000637,10280.37,8365.11,C200003103,79324.62,81239.88,0,0
407,TRANSFER,5446.53,C100000757,33158.54,27712.01,C200000726,5186.35,10632.88,0,0
407,TRANSFER,7215.21,C100001328,124208.18,116992.97,C200003043,199035.47,206250.68,0,0
407,TRANSFER,123.62,C100002749,49056.74,48933.12,C200001638,48316.67,48440.29,0,0
407,TRANSFER,3356.83,C100003061,154880.08,151523.25,C200005587,3925.76,7282.59,0,0
407,TRANSFER,8826.23,C100004472,29464.97,20638.74,C200006071,2517.89,11344.12,0,0
407,TRANSFER,2299.35,C100005438,51945.79,49646.44,C200003959,211419.9,213719.25,0,0
407,TRANSFER,2654.34,C100005444,302985.49,300331.15,C200002697,22395.35,25049.69,0,0
407,TRANSFER,9089.38,C100005619,11734.172989268518,2644.79,C200003071,5341.04,14430.42,0,0
408,TRANSFER,2007.83,C100000152,19345.42,17337.59,C200001055,2728.68,4736.51,0,0
408,TRANSFER,4865.9,C100000544,5174.111128411495,308.21,C200005397,5893.16,10759.06,0,0
408,TRANSFER,1869.71,C100001062,10608.02,8738.31,C200002801,54922.0,56791.71,0,0
408,TRANSFER,16095.9,C100001872,281365.36,265269.46,C200002055,29016.72,45112.62,0,0
408,TRANSFER,1939.53,C100002386,47004.29,45064.76,C200000166,19005.99,20945.52,0,0
408,TRANSFER,2722.34,C100003685,66841.9,64119.56,C200004678,8366.43,11088.77,0,0
408,TRANSFER,16947.27,C100004527,68664.36,51717.09,C200006371,19139.44,36086.71,0,0
408,TRANSFER,563.31,C100005746,109506.12,108942.81,C200002736,12360.16,12923.47,0,0
408,TRANSFER,428.08,C100006345,12153.2,11725.12,C200006471,5506.22,5934.3,0,0
408,TRANSFER,1268.83,C100006426,33296.56,32027.73,C200005225,24120.91,25389.74,0,0
408,TRANSFER,709.34,C100006911,4642.568738578401,3933.23,C200003989,7216.87,7926.21,0,0
408,TRANSFER,240.59,C100006915,776395.76,776155.17,C200000389,5628.3,5868.89,0,0
408,TRANSFER,49376.95,C100006939,53694.99162733276,4318.04,C900003287,6631.57,56008.52,1,0
409,TRANSFER,2993.67,C100000432,34266.03,31272.36,C200000432,5747.56,8741.23,0,0
409,TRANSFER,4734.43,C100001453,102283.79,97549.36,C200006065,45692.6,50427.03,0,0
409,TRANSFER,12125.26,C100001759,13322.461445511335,1197.2,C200006031,9531.47,21656.73,0,0
409,TRANSFER,426.0,C100002584,7558.82,7132.82,C200003250,3805.02,4231.02,0,0
409,TRANSFER,1439.14,C100003262,68110.64,66671.5,C200002319,92640.39,94079.53,0,0
409,TRANSFER,1942.66,C100004010,15822.47,13879.81,C200002555,24448.25,26390.91,0,0
409,TRANSFER,1106.98,C100004271,164883.01,163776.03,C200002158,56167.22,57274.2,0,0
409,TRANSFER,432.73,C100004331,288913.84,288481.11,C200002691,14967.7,15400.43,0,0
409,TRANSFER,466.24,C100004423,4527.82972060387,4061.59,C200005684,107783.43,108249.67,0,0
409,TRANSFER,2144.89,C100004990,16471.92,14327.03,C200001574,31385.93,33530.82,0,0
409,TRANSFER,3480.71,C100005268,14040.62,10559.91,C200001469,4596.01,8076.72,0,0
409,TRANSFER,1954.47,C100006163,146302.39,144347.92,C200002899,121348.18,123302.65,0,0
410,TRANSFER,3167.07,C100001344,25759.25,22592.18,C200004553,102450.63,105617.7,0,0
410,TRANSFER,1012.17,C100002511,41197.89,40185.72,C200000737,279355.3,280367.47,0,0
410,TRANSFER,406.39,C100002775,3180.683095049731,2774.29,C200003560,20115.1,20521.49,0,0
410,TRANSFER,12570.04,C100002868,17417.91794885974,4847.88,C200004035,27889.3,40459.34,0,0
410,TRANSFER,794.35,C100003369,2706.65,1912.3,C200001752,2852.63,3646.98,0,0
410,TRANSFER,2301.58,C100004441,124071.87,121770.29,C200001384,19700.49,22002.07,0,0
410,TRANSFER,1047.17,C100004519,18899.49,17852.32,C200004395,12350.4,13397.57,0,0
410,TRANSFER,1162.81,C100004726,17382.5,16219.69,C900000372,6120.26,7283.07,1,0
410,TRANSFER,438.4,C100005061,58655.96,58217.56,C200004656,95451.36,95889.76,0,0
410,TRANSFER,1023.18,C100005798,486298.55,485275.37,C200000443,100269.17,101292.35,0,0
410,TRANSFER,6461.3,C100006905,9344.533200888416,2883.23,C200004364,30676.75,37138.05,0,0
411,TRANSFER,4643.7,C100001949,12590.72,7947.02,C200001759,112999.03,117642.73,0,0
411,TRANSFER,7912.21,C100002123,89389.0,81476.79,C200001933,4729.78,12641.99,0,0
411,TRANSFER,2149.97,C100002791,50817.19,48667.22,C200003107,1786.7,3936.67,0,0
411,TRANSFER,936.05,C100003756,23727.9,22791.85,C200004983,23543.98,24480.03,0,0
411,TRANSFER,1312.79,C100004694,67326.27,66013.48,C200000389,459080.18,460392.97,0,0
411,TRANSFER,969.73,C100005926,33838.61,32868.88,C200002281,6958.05,7927.78,0,0
411,TRANSFER,5793.17,C100006020,21923.14,16129.97,C900003864,10033.65,15826.82,1,0
411,TRANSFER,16085.37,C100006268,186408.32,170322.95,C200004367,45523.58,61608.95,0,0
411,TRANSFER,21918.94,C100006388,53759.55,31840.61,C900004464,2630.92,24549.86,1,0
411,TRANSFER,20894.83,C100006653,22842.902877872508,1948.07,C200006389,4271.24,25166.07,0,0
411,TRANSFER,22835.92,C100006688,27216.45289328185,4380.53,C200005760,83434.13,106270.05,0,0
412,TRANSFER,554.16,C100000174,14841.21,14287.05,C200001754,549381.19,549935.35,0,0
412,TRANSFER,1313.05,C100000201,68002.5,66689.45,C200001556,18901.88,20214.93,0,0
412,TRANSFER,9637.01,C100000466,20377.51,10740.5,C200002224,1834.41,11471.42,0,0
412,TRANSFER,6595.28,C100000560,26327.1,19731.82,C200005976,94299.06,100894.34,0,0
412,TRANSFER,2965.23,C100000625,7287.415367112342,4322.19,C200004083,423906.04,426871.27,0,0
412,TRANSFER,2221.12,C100002336,9650.5,7429.38,C200000153,917.24,3138.36,0,0
412,TRANSFER,2680.53,C100002841,7023.01,4342.48,C200004741,30096.94,32777.47,0,0
412,TRANSFER,1964.59,C100003431,84347.5,82382.91,C200003295,15450.81,17415.4,0,0
412,TRANSFER,1678.48,C100003458,4521.318884416407,2842.84,C200005438,632.25,2310.73,0,0
412,TRANSFER,470.85,C100004037,30963.89,30493.04,C200005637,24248.59,24719.44,0,0
412,TRANSFER,8148.83,C100004131,179787.01,171638.18,C200001901,12874.92,21023.75,0,0
412,TRANSFER,1497.65,C100004171,8235.65,6738.0,C200006455,16968.02,18465.67,0,0
412,TRANSFER,3710.2,C100005375,7151.22079303871,3441.02,C200000452,17517.41,21227.61,0,0
412,TRANSFER,4161.9,C100006551,41285.0,37123.1,C200001599,44672.61,48834.51,0,0
412,TRANSFER,28724.72,C100006798,133478.66,104753.94,C200006003,273847.46,302572.18,0,0
413,TRANSFER,7139.07,C100000042,22590.74,15451.67,C200002558,16064.55,23203.62,0,0
413,TRANSFER,23606.69,C100001002,59417.8,35811.11,C200004701,16093.16,39699.85,0,0
413,TRANSFER,21598.25,C100001436,23599.919236576097,2001.67,C200006033,29340.79,50939.04,0,0
413,TRANSFER,722.27,C100001836,4338.82,3616.55,C200000582,63242.33,63964.6,0,0
413,TRANSFER,10376.53,C100001852,36364.04,25987.51,C200004904,69135.6,79512.13,0,0
413,TRANSFER,383.48,C100003013,13337.78,12954.3,C200005471,182243.95,182627.43,0,0
413,TRANSFER,1321.04,C100003234,6202.146008239031,4881.11,C200002953,59646.73,60967.77,0,0
413,TRANSFER,641.74,C100003489,26646.14,26004.4,C200003011,8728.59,9370.33,0,0
413,TRANSFER,2275.98,C100003519,16442.04,14166.06,C200000630,59346.47,61622.45,0,0
413,TRANSFER,635.41,C100004229,75293.59,74658.18,C200002007,7501.0,8136.41,0,0
413,TRANSFER,2038.39,C100004384,68512.37,66473.98,C200004146,9072.86,11111.25,0,0
413,TRANSFER,2128.84,C100004918,41254.92,39126.08,C200005921,19003.8,21132.64,0,0
413,TRANSFER,807.91,C100005302,48737.51,47929.6,C200004078,77886.43,78694.34,0,0
413,TRANSFER,1502.39,C100005466,52449.57,50947.18,C200002278,5795.54,7297.93,0,0
413,TRANSFER,1940.7,C100005535,32419.79,30479.09,C200004490,102494.77,104435.47,0,0
413,TRANSFER,4436.8,C100005631,124469.3,120032.5,C200002074,101827.05,106263.85,0,0
414,TRANSFER,1091.2,C100000285,6877.57,5786.37,C200004733,11111.54,12202.74,0,0
414,TRANSFER,1088.22,C100000799,10680.52,9592.3,C200006267,63909.27,64997.49,0,0
414,TRANSFER,1991.81,C100002261,14457.43,12465.62,C200004904,24052.7,26044.51,0,0
414,TRANSFER,15299.91,C100002432,126908.37,111608.46,C200002472,71106.47,86406.38,0,0
414,TRANSFER,1518.43,C100002588,15802.84,14284.41,C200003353,5227.78,6746.21,0,0
414,TRANSFER,19494.33,C100004128,50401.53,30907.2,C200000493,15470.7,34965.03,0,0
414,TRANSFER,11803.46,C100004270,172541.74,160738.28,C200005096,9253.76,21057.22,0,0
414,TRANSFER,926.42,C100004572,4909.892035591845,3983.47,C200002101,73416.23,74342.65,0,0
414,TRANSFER,3855.58,C100004582,9478.65,5623.07,C200004073,11226.4,15081.98,0,0
414,TRANSFER,2280.61,C100004704,6982.198666397111,4701.59,C200000273,11966.23,14246.84,0,0
414,TRANSFER,2917.91,C100004899,34709.02,31791.11,C200004773,14385.41,17303.32,0,0
414,TRANSFER,1704.99,C100004901,28518.03,26813.04,C200004834,1509.88,3214.87,0,0
414,TRANSFER,790.84,C100004967,14501.77,13710.93,C200003095,2811.66,3602.5,0,0
414,TRANSFER,1254.68,C100006498,90886.56,89631.88,C200000791,24894.19,26148.87,0,0
414,TRANSFER,3423.33,C100006762,27787.09,24363.76,C200004433,50896.27,54319.6,0,0
415,TRANSFER,2684.74,C100000273,6991.466931369886,4306.73,C200005408,122982.01,125666.75,0,0
415,TRANSFER,5712.25,C100000288,27296.38,21584.13,C200002267,50485.76,56198.01,0,0
415,TRANSFER,6609.9,C100001492,26471.63,19861.73,C200002159,41041.42,47651.32,0,0
415,TRANSFER,1449.69,C100001689,374311.51,372861.82,C200005449,34729.37,36179.06,0,0
415,TRANSFER,3571.14,C100002244,52633.5,49062.36,C200004056,18277.46,21848.6,0,0
415,TRANSFER,4050.92,C100003415,75802.1,71751.18,C200006177,54990.52,59041.44,0,0
415,TRANSFER,1073.52,C100004435,10491.85,9418.33,C200003624,937862.38,938935.9,0,0
415,TRANSFER,4961.67,C100005276,21285.23,16323.56,C200004253,102399.59,107361.26,0,0
415,TRANSFER,4000.74,C100005599,58440.55,54439.81,C200005739,14313.94,18314.68,0,0
415,TRANSFER,13314.54,C100006257,362695.84,349381.3,C200001183,31436.09,44750.63,0,0
416,TRANSFER,1617.73,C100000236,41861.15,40243.42,C200000899,107987.87,109605.6,0,0
416,TRANSFER,1278.26,C100001303,32234.87,30956.61,C200000368,45669.55,46947.81,0,0
416,TRANSFER,19038.65,C100001926,370562.19,351523.54,C200000571,15635.69,34674.34,0,0
416,TRANSFER,2138.16,C100003307,35381.44,33243.28,C200004936,38621.98,40760.14,0,0
416,TRANSFER,8268.71,C100004463,22092.04,13823.33,C200003200,17858.46,26127.17,0,0
416,TRANSFER,2796.92,C100004586,16733.85,13936.93,C200003325,1711.27,4508.19,0,0
416,TRANSFER,6580.0,C100005161,30810.74,24230.74,C200000073,42904.26,49484.26,0,0
416,TRANSFER,1713.07,C100005727,57396.96,55683.89,C200005373,21213.87,22926.94,0,0
416,TRANSFER,2330.54,C100005813,4554.87003559099,2224.33,C200003529,15221.21,17551.75,0,0
416,TRANSFER,5637.14,C100005823,8109.37074027527,2472.23,C200004543,31500.64,37137.78,0,0
416,TRANSFER,2745.64,C100006179,5736.141284609261,2990.5,C200002144,28390.36,31136.0,0,0
416,TRANSFER,8079.74,C100006548,22993.46,14913.72,C200001732,116041.9,124121.64,0,0
417,TRANSFER,1576.88,C100000002,77556.72,75979.84,C200004769,11212.57,12789.45,0,0
417,TRANSFER,5596.93,C100000263,24561.17,18964.24,C200000202,29643.71,35240.64,0,0
417,TRANSFER,1176.25,C100001120,5041.53,3865.28,C200005140,6537.87,7714.12,0,0
417,TRANSFER,342.72,C100002168,8415.49,8072.77,C200001173,27328.79,27671.51,0,0
417,TRANSFER,7317.97,C100002841,125996.63,118678.66,C200001948,15378.81,22696.78,0,0
417,TRANSFER,3217.18,C100002864,23092.72,19875.54,C200004086,82364.88,85582.06,0,0
417,TRANSFER,5020.94,C100003218,65144.85,60123.91,C200003324,7164.57,12185.51,0,0
417,TRANSFER,3690.59,C100003860,18272.59,14582.0,C200000192,8387.2,12077.79,0,0
417,TRANSFER,3351.4,C100006078,58681.49,55330.09,C200003956,6201.18,9552.58,0,0
417,TRANSFER,1666.88,C100006334,8642.88,6976.0,C200001955,45198.87,46865.75,0,0
417,TRANSFER,2518.79,C100006498,13176.46,10657.67,C200000423,18153.85,20672.64,0,0
417,TRANSFER,3669.81,C100006668,27059.05,23389.24,C200000208,75310.33,78980.14,0,0
418,TRANSFER,3408.43,C100000930,69382.47,65974.04,C200004025,18385.25,21793.68,0,0
418,TRANSFER,880.22,C100001416,42247.29,41367.07,C200001455,12798.5,13678.72,0,0
418,TRANSFER,3179.67,C100002108,18063.68,14884.01,C200004044,42205.87,45385.54,0,0
418,TRANSFER,573.91,C100002813,32619.13,32045.22,C200001326,22070.48,22644.39,0,0
418,TRANSFER,16433.05,C100003073,519879.21,503446.16,C200001414,120495.71,136928.76,0,0
418,TRANSFER,2208.38,C100003484,33097.52,30889.14,C200002882,7899.26,10107.64,0,0
418,TRANSFER,1482.63,C100003696,22400.27,20917.64,C200004248,33062.23,34544.86,0,0
418,TRANSFER,53570.31,C100003831,57541.31742305276,3971.01,C200001105,4995.26,58565.57,0,0
418,TRANSFER,3836.64,C100003930,18161.45,14324.81,C200006222,15048.74,18885.38,0,0
418,TRANSFER,6451.79,C100004941,13056.58,6604.79,C200004411,207440.71,213892.5,0,0
418,TRANSFER,6248.14,C100004986,119322.07,113073.93,C200003428,186724.21,192972.35,0,0
418,TRANSFER,2220.68,C100005355,4669.33,2448.65,C200001247,35807.67,38028.35,0,0
418,TRANSFER,4083.31,C100005744,40589.11,36505.8,C200002849,71268.07,75351.38,0,0
419,TRANSFER,7308.88,C100000028,49710.53,42401.65,C200001374,11026.94,18335.82,0,0
419,TRANSFER,1365.86,C100000454,9161.76,7795.9,C200005410,55888.62,57254.48,0,0
419,TRANSFER,4859.19,C100000795,111549.54,106690.35,C200005850,16650.37,21509.56,0,0
419,TRANSFER,2039.91,C100000853,26051.37,24011.46,C200000675,103963.24,106003.15,0,0
419,TRANSFER,11325.19,C100001166,17841.26,6516.07,C200001706,68981.75,80306.94,0,0
419,TRANSFER,5181.51,C100001223,33115.03,27933.52,C200001040,8593.45,13774.96,0,0
419,TRANSFER,2574.55,C100001521,175338.04,172763.49,C200004771,44290.81,46865.36,0,0
419,TRANSFER,2025.59,C100002984,26435.97,24410.38,C200000050,19073.11,21098.7,0,0
419,TRANSFER,3165.67,C100002994,88628.89,85463.22,C200006248,30704.12,33869.79,0,0
419,TRANSFER,369.08,C100003702,14788.4,14419.32,C200000738,28032.77,28401.85,0,0
419,TRANSFER,1031.0,C100005638,3508.4683317661693,2477.47,C200002268,145219.93,146250.93,0,0
419,TRANSFER,1082.01,C100006466,5021.79,3939.78,C200002154,18527.74,19609.75,0,0
420,TRANSFER,365.42,C100000070,12557.3,12191.88,C200002241,25947.39,26312.81,0,0
420,TRANSFER,3689.17,C100000365,5836.049532764786,2146.88,C200001472,23515.26,27204.43,0,0
420,TRANSFER,12428.83,C100001558,187379.92,174951.09,C200004459,248543.4,260972.23,0,0
420,TRANSFER,629.55,C100001922,5273.14,4643.59,C200004407,37923.21,38552.76,0,0
420,TRANSFER,1938.2,C100002081,52299.48,50361.28,C200004961,40376.73,42314.93,0,0
420,TRANSFER,21928.14,C100002170,22107.6787220442,179.54,C200001742,4220.08,26148.22,0,0
420,TRANSFER,3765.29,C100003109,102555.05,98789.76,C200004698,3081.39,6846.68,0,0
420,TRANSFER,9596.66,C100003745,34694.22,25097.56,C200004144,30540.3,40136.96,0,0
420,TRANSFER,185.46,C100003827,34778.12,34592.66,C200003826,724.24,909.7,0,0
420,TRANSFER,1122.76,C100004104,147320.77,146198.01,C200006000,10577.8,11700.56,0,0
420,TRANSFER,707.23,C100004181,29926.33,29219.1,C200005787,8312.63,9019.86,0,0
420,TRANSFER,2900.07,C100004183,282823.6,279923.53,C200004646,48598.72,51498.79,0,0
420,TRANSFER,239.97,C100004774,12379.36,12139.39,C200001020,18728.48,18968.45,0,0
420,TRANSFER,1926.05,C100005061,99561.3,97635.25,C200000769,51171.42,53097.47,0,0
420,TRANSFER,1674.19,C100006239,12108.73,10434.54,C200001489,291012.9,292687.09,0,0
420,TRANSFER,1350.37,C100006773,26417.15,25066.78,C200002881,10363.6,11713.97,0,0
421,TRANSFER,348.31,C100000043,35426.29,35077.98,C200004750,17803.61,18151.92,0,0
421,TRANSFER,7071.41,C100001084,1000000.0,992928.59,C200002104,39744.02,46815.43,0,0
421,TRANSFER,3212.58,C100002458,7869.938357158105,4657.36,C200002510,191808.58,195021.16,0,0
421,TRANSFER,1491.03,C100002965,62078.93,60587.9,C200002600,21823.1,23314.13,0,0
421,TRANSFER,1238.44,C100003297,57161.03,55922.59,C200000795,5267.96,6506.4,0,0
421,TRANSFER,7787.78,C100003516,184934.84,177147.06,C200006145,20201.77,27989.55,0,0
421,TRANSFER,2866.0,C100003825,113324.31,110458.31,C200002564,5175.86,8041.86,0,0
421,TRANSFER,870.17,C100004195,94441.5,93571.33,C200006079,7418.56,8288.73,0,0
421,TRANSFER,3434.52,C100004231,20145.33,16710.81,C200004552,49655.97,53090.49,0,0
421,TRANSFER,592.73,C100004794,29279.72,28686.99,C200001367,63489.53,64082.26,0,0
421,TRANSFER,1477.53,C100005138,246519.18,245041.65,C200005421,10817.74,12295.27,0,0
421,TRANSFER,8988.35,C100005740,13911.406434813682,4923.06,C200004016,449600.6,458588.95,0,0
421,TRANSFER,5121.75,C100005783,49781.68,44659.93,C200002008,16817.07,21938.82,0,0
421,TRANSFER,214.11,C100005910,3580.3051991104435,3366.2,C200000105,32837.44,33051.55,0,0
421,TRANSFER,356.62,C100006096,41322.05,40965.43,C200003734,75824.82,76181.44,0,0
421,TRANSFER,3663.39,C100006150,41365.83,37702.44,C200002224,29001.28,32664.67,0,0
422,TRANSFER,2914.21,C100000023,17340.42,14426.21,C200001024,22606.46,25520.67,0,0
422,TRANSFER,18534.33,C100000272,185789.65,167255.32,C200003460,58024.73,76559.06,0,0
422,TRANSFER,3951.93,C100001094,13536.02,9584.09,C200003942,62915.38,66867.31,0,0
422,TRANSFER,1923.04,C100002342,78816.53,76893.49,C200000575,4632.48,6555.52,0,0
422,TRANSFER,1193.16,C100003000,27699.37,26506.21,C200003638,2394.64,3587.8,0,0
422,TRANSFER,3592.2,C100003468,30949.73,27357.53,C200000534,9542.31,13134.51,0,0
422,TRANSFER,3181.28,C100004070,19629.19,16447.91,C200000014,916.46,4097.74,0,0
422,TRANSFER,4746.8,C100005979,370070.1,365323.3,C200005448,338088.44,342835.24,0,0
422,TRANSFER,3169.16,C100006621,58694.05,55524.89,C200002744,29074.54,32243.7,0,0
422,TRANSFER,1802.35,C100006815,11674.7,9872.35,C200001965,70257.06,72059.41,0,0
422,TRANSFER,2921.37,C100006875,26978.89,24057.52,C200005425,2208.0,5129.37,0,0
423,TRANSFER,13103.59,C100000739,16712.51414213441,3608.92,C200001236,140083.49,153187.08,0,0
423,TRANSFER,36102.32,C100000905,37821.124835656876,1718.8,C200002286,9153.41,45255.73,0,0
423,TRANSFER,29721.59,C100001151,31431.48412175045,1709.89,C200000404,1707.62,31429.21,0,0
423,TRANSFER,15767.54,C100002830,18428.958726140154,2661.42,C200005108,13389.7,29157.24,0,0
423,TRANSFER,5007.15,C100003002,27700.65,22693.5,C200002066,34260.5,39267.65,0,0
423,TRANSFER,217.63,C100003026,111105.92,110888.29,C200003824,35750.63,35968.26,0,0
423,TRANSFER,2828.05,C100003594,15569.07,12741.02,C200006212,100974.17,103802.22,0,0
423,TRANSFER,5361.52,C100003611,43757.5,38395.98,C200003032,67708.03,73069.55,0,0
423,TRANSFER,2234.48,C100003693,86568.65,84334.17,C200004533,44804.9,47039.38,0,0
423,TRANSFER,1856.79,C100003817,14977.82,13121.03,C200000647,103966.85,105823.64,0,0
423,TRANSFER,4089.31,C100004650,149542.75,145453.44,C200000193,34728.48,38817.79,0,0
423,TRANSFER,1090.79,C100004709,92214.97,91124.18,C200000759,18255.24,19346.03,0,0
423,TRANSFER,6056.26,C100004894,55188.36,49132.1,C200000518,78958.11,85014.37,0,0
423,TRANSFER,4649.82,C100004915,87694.82,83045.0,C200006086,23092.98,27742.8,0,0
423,TRANSFER,3802.59,C100005189,287802.03,283999.44,C200000249,119366.76,123169.35,0,0
423,TRANSFER,8492.72,C100005201,165878.32,157385.6,C200004378,27612.04,36104.76,0,0
423,TRANSFER,372.38,C100005473,3956.17,3583.79,C200005962,14767.25,15139.63,0,0
423,TRANSFER,1713.87,C100005771,51825.21,50111.34,C200004235,21933.44,23647.31,0,0
423,TRANSFER,39868.18,C100006631,44577.75483241304,4709.57,C200002220,15660.01,55528.19,0,0
423,TRANSFER,6664.71,C100006814,32337.52,25672.81,C200001080,4453.2,11117.91,0,0
424,TRANSFER,342.39,C100001685,78053.84,77711.45,C200003941,4813.44,5155.83,0,0
424,TRANSFER,2133.61,C100002812,29350.25,27216.64,C200004429,6177.88,8311.49,0,0
424,TRANSFER,1144.37,C100003730,114200.65,113056.28,C200005587,10217.33,11361.7,0,0
424,TRANSFER,475.32,C100004352,9740.67,9265.35,C200000059,85411.41,85886.73,0,0
424,TRANSFER,748.14,C100005024,63742.16,62994.02,C200006478,3096.83,3844.97,0,0
424,TRANSFER,3143.67,C100005859,9937.61,6793.94,C200001941,21437.94,24581.61,0,0
424,TRANSFER,9918.38,C100006068,113705.45,103787.07,C200003241,31194.87,41113.25,0,0
424,TRANSFER,13689.74,C100006392,33809.55,20119.81,C200005545,10641.03,24330.77,0,0
424,TRANSFER,2510.65,C100006503,7025.5487510478215,4514.9,C200006224,240389.13,242899.78,0,0
424,TRANSFER,587.96,C100006838,49926.05,49338.09,C200004776,9727.72,10315.68,0,0
425,TRANSFER,1479.46,C100000916,7594.82,6115.36,C200003551,18875.41,20354.87,0,0
425,TRANSFER,1250.73,C100002869,4192.0991869946265,2941.37,C200000489,18566.93,19817.66,0,0
425,TRANSFER,2133.66,C100002954,3417.4096060531037,1283.75,C200004557,10422.46,12556.12,0,0
425,TRANSFER,17542.63,C100003678,89394.3,71851.67,C200003297,101659.68,119202.31,0,0
425,TRANSFER,14267.4,C100003779,53060.52,38793.12,C200003616,12537.63,26805.03,0,0
425,TRANSFER,493.71,C100004633,41649.48,41155.77,C200006457,15008.52,15502.23,0,0
425,TRANSFER,5111.46,C100004985,38538.33,33426.87,C200002776,5746.2,10857.66,0,0
425,TRANSFER,1577.81,C100006185,89137.16,87559.35,C200006245,6280.14,7857.95,0,0
425,TRANSFER,294.06,C100006893,5463.75,5169.69,C200000248,13676.17,13970.23,0,0
426,TRANSFER,7559.73,C100000068,13516.42,5956.69,C200004785,66854.58,74414.31,0,0
426,TRANSFER,5540.68,C100000229,10305.930377351186,4765.25,C200001791,125077.76,130618.44,0,0
426,TRANSFER,3103.58,C100001222,20916.8,17813.22,C200002947,62711.14,65814.72,0,0
426,TRANSFER,2513.93,C100001447,39949.98,37436.05,C200005663,8896.84,11410.77,0,0
426,TRANSFER,3231.07,C100001807,27395.89,24164.82,C200000212,5131.05,8362.12,0,0
426,TRANSFER,3842.81,C100001813,8227.89,4385.08,C200001908,15568.11,19410.92,0,0
426,TRANSFER,11040.43,C100001850,14065.462578988105,3025.03,C200004968,18590.37,29630.8,0,0
426,TRANSFER,4358.96,C100002386,36363.88,32004.92,C200000095,15136.01,19494.97,0,0
426,TRANSFER,2895.15,C100002642,5241.692012264304,2346.54,C200002726,56610.91,59506.06,0,0
426,TRANSFER,15323.75,C100003234,53572.76,38249.01,C200000916,17577.83,32901.58,0,0
426,TRANSFER,831.99,C100003335,379748.33,378916.34,C200004754,12557.54,13389.53,0,0
426,TRANSFER,421.44,C100003881,123830.39,123408.95,C200004226,4014.14,4435.58,0,0
426,TRANSFER,12313.03,C100004024,20929.68,8616.65,C200001793,3164.73,15477.76,0,0
426,TRANSFER,3828.16,C100004695,58239.84,54411.68,C200005772,35341.59,39169.75,0,0
426,TRANSFER,1345.81,C100004783,69221.5,67875.69,C200005977,18837.64,20183.45,0,0
426,TRANSFER,4758.72,C100005057,207302.95,202544.23,C200005563,16544.8,21303.52,0,0
426,TRANSFER,5464.48,C100005664,75710.86,70246.38,C200003370,123391.09,128855.57,0,0
426,TRANSFER,2252.76,C100005737,242658.49,240405.73,C200004076,39483.12,41735.88,0,0
426,TRANSFER,988.38,C100006227,62470.28,61481.9,C200001523,20159.52,21147.9,0,0
426,TRANSFER,4215.61,C100006632,11380.21,7164.6,C200001253,50499.83,54715.44,0,0
426,TRANSFER,1073.29,C100006761,9275.58,8202.29,C200003269,17680.72,18754.01,0,0
427,TRANSFER,783.47,C100000051,29377.11,28593.64,C200003298,14743.78,15527.25,0,0
427,TRANSFER,3812.58,C100000900,14146.56,10333.98,C200004736,56799.13,60611.71,0,0
427,TRANSFER,1732.83,C100001128,21954.21,20221.38,C200002416,41267.75,43000.58,0,0
427,TRANSFER,12174.33,C100001255,133265.9,121091.57,C200005953,19412.75,31587.08,0,0
427,TRANSFER,3534.94,C100003689,129627.07,126092.13,C200002253,31144.03,34678.97,0,0
427,TRANSFER,3792.58,C100004466,15679.75,11887.17,C200005836,75504.99,79297.57,0,0
427,TRANSFER,2243.8,C100006773,224751.34,222507.54,C200002772,41294.81,43538.61,0,0
427,TRANSFER,1183.17,C100006887,139975.02,138791.85,C200000024,61287.15,62470.32,0,0
428,TRANSFER,1605.17,C100002805,45337.01,43731.84,C200002592,26490.05,28095.22,0,0
428,TRANSFER,828.83,C100003540,42397.16,41568.33,C200000324,934497.38,935326.21,0,0
428,TRANSFER,6555.06,C100004123,38202.32,31647.26,C200005542,8854.1,15409.16,0,0
428,TRANSFER,1801.02,C100004222,41314.54,39513.52,C200002592,48356.97,50157.99,0,0
428,TRANSFER,618.33,C100004241,27564.48,26946.15,C200002099,44807.12,45425.45,0,0
428,TRANSFER,1565.8,C100004428,28817.08,27251.28,C200001442,6730.66,8296.46,0,0
428,TRANSFER,2215.66,C100005270,20261.64,18045.98,C200003411,2975.6,5191.26,0,0
428,TRANSFER,424.28,C100005920,66120.85,65696.57,C200004227,2279.96,2704.24,0,0
428,TRANSFER,1967.71,C100005952,55297.51,53329.8,C200004234,19183.7,21151.41,0,0
428,TRANSFER,6414.02,C100006163,38482.8,32068.78,C200000925,519212.44,525626.46,0,0
428,TRANSFER,3492.97,C100006670,17658.2,14165.23,C200003309,67281.08,70774.05,0,0
428,TRANSFER,1068.29,C100006909,19915.06,18846.77,C200002085,34638.92,35707.21,0,0
429,TRANSFER,1336.42,C100000619,8660.36,7323.94,C200000414,14497.47,15833.89,0,0
429,TRANSFER,4963.52,C100001245,8222.646603738385,3259.13,C200006326,60025.8,64989.32,0,0
429,TRANSFER,33997.04,C100002441,38077.64840195235,4080.61,C200002033,13615.7,47612.74,0,0
429,TRANSFER,725.23,C100003625,8721.04,7995.81,C200003752,228288.16,229013.39,0,0
429,TRANSFER,1964.59,C100004639,400641.34,398676.75,C200001640,59488.13,61452.72,0,0
429,TRANSFER,3563.01,C100006165,45817.57,42254.56,C200002727,38761.04,42324.05,0,0
430,TRANSFER,578.23,C100000943,38295.95,37717.72,C200002683,88182.93,88761.16,0,0
430,TRANSFER,4729.16,C100000994,45108.46,40379.3,C200004520,2232.32,6961.48,0,0
430,TRANSFER,1112.07,C100002985,768193.11,767081.04,C200004167,15236.96,16349.03,0,0
430,TRANSFER,221.99,C100003287,47054.22,46832.23,C200002752,38987.28,39209.27,0,0
430,TRANSFER,8666.47,C100004521,26356.21,17689.74,C200001300,4402.19,13068.66,0,0
430,TRANSFER,5550.67,C100005413,24780.93,19230.26,C200006283,21822.89,27373.56,0,0
430,TRANSFER,396.57,C100005508,15505.82,15109.25,C200004628,8518.44,8915.01,0,0
430,TRANSFER,8446.43,C100006383,97564.84,89118.41,C200004145,38568.45,47014.88,0,0
430,TRANSFER,6081.34,C100006584,614595.17,608513.83,C200006446,9257.29,15338.63,0,0
431,TRANSFER,2539.25,C100000749,122871.58,120332.33,C200003935,74531.3,77070.55,0,0
431,TRANSFER,1272.03,C100001838,64268.93,62996.9,C200005112,47788.58,49060.61,0,0
431,TRANSFER,6466.71,C100002017,34975.36,28508.65,C200004278,84295.5,90762.21,0,0
431,TRANSFER,4871.01,C100002456,8391.18,3520.17,C200002282,12030.99,16902.0,0,0
431,TRANSFER,293.33,C100002487,113584.68,113291.35,C200002947,38804.36,39097.69,0,0
431,TRANSFER,3508.28,C100002906,5776.01,2267.73,C200003458,552.02,4060.3,0,0
431,TRANSFER,818.13,C100003394,29937.05,29118.92,C200000099,24692.27,25510.4,0,0
431,TRANSFER,2216.74,C100003440,7585.28,5368.54,C200000396,16241.87,18458.61,0,0
431,TRANSFER,481.36,C100004382,11128.46,10647.1,C200000341,45882.06,46363.42,0,0
431,TRANSFER,601.96,C100004556,41611.6,41009.64,C200001097,120382.52,120984.48,0,0
431,TRANSFER,5427.85,C100006152,134219.64,128791.79,C200004804,418437.57,423865.42,0,0
431,TRANSFER,4558.72,C100006682,26739.84,22181.12,C200002155,7804.16,12362.88,0,0
432,TRANSFER,463.33,C100000825,35426.65,34963.32,C200005779,10270.24,10733.57,0,0
432,TRANSFER,1199.46,C100000947,11468.42,10268.96,C200005651,260110.77,261310.23,0,0
432,TRANSFER,82.0,C100001997,13357.74,13275.74,C200000111,25793.94,25875.94,0,0
432,TRANSFER,2252.99,C100003129,11354.77,9101.78,C200005278,5648.62,7901.61,0,0
432,TRANSFER,1679.16,C100004115,17793.61,16114.45,C200005257,11350.11,13029.27,0,0
432,TRANSFER,1902.88,C100004508,15709.43,13806.55,C200006499,5060.29,6963.17,0,0
432,TRANSFER,26753.26,C100005095,29495.89799414562,2742.64,C200006350,42862.76,69616.02,0,0
432,TRANSFER,1048.0,C100005857,563205.13,562157.13,C200002507,8735.99,9783.99,0,0
432,TRANSFER,2090.55,C100006057,5703.378821045952,3612.83,C200000668,5370.64,7461.19,0,0
433,TRANSFER,5743.43,C100000991,96934.87,91191.44,C200003285,91514.72,97258.15,0,0
433,TRANSFER,308.77,C100001853,16870.66,16561.89,C200006430,81849.4,82158.17,0,0
433,TRANSFER,2237.34,C100003044,13911.17,11673.83,C200002220,32871.83,35109.17,0,0
433,TRANSFER,3443.93,C100003093,105116.93,101673.0,C200001770,103634.8,107078.73,0,0
433,TRANSFER,4959.24,C100003856,22000.6,17041.36,C200001619,4315.62,9274.86,0,0
433,TRANSFER,1227.91,C100004094,9679.91,8452.0,C200000389,39180.53,40408.44,0,0
433,TRANSFER,4826.79,C100004095,59619.86,54793.07,C200004938,7408.43,12235.22,0,0
433,TRANSFER,14219.27,C100004672,49104.77,34885.5,C200003416,64207.31,78426.58,0,0
433,TRANSFER,2802.97,C100005515,18963.11,16160.14,C200006129,202627.68,205430.65,0,0
433,TRANSFER,2127.42,C100005603,190521.68,188394.26,C200004407,29187.45,31314.87,0,0
433,TRANSFER,2412.8,C100006238,27210.09,24797.29,C200004929,39161.5,41574.3,0,0
434,TRANSFER,2204.42,C100000095,19783.71,17579.29,C200004152,11508.06,13712.48,0,0
434,TRANSFER,2478.4,C100000683,127391.89,124913.49,C200006051,65227.68,67706.08,0,0
434,TRANSFER,968.84,C100001535,20731.76,19762.92,C200006223,123597.66,124566.5,0,0
434,TRANSFER,1851.09,C100002415,322225.71,320374.62,C200005786,322934.03,324785.12,0,0
434,TRANSFER,4129.45,C100002452,47750.04,43620.59,C200002650,112195.74,116325.19,0,0
434,TRANSFER,7734.39,C100002587,20723.93,12989.54,C200000460,93618.17,101352.56,0,0
434,TRANSFER,2256.33,C100003277,96457.5,94201.17,C200002557,7330.03,9586.36,0,0
434,TRANSFER,2192.6,C100003972,293680.92,291488.32,C200005044,16232.9,18425.5,0,0
434,TRANSFER,18498.02,C100005246,25488.48,6990.46,C200004552,9314.94,27812.96,0,0
434,TRANSFER,3411.08,C100005248,87077.95,83666.87,C200005272,72248.24,75659.32,0,0
434,TRANSFER,2838.17,C100005804,104216.11,101377.94,C200001203,88571.59,91409.76,0,0
434,TRANSFER,1666.42,C100005851,15711.63,14045.21,C200004285,13995.5,15661.92,0,0
435,TRANSFER,4018.69,C100000083,80110.68,76091.99,C200005275,21081.1,25099.79,0,0
435,TRANSFER,9123.64,C100000370,31202.21,22078.57,C200001873,23196.52,32320.16,0,0
435,TRANSFER,787.84,C100000489,112282.09,111494.25,C200000213,11658.97,12446.81,0,0
435,TRANSFER,22533.01,C100000496,26827.429629489463,4294.42,C200000065,50805.98,73338.99,0,0
435,TRANSFER,3027.24,C100001064,30188.27,27161.03,C200005429,43220.03,46247.27,0,0
435,TRANSFER,3009.87,C100001394,153966.13,150956.26,C200000442,104052.67,107062.54,0,0
435,TRANSFER,1455.28,C100003302,37557.27,36101.99,C200003839,5817.07,7272.35,0,0
435,TRANSFER,969.14,C100003609,4279.75,3310.61,C200000786,12650.37,13619.51,0,0
435,TRANSFER,2679.61,C100003744,543774.22,541094.61,C200006436,2543.97,5223.58,0,0
435,TRANSFER,1055.29,C100004655,31757.9,30702.61,C200004000,19420.39,20475.68,0,0
435,TRANSFER,456.7,C100005522,6458.1,6001.4,C200003165,7984.71,8441.41,0,0
435,TRANSFER,2951.08,C100005633,6029.7,3078.62,C200003925,14677.08,17628.16,0,0
435,TRANSFER,131.84,C100005703,37568.28,37436.44,C200006438,18476.7,18608.54,0,0
436,TRANSFER,11414.13,C100000158,152137.77,140723.64,C900006951,66307.69,77721.82,1,0
436,TRANSFER,2515.34,C100001779,19165.23,16649.89,C200005964,1185.07,3700.41,0,0
436,TRANSFER,1287.58,C100001868,252249.87,250962.29,C200005118,84588.84,85876.42,0,0
436,TRANSFER,6672.33,C100002393,17175.99,10503.66,C200005121,13500.16,20172.49,0,0
436,TRANSFER,741.21,C100003097,46182.89,45441.68,C200000814,81802.32,82543.53,0,0
436,TRANSFER,2486.75,C100003557,11781.05,9294.3,C200005422,121409.27,123896.02,0,0
436,TRANSFER,2190.08,C100005284,31209.97,29019.89,C200004854,35566.43,37756.51,0,0
436,TRANSFER,1782.11,C100005641,25052.07,23269.96,C200003798,16397.04,18179.15,0,0
436,TRANSFER,1082.73,C100006023,65422.52,64339.79,C200004663,38361.59,39444.32,0,0
436,TRANSFER,2358.41,C100006360,92473.14,90114.73,C200005068,20811.35,23169.76,0,0
436,TRANSFER,14065.43,C100006601,192821.59,178756.16,C200006338,31305.01,45370.44,0,0
437,TRANSFER,2232.53,C100000010,7137.572854648533,4905.04,C200000161,19606.78,21839.31,0,0
437,TRANSFER,505.6,C100000838,5744.06,5238.46,C200002789,52076.53,52582.13,0,0
437,TRANSFER,855.47,C100001208,58309.17,57453.7,C200004099,27315.22,28170.69,0,0
437,TRANSFER,360.97,C100001217,69829.02,69468.05,C200001282,5968.2,6329.17,0,0
437,TRANSFER,645.95,C100001717,73868.25,73222.3,C200005415,26612.51,27258.46,0,0
437,TRANSFER,1679.65,C100002277,11360.99,9681.34,C200004609,40174.24,41853.89,0,0
437,TRANSFER,690.25,C100002350,137886.46,137196.21,C200004858,424106.99,424797.24,0,0
437,TRANSFER,3437.14,C100002802,6942.29,3505.15,C200006248,26225.76,29662.9,0,0
437,TRANSFER,4088.58,C100003432,44663.14,40574.56,C200004860,16847.89,20936.47,0,0
437,TRANSFER,1616.56,C100003442,9464.35,7847.79,C200003123,5142.51,6759.07,0,0
437,TRANSFER,183.6,C100003619,14430.68,14247.08,C200004661,14775.55,14959.15,0,0
437,TRANSFER,3008.29,C100003935,7833.334694964441,4825.04,C200001025,22332.48,25340.77,0,0
437,TRANSFER,1944.16,C100004927,22280.89,20336.73,C200002060,35498.18,37442.34,0,0
437,TRANSFER,1620.99,C100005514,697094.51,695473.52,C200000353,24285.26,25906.25,0,0
437,TRANSFER,247.73,C100005642,150684.85,150437.12,C200001178,114908.68,115156.41,0,0
437,TRANSFER,1943.09,C100006345,103212.98,101269.89,C200006008,322838.37,324781.46,0,0
437,TRANSFER,5514.43,C100006416,53303.07,47788.64,C200000392,11011.95,16526.38,0,0
437,TRANSFER,48413.87,C100006539,136606.92,88193.05,C200003368,11392.99,59806.86,0,0
438,TRANSFER,6039.61,C100000114,12242.67,6203.06,C200003680,4621.6,10661.21,0,0
438,TRANSFER,521.57,C100000546,57254.65,56733.08,C200001547,643129.08,643650.65,0,0
438,TRANSFER,1470.32,C100001072,74050.6,72580.28,C200003060,11494.79,12965.11,0,0
438,TRANSFER,13752.11,C100001361,15244.32180102225,1492.21,C200002076,16560.51,30312.62,0,0
438,TRANSFER,218.93,C100002270,28885.19,28666.26,C200001489,20465.22,20684.15,0,0
438,TRANSFER,6638.85,C100002978,26369.15,19730.3,C200005473,11566.12,18204.97,0,0
438,TRANSFER,362.31,C100003591,138252.05,137889.74,C200004766,44058.21,44420.52,0,0
438,TRANSFER,3447.2,C100003732,4542.1709747207715,1094.97,C200005124,13119.62,16566.82,0,0
438,TRANSFER,4365.43,C100004016,21810.22,17444.79,C200001379,34080.52,38445.95,0,0
438,TRANSFER,2143.33,C100004061,12659.88,10516.55,C200004430,387261.82,389405.15,0,0
438,TRANSFER,1676.6,C100004229,23672.97,21996.37,C200001647,80908.33,82584.93,0,0
438,TRANSFER,1491.64,C100004294,9273.36,7781.72,C200002612,19332.36,20824.0,0,0
438,TRANSFER,2295.84,C100004428,72112.7,69816.86,C200003123,13004.9,15300.74,0,0
438,TRANSFER,1907.33,C100005126,7939.0,6031.67,C200003754,50324.91,52232.24,0,0
438,TRANSFER,3456.65,C100005602,542959.88,539503.23,C200002908,3823.65,7280.3,0,0
438,TRANSFER,4108.38,C100006345,13345.88,9237.5,C200001877,4031.87,8140.25,0,0
439,TRANSFER,536.37,C100000218,187246.35,186709.98,C200003580,60827.46,61363.83,0,0
439,TRANSFER,3912.78,C100000311,76142.93,72230.15,C200003770,25522.33,29435.11,0,0
439,TRANSFER,453.49,C100001253,36146.96,35693.47,C200000320,15844.89,16298.38,0,0
439,TRANSFER,3278.09,C100001975,54715.08,51436.99,C200002724,36816.79,40094.88,0,0
439,TRANSFER,2352.45,C100002530,25645.03,23292.58,C200005507,9641.49,11993.94,0,0
439,TRANSFER,1987.05,C100003513,19223.31,17236.26,C200000826,1773.14,3760.19,0,0
439,TRANSFER,654.19,C100004369,7615.27,6961.08,C200006424,65945.7,66599.89,0,0
439,TRANSFER,4704.15,C100005230,5679.827313014794,975.68,C200005461,15329.64,20033.79,0,0
439,TRANSFER,1272.87,C100005248,8830.76,7557.89,C200004839,8774.77,10047.64,0,0
439,TRANSFER,2712.5,C100005554,8921.99,6209.49,C200003719,114491.21,117203.71,0,0
439,TRANSFER,8695.65,C100005713,17190.07,8494.42,C200005707,10167.75,18863.4,0,0
439,TRANSFER,3005.74,C100005904,44628.53,41622.79,C200005519,5694.56,8700.3,0,0
439,TRANSFER,628.28,C100005937,86652.23,86023.95,C200006288,5601.82,6230.1,0,0
439,TRANSFER,24189.69,C100005950,126801.41,102611.72,C200000951,3129.41,27319.1,0,0
439,TRANSFER,6775.65,C100006512,33188.0,26412.35,C200000702,12970.4,19746.05,0,0
439,TRANSFER,3680.44,C100006906,22108.83,18428.39,C200001510,21292.3,24972.74,0,0
439,TRANSFER,14210.58,C100006973,18887.912569215852,4677.33,C200003586,3094.05,17304.63,0,0
440,TRANSFER,20445.48,C100000312,23911.409922013125,3465.93,C200004905,10231.46,30676.94,0,0
440,TRANSFER,4113.83,C100000647,50707.88,46594.05,C200000267,136724.48,140838.31,0,0
440,TRANSFER,1110.38,C100000689,67819.05,66708.67,C200000598,38572.68,39683.06,0,0
440,TRANSFER,5743.33,C100000754,31904.7,26161.37,C200004519,3810.26,9553.59,0,0
440,TRANSFER,15819.76,C100000864,58052.33,42232.57,C200002180,56261.22,72080.98,0,0
440,TRANSFER,3223.66,C100002876,26400.08,23176.42,C200000939,51591.71,54815.37,0,0
440,TRANSFER,6053.63,C100005563,54242.52,48188.89,C200002483,4395.79,10449.42,0,0
440,TRANSFER,1867.3,C100005693,65349.68,63482.38,C200004912,2616.11,4483.41,0,0
440,TRANSFER,3322.03,C100005789,82794.23,79472.2,C200003471,66725.78,70047.81,0,0
440,TRANSFER,892.1,C100005882,21048.53,20156.43,C200002692,23183.07,24075.17,0,0
440,TRANSFER,7184.76,C100006091,11789.955702658808,4605.2,C200004527,10113.11,17297.87,0,0
440,TRANSFER,7603.71,C100006474,12299.66283005396,4695.95,C200002546,41494.49,49098.2,0,0
440,TRANSFER,296.92,C100006880,86783.97,86487.05,C200003203,15093.36,15390.28,0,0
441,TRANSFER,9673.21,C100000263,67750.99,58077.78,C200004357,12357.99,22031.2,0,0
441,TRANSFER,7912.56,C100000316,8841.152923072365,928.59,C200000887,15243.12,23155.68,0,0
441,TRANSFER,3039.09,C100002118,251178.09,248139.0,C200003323,16670.64,19709.73,0,0
441,TRANSFER,14842.98,C100002896,121593.37,106750.39,C200005143,43723.02,58566.0,0,0
441,TRANSFER,574.24,C100003588,49143.07,48568.83,C200006394,21201.41,21775.65,0,0
441,TRANSFER,43301.14,C100004939,44495.82343413735,1194.68,C200002850,22228.25,65529.39,0,0
441,TRANSFER,1707.33,C100005588,22412.88,20705.55,C200001279,16779.19,18486.52,0,0
441,TRANSFER,26764.33,C100005872,317635.44,290871.11,C200006294,1883.87,28648.2,0,0
442,TRANSFER,756.2,C100000098,18102.12,17345.92,C200004252,23691.97,24448.17,0,0
442,TRANSFER,15684.5,C100000209,38868.91,23184.41,C200005553,34241.85,49926.35,0,0
442,TRANSFER,376.97,C100000497,23830.18,23453.21,C200003937,19743.12,20120.09,0,0
442,TRANSFER,612.97,C100000578,23449.98,22837.01,C200005132,2839.71,3452.68,0,0
442,TRANSFER,950.21,C100000987,106300.38,105350.17,C200002586,95578.52,96528.73,0,0
442,TRANSFER,5490.2,C100001605,10229.070619270353,4738.87,C200005579,10894.24,16384.44,0,0
442,TRANSFER,1846.56,C100002100,70443.1,68596.54,C200004647,21225.53,23072.09,0,0
442,TRANSFER,368.57,C100002184,72602.58,72234.01,C200005142,85293.14,85661.71,0,0
442,TRANSFER,1278.33,C100002498,46827.67,45549.34,C200005854,19669.74,20948.07,0,0
442,TRANSFER,9744.88,C100002624,81356.84,71611.96,C200005805,42557.33,52302.21,0,0
442,TRANSFER,679.18,C100002955,87926.24,87247.06,C200004571,8525.71,9204.89,0,0
442,TRANSFER,15418.77,C100003117,19729.84,4311.07,C200001184,61367.43,76786.2,0,0
442,TRANSFER,1757.25,C100003307,23571.25,21814.0,C200005001,6673.62,8430.87,0,0
442,TRANSFER,3493.65,C100003331,14069.86,10576.21,C200006391,38789.02,42282.67,0,0
442,TRANSFER,172.31,C100003707,13268.2,13095.89,C200005422,8104.24,8276.55,0,0
442,TRANSFER,2061.58,C100003981,65474.41,63412.83,C200004395,49315.0,51376.58,0,0
442,TRANSFER,6885.22,C100004816,11162.7,4277.48,C200006418,10390.77,17275.99,0,0
442,TRANSFER,1981.64,C100005313,14188.0,12206.36,C200002696,25049.93,27031.57,0,0
442,TRANSFER,1696.79,C100005381,233570.61,231873.82,C200004273,15720.84,17417.63,0,0
442,TRANSFER,2391.55,C100005510,41080.59,38689.04,C200001826,3651.56,6043.11,0,0
442,TRANSFER,3955.79,C100006161,71281.02,67325.23,C200003629,20678.88,24634.67,0,0
442,TRANSFER,2426.66,C100006777,4709.505394197382,2282.85,C200000910,52674.87,55101.53,0,0
443,TRANSFER,263.34,C100000184,64512.9,64249.56,C200001138,16701.39,16964.73,0,0
443,TRANSFER,5649.75,C100000875,95282.36,89632.61,C200001953,9078.9,14728.65,0,0
443,TRANSFER,902.95,C100001365,93422.08,92519.13,C200005200,40245.35,41148.3,0,0
443,TRANSFER,12460.15,C100001928,72503.27,60043.12,C200002481,2016.2,14476.35,0,0
443,TRANSFER,2652.57,C100002295,63719.2,61066.63,C200005198,9451.44,12104.01,0,0
443,TRANSFER,1016.67,C100002801,35810.05,34793.38,C200001098,13548.06,14564.73,0,0
443,TRANSFER,1266.19,C100003323,37849.25,36583.06,C200000038,22200.82,23467.01,0,0
443,TRANSFER,5525.01,C100004129,169510.83,163985.82,C200002273,14670.36,20195.37,0,0
443,TRANSFER,3860.96,C100004367,21100.14,17239.18,C200004413,7059.33,10920.29,0,0
443,TRANSFER,1088.87,C100004683,15221.14,14132.27,C200002788,4066.67,5155.54,0,0
443,TRANSFER,1041.37,C100005734,11254.09,10212.72,C200004986,23930.56,24971.93,0,0
443,TRANSFER,6802.98,C100006408,15666.31,8863.33,C200000126,118740.67,125543.65,0,0
444,TRANSFER,1905.87,C100000753,91969.65,90063.78,C200005777,35352.98,37258.85,0,0
444,TRANSFER,378.74,C100001070,19805.79,19427.05,C200000980,12072.73,12451.47,0,0
444,TRANSFER,403.4,C100002091,62096.41,61693.01,C200003026,213301.21,213704.61,0,0
444,TRANSFER,856.63,C100002472,40976.25,40119.62,C200000860,3365.09,4221.72,0,0
444,TRANSFER,1645.9,C100002646,7610.53,5964.63,C200001122,13131.83,14777.73,0,0
444,TRANSFER,2239.01,C100002964,5739.390652073987,3500.38,C200005906,8405.52,10644.53,0,0
444,TRANSFER,6983.72,C100002964,16236.07,9252.35,C200005910,82027.75,89011.47,0,0
444,TRANSFER,4354.23,C100003586,7010.711492550213,2656.48,C200003984,11272.21,15626.44,0,0
444,TRANSFER,5355.15,C100005245,35886.18,30531.03,C200005634,14354.03,19709.18,0,0
445,TRANSFER,981.41,C100000113,5712.71,4731.3,C200006075,11274.44,12255.85,0,0
445,TRANSFER,8233.2,C100000402,27225.57,18992.37,C200004572,59597.81,67831.01,0,0
445,TRANSFER,8550.25,C100000664,10604.666169563094,2054.42,C200005324,63970.11,72520.36,0,0
445,TRANSFER,5945.62,C100001666,30631.01,24685.39,C200000896,72778.57,78724.19,0,0
445,TRANSFER,2969.75,C100003963,5598.272961795537,2628.52,C200003168,16249.42,19219.17,0,0
445,TRANSFER,921.56,C100004820,197964.39,197042.83,C200005691,23624.29,24545.85,0,0
445,TRANSFER,834.86,C100004956,74632.91,73798.05,C200006147,133322.81,134157.67,0,0
445,TRANSFER,1932.53,C100005192,55612.08,53679.55,C200000456,5962.29,7894.82,0,0
445,TRANSFER,41720.75,C100006131,43705.97223280914,1985.22,C200006408,28648.29,70369.04,0,0
445,TRANSFER,5872.95,C100006428,7210.7,1337.75,C200005142,74436.87,80309.82,0,0
445,TRANSFER,636.78,C100006898,438002.33,437365.55,C200004054,42565.05,43201.83,0,0
445,TRANSFER,4496.5,C100006954,9939.76,5443.26,C200000273,74081.21,78577.71,0,0
446,TRANSFER,1435.5,C100000794,6863.05,5427.55,C200000267,33011.52,34447.02,0,0
446,TRANSFER,619.66,C100000797,7063.58,6443.92,C200001597,121750.69,122370.35,0,0
446,TRANSFER,2546.3,C100000836,16021.27,13474.97,C200006300,14802.4,17348.7,0,0
446,TRANSFER,4388.02,C100000858,14318.73,9930.71,C200000555,202966.85,207354.87,0,0
446,TRANSFER,7040.94,C100001230,10867.321093012944,3826.38,C200003758,12428.85,19469.79,0,0
446,TRANSFER,9735.59,C100001280,13738.37,4002.78,C200000691,7237.56,16973.15,0,0
446,TRANSFER,5039.33,C100001783,12174.61,7135.28,C200003288,12675.69,17715.02,0,0
446,TRANSFER,3302.35,C100002735,33949.46,30647.11,C200004321,26133.81,29436.16,0,0
446,TRANSFER,7470.1,C100002823,25565.35,18095.25,C200006065,94288.46,101758.56,0,0
446,TRANSFER,13193.7,C100002840,33571.22,20377.52,C200000926,3855.07,17048.77,0,0
446,TRANSFER,393.53,C100004137,42059.29,41665.76,C200001735,4598.02,4991.55,0,0
446,TRANSFER,300.68,C100004582,7762.95,7462.27,C200001679,1849.88,2150.56,0,0
446,TRANSFER,1571.87,C100005197,39335.01,37763.14,C200004713,2786.6,4358.47,0,0
446,TRANSFER,3893.15,C100005530,23240.04,19346.89,C200005307,30448.65,34341.8,0,0
446,TRANSFER,17669.91,C100005599,18924.06783845455,1254.16,C200000049,18090.17,35760.08,0,0
446,TRANSFER,2300.31,C100006525,517525.84,515225.53,C200005359,181650.11,183950.42,0,0
447,TRANSFER,387.65,C100000042,16238.89,15851.24,C200006243,38735.55,39123.2,0,0
447,TRANSFER,8648.84,C100000089,55597.19,46948.35,C200003062,8217.96,16866.8,0,0
447,TRANSFER,5125.46,C100003528,328431.14,323305.68,C200003810,152947.94,158073.4,0,0
447,TRANSFER,1203.79,C100003901,11500.93,10297.14,C200002297,59512.93,60716.72,0,0
447,TRANSFER,13840.3,C100003958,202226.39,188386.09,C200003089,7802.52,21642.82,0,0
447,TRANSFER,661.77,C100004551,11991.52,11329.75,C200003771,30799.97,31461.74,0,0
447,TRANSFER,1865.7,C100005430,11611.61,9745.91,C200004019,54195.27,56060.97,0,0
447,TRANSFER,1657.16,C100005722,3662.870022570766,2005.71,C200005923,4621.3,6278.46,0,0
447,TRANSFER,3320.61,C100006111,150577.2,147256.59,C200005492,13015.96,16336.57,0,0
447,TRANSFER,2427.69,C100006136,5349.42,2921.73,C200005303,5601.14,8028.83,0,0
448,TRANSFER,360.96,C100000463,17572.56,17211.6,C200002574,26691.1,27052.06,0,0
448,TRANSFER,1940.31,C100001691,24166.79,22226.48,C200000364,59585.01,61525.32,0,0
448,TRANSFER,3993.81,C100002601,105294.34,101300.53,C200000826,128648.17,132641.98,0,0
448,TRANSFER,21934.97,C100003438,26532.73907237762,4597.77,C200001725,9123.67,31058.64,0,0
448,TRANSFER,661.03,C100003989,531450.84,530789.81,C200005020,26826.1,27487.13,0,0
448,TRANSFER,1553.23,C100004300,50878.04,49324.81,C200002878,2821.72,4374.95,0,0
448,TRANSFER,1684.78,C100004798,4526.411925460185,2841.63,C200000194,14280.74,15965.52,0,0
448,TRANSFER,3417.03,C100004901,5935.817687661658,2518.79,C200002265,16292.06,19709.09,0,0
448,TRANSFER,2512.22,C100005328,8299.83,5787.61,C200004767,2264.05,4776.27,0,0
448,TRANSFER,6943.8,C100005440,11327.135415645229,4383.34,C200004673,11780.01,18723.81,0,0
448,TRANSFER,18245.63,C100005629,20947.864872878126,2702.23,C200000265,37810.51,56056.14,0,0
448,TRANSFER,915.56,C100005743,16374.92,15459.36,C200004715,54490.61,55406.17,0,0
448,TRANSFER,526.96,C100005814,16460.93,15933.97,C200004698,11056.57,11583.53,0,0
448,TRANSFER,12990.47,C100006030,15230.653157354867,2240.18,C200005573,49386.31,62376.78,0,0
449,TRANSFER,609.52,C100000167,131945.33,131335.81,C200003503,4686.61,5296.13,0,0
449,TRANSFER,1657.76,C100000387,17088.65,15430.89,C200004434,16617.11,18274.87,0,0
449,TRANSFER,4204.69,C100001475,19223.69,15019.0,C200003962,5349.11,9553.8,0,0
449,TRANSFER,7901.81,C100001596,10313.775068616715,2411.97,C200003684,1877.72,9779.53,0,0
449,TRANSFER,16464.82,C100001636,19071.949975688472,2607.13,C200004822,27716.12,44180.94,0,0
449,TRANSFER,1021.48,C100001667,736230.06,735208.58,C200006462,8743.45,9764.93,0,0
449,TRANSFER,769.1,C100001778,18755.2,17986.1,C200005898,46121.21,46890.31,0,0
449,TRANSFER,5397.42,C100001784,162527.87,157130.45,C200005559,78557.78,83955.2,0,0
449,TRANSFER,2090.7,C100002169,209230.13,207139.43,C200002323,11002.45,13093.15,0,0
449,TRANSFER,43699.63,C100002936,45550.4268605757,1850.8,C200000947,2854.62,46554.25,0,0
449,TRANSFER,1096.31,C100003093,15086.93,13990.62,C200006279,81262.45,82358.76,0,0
449,TRANSFER,1180.07,C100004774,186369.88,185189.81,C200002066,8327.18,9507.25,0,0
449,TRANSFER,542.84,C100004874,17571.28,17028.44,C200001385,65846.2,66389.04,0,0
449,TRANSFER,902.62,C100005097,15894.79,14992.17,C200004125,1133.17,2035.79,0,0
449,TRANSFER,1703.23,C100005295,22432.47,20729.24,C200000595,18699.6,20402.83,0,0
449,TRANSFER,1939.72,C100006586,8352.66,6412.94,C200001122,18143.16,20082.88,0,0
449,TRANSFER,16523.99,C100006958,21503.34115388814,4979.35,C200005731,3394.25,19918.24,0,0
450,TRANSFER,1480.4,C100000332,22026.66,20546.26,C200004117,109785.45,111265.85,0,0
450,TRANSFER,7810.59,C100001534,16163.58,8352.99,C200000176,86272.08,94082.67,0,0
450,TRANSFER,902.07,C100001553,31204.72,30302.65,C200002506,5148.68,6050.75,0,0
450,TRANSFER,2709.0,C100002076,13146.49,10437.49,C200003621,43976.59,46685.59,0,0
450,TRANSFER,1467.25,C100002773,20341.13,18873.88,C200001774,9024.25,10491.5,0,0
450,TRANSFER,246.03,C100004215,65326.33,65080.3,C200005807,52220.92,52466.95,0,0
450,TRANSFER,464.26,C100004309,6058.36,5594.1,C200006054,11371.32,11835.58,0,0
450,TRANSFER,2891.03,C100004553,20296.9,17405.87,C200002423,15759.37,18650.4,0,0
450,TRANSFER,14701.39,C100004818,128265.66,113564.27,C200000398,20009.67,34711.06,0,0
450,TRANSFER,1701.29,C100005078,24856.64,23155.35,C200003908,19046.57,20747.86,0,0
450,TRANSFER,986.33,C100006120,13804.15,12817.82,C200005352,63000.88,63987.21,0,0
450,TRANSFER,7891.09,C100006144,22732.7,14841.61,C200002617,1026.17,8917.26,0,0
450,TRANSFER,2653.54,C100006268,77363.92,74710.38,C200002257,599184.49,601838.03,0,0
450,TRANSFER,13634.12,C100006271,13977.897826124039,343.78,C200003320,19036.55,32670.67,0,0
450,TRANSFER,6874.68,C100006700,29522.08,22647.4,C200000588,78769.27,85643.95,0,0
450,TRANSFER,650.66,C100006869,4879.185083987569,4228.53,C200000199,13598.02,14248.68,0,0
451,TRANSFER,965.07,C100000071,7547.05,6581.98,C200002168,6269.64,7234.71,0,0
451,TRANSFER,967.96,C100000482,7873.72,6905.76,C200001900,3314.53,4282.49,0,0
451,TRANSFER,855.12,C100000527,39554.72,38699.6,C200000505,18092.71,18947.83,0,0
451,TRANSFER,4150.26,C100000577,90327.08,86176.82,C200001886,12119.32,16269.58,0,0
451,TRANSFER,1735.93,C100001529,16673.01,14937.08,C200005222,4968.49,6704.42,0,0
451,TRANSFER,2547.56,C100001939,17943.1,15395.54,C200004608,22746.58,25294.14,0,0
451,TRANSFER,1752.53,C100001968,18129.56,16377.03,C200006077,36535.11,38287.64,0,0
451,TRANSFER,4276.46,C100002465,22524.71,18248.25,C200001075,13515.85,17792.31,0,0
451,TRANSFER,2193.98,C100003387,51319.99,49126.01,C200005285,45763.47,47957.45,0,0
451,TRANSFER,5263.06,C100003402,200393.3,195130.24,C200005325,34192.04,39455.1,0,0
451,TRANSFER,1341.31,C100003771,5340.256870696824,3998.95,C200001587,69910.58,71251.89,0,0
451,TRANSFER,466.1,C100005270,77262.58,76796.48,C200000956,8799.91,9266.01,0,0
451,TRANSFER,92.54,C100005463,78287.76,78195.22,C200004251,17184.04,17276.58,0,0
451,TRANSFER,857.81,C100005530,39695.55,38837.74,C200000131,48838.2,49696.01,0,0
451,TRANSFER,2468.04,C100005570,564749.15,562281.11,C200004181,109658.87,112126.91,0,0
451,TRANSFER,882.04,C100006171,10580.22,9698.18,C200001364,42532.98,43415.02,0,0
452,TRANSFER,449.84,C100000217,43928.03,43478.19,C200001686,5957.15,6406.99,0,0
452,TRANSFER,5501.71,C100001164,195488.2,189986.49,C200003276,26974.18,32475.89,0,0
452,TRANSFER,2913.81,C100001598,44945.05,42031.24,C200001161,107508.57,110422.38,0,0
452,TRANSFER,1020.65,C100002507,8067.26,7046.61,C200005640,13530.06,14550.71,0,0
452,TRANSFER,2871.62,C100002753,162521.33,159649.71,C200003838,3931.06,6802.68,0,0
452,TRANSFER,6484.66,C100004403,10263.146310603377,3778.49,C200006136,5127.92,11612.58,0,0
452,TRANSFER,2554.62,C100004610,25744.45,23189.83,C200003443,9463.06,12017.68,0,0
452,TRANSFER,592.72,C100005229,77096.63,76503.91,C200000014,10486.67,11079.39,0,0
452,TRANSFER,17861.81,C100005538,21180.709994574256,3318.9,C200005155,18827.02,36688.83,0,0
452,TRANSFER,2622.68,C100005769,14218.16,11595.48,C200003992,7509.32,10132.0,0,0
452,TRANSFER,32156.35,C100005837,35199.053282227615,3042.7,C200001508,187041.47,219197.82,0,0
452,TRANSFER,523.3,C100005998,38829.58,38306.28,C200004575,79754.57,80277.87,0,0
452,TRANSFER,2092.71,C100006739,17664.0,15571.29,C200001089,75487.88,77580.59,0,0
453,TRANSFER,3116.68,C100000242,131660.26,128543.58,C200003210,15261.81,18378.49,0,0
453,TRANSFER,1248.62,C100000664,61373.75,60125.13,C200001929,8084.85,9333.47,0,0
453,TRANSFER,1115.86,C100001624,228236.59,227120.73,C200002169,3967.5,5083.36,0,0
453,TRANSFER,643.63,C100003248,66771.37,66127.74,C200004990,11228.67,11872.3,0,0
453,TRANSFER,1361.18,C100003553,3035.39103094511,1674.21,C200004419,23304.18,24665.36,0,0
453,TRANSFER,779.33,C100003801,54004.63,53225.3,C200004764,11825.99,12605.32,0,0
453,TRANSFER,1210.65,C100003967,14845.99,13635.34,C200004723,85507.53,86718.18,0,0
453,TRANSFER,1376.19,C100004630,28877.94,27501.75,C200002026,10923.51,12299.7,0,0
453,TRANSFER,1894.69,C100004675,5560.908386744095,3666.22,C200001330,26594.28,28488.97,0,0
453,TRANSFER,1587.18,C100005430,95258.77,93671.59,C200004435,2133.21,3720.39,0,0
453,TRANSFER,19675.59,C100005803,24529.128389087662,4853.54,C200003718,32955.99,52631.58,0,0
453,TRANSFER,3264.18,C100006559,103647.32,100383.14,C200000739,6075.74,9339.92,0,0
453,TRANSFER,931.28,C100006816,401742.97,400811.69,C200002774,46042.09,46973.37,0,0
454,TRANSFER,14607.57,C100001905,76001.68,61394.11,C200002238,119395.23,134002.8,0,0
454,TRANSFER,1445.87,C100002252,4261.48,2815.61,C200003011,50233.73,51679.6,0,0
454,TRANSFER,30558.04,C100002516,236000.78,205442.74,C200003318,104421.2,134979.24,0,0
454,TRANSFER,1116.35,C100003396,25645.79,24529.44,C200005991,105957.0,107073.35,0,0
454,TRANSFER,708.92,C100004292,842358.21,841649.29,C200000775,26503.67,27212.59,0,0
454,TRANSFER,999.78,C100004586,23356.11,22356.33,C200002049,8166.38,9166.16,0,0
454,TRANSFER,2347.09,C100005690,68223.3,65876.21,C200001488,81949.52,84296.61,0,0
454,TRANSFER,533.38,C100006245,15341.48,14808.1,C200003855,4562.34,5095.72,0,0
455,TRANSFER,944.95,C100000551,52528.33,51583.38,C200001288,22127.16,23072.11,0,0
455,TRANSFER,9926.04,C100000924,14021.646881401806,4095.61,C200001600,2202.0,12128.04,0,0
455,TRANSFER,3461.25,C100001566,32740.5,29279.25,C200003692,13145.95,16607.2,0,0
455,TRANSFER,4046.4,C100001616,29700.21,25653.81,C200002180,14117.24,18163.64,0,0
455,TRANSFER,1081.74,C100002303,55564.4,54482.66,C200003827,14530.62,15612.36,0,0
455,TRANSFER,3762.32,C100003062,45161.47,41399.15,C200005065,4491.03,8253.35,0,0
455,TRANSFER,5775.56,C100003164,10630.06,4854.5,C200000428,23420.95,29196.51,0,0
455,TRANSFER,3945.66,C100003189,24894.36,20948.7,C200002434,43741.09,47686.75,0,0
455,TRANSFER,1222.24,C100003813,20552.31,19330.07,C200003345,7180.79,8403.03,0,0
455,TRANSFER,2654.29,C100004208,20076.36,17422.07,C200004773,45935.19,48589.48,0,0
455,TRANSFER,5646.06,C100005016,29702.14,24056.08,C200000238,1116.78,6762.84,0,0
455,TRANSFER,595.77,C100005156,17780.47,17184.7,C200005437,23766.17,24361.94,0,0
455,TRANSFER,2118.93,C100005983,23227.75,21108.82,C200005313,129322.06,131440.99,0,0
455,TRANSFER,1195.63,C100006005,150326.58,149130.95,C200000292,6647.7,7843.33,0,0
455,TRANSFER,5293.09,C100006953,61070.8,55777.71,C200002394,10867.78,16160.87,0,0
456,TRANSFER,1006.43,C100002086,26316.17,25309.74,C200006060,33557.6,34564.03,0,0
456,TRANSFER,20185.51,C100002192,23538.844375770503,3353.33,C200005976,61014.9,81200.41,0,0
456,TRANSFER,3446.83,C100003293,44291.18,40844.35,C200001577,745.47,4192.3,0,0
456,TRANSFER,292.75,C100003639,62660.03,62367.28,C200000577,40586.9,40879.65,0,0
456,TRANSFER,1183.93,C100003954,36394.44,35210.51,C200003581,28105.91,29289.84,0,0
456,TRANSFER,12699.2,C100004109,17345.82795777273,4646.63,C900006895,34912.51,47611.71,1,0
456,TRANSFER,1173.12,C100004450,15141.6,13968.48,C200003582,21831.72,23004.84,0,0
456,TRANSFER,5163.84,C100004895,34513.05,29349.21,C200001348,18884.59,24048.43,0,0
456,TRANSFER,12248.62,C100005964,331942.9,319694.28,C200003708,46645.22,58893.84,0,0
456,TRANSFER,9225.17,C100006156,25839.78,16614.61,C200002210,10564.32,19789.49,0,0
456,TRANSFER,1174.75,C100006428,42252.79,41078.04,C200004225,13182.96,14357.71,0,0
456,TRANSFER,342.82,C100006444,15246.62,14903.8,C200004543,394916.45,395259.27,0,0
456,TRANSFER,3011.63,C100006778,7413.035863080335,4401.41,C200004872,19732.94,22744.57,0,0
456,TRANSFER,664.07,C100006828,101451.72,100787.65,C200005270,29506.04,30170.11,0,0
456,TRANSFER,1236.1,C100006953,10565.18,9329.08,C200001879,21632.4,22868.5,0,0
457,TRANSFER,7415.2,C100000655,78153.43,70738.23,C200001194,12192.95,19608.15,0,0
457,TRANSFER,3047.04,C100001068,20518.22,17471.18,C200004623,8124.93,11171.97,0,0
457,TRANSFER,4187.54,C100001983,12343.47,8155.93,C200003125,15243.18,19430.72,0,0
457,TRANSFER,1382.44,C100002025,15645.09,14262.65,C200005775,6981.59,8364.03,0,0
457,TRANSFER,1152.15,C100003132,7992.79,6840.64,C200006194,9889.68,11041.83,0,0
457,TRANSFER,3526.17,C100003223,13338.02,9811.85,C200005070,407.23,3933.4,0,0
457,TRANSFER,977.07,C100003331,74614.33,73637.26,C200004226,14879.16,15856.23,0,0
457,TRANSFER,11459.27,C100005074,16104.285171390879,4645.02,C200004055,37991.81,49451.08,0,0
457,TRANSFER,2079.43,C100005158,48615.36,46535.93,C200002426,13211.73,15291.16,0,0
457,TRANSFER,1238.17,C100005410,12216.85,10978.68,C200004686,9285.91,10524.08,0,0
457,TRANSFER,4986.49,C100005572,46371.4,41384.91,C200006089,22031.44,27017.93,0,0
457,TRANSFER,949.41,C100005650,195255.55,194306.14,C200003440,7309.8,8259.21,0,0
457,TRANSFER,551.4,C100006512,4764.89,4213.49,C200003014,6597.29,7148.69,0,0
457,TRANSFER,726.37,C100006618,32053.39,31327.02,C200000982,89378.16,90104.53,0,0
458,TRANSFER,1553.76,C100000001,35625.78,34072.02,C200006463,13786.66,15340.42,0,0
458,TRANSFER,1784.91,C100001759,34254.84,32469.93,C200005324,5072.1,6857.01,0,0
458,TRANSFER,2666.3,C100002099,12722.44,10056.14,C200004313,37135.21,39801.51,0,0
458,TRANSFER,1585.92,C100002606,38841.2,37255.28,C200003385,7765.35,9351.27,0,0
458,TRANSFER,1502.04,C100003627,96947.17,95445.13,C200001700,28827.12,30329.16,0,0
458,TRANSFER,112.01,C100003665,466360.48,466248.47,C200003512,42499.52,42611.53,0,0
458,TRANSFER,1307.98,C100003788,121686.25,120378.27,C200005002,6720.56,8028.54,0,0
458,TRANSFER,4333.33,C100003891,19694.93,15361.6,C200000787,6228.6,10561.93,0,0
458,TRANSFER,5086.39,C100004303,28096.37,23009.98,C200006241,19541.23,24627.62,0,0
458,TRANSFER,4898.99,C100004321,27043.16,22144.17,C200000977,9491.61,14390.6,0,0
458,TRANSFER,2805.6,C100004427,41445.78,38640.18,C200004656,964.58,3770.18,0,0
458,TRANSFER,13760.24,C100004851,17620.766614361964,3860.53,C200002731,2836.93,16597.17,0,0
459,TRANSFER,2217.17,C100000588,5727.61,3510.44,C200004546,77700.16,79917.33,0,0
459,TRANSFER,436.91,C100000973,14243.13,13806.22,C200003725,29820.89,30257.8,0,0
459,TRANSFER,2312.99,C100001068,73316.88,71003.89,C200001304,117433.13,119746.12,0,0
459,TRANSFER,4947.82,C100002177,93000.3,88052.48,C200000065,3232.35,8180.17,0,0
459,TRANSFER,429.5,C100002638,3295.9261952362676,2866.43,C200003991,1615.03,2044.53,0,0
459,TRANSFER,4873.38,C100003236,17699.3,12825.92,C200002650,7925.67,12799.05,0,0
459,TRANSFER,8990.65,C100003323,66424.91,57434.26,C200005754,64489.9,73480.55,0,0
459,TRANSFER,1436.31,C100003348,14084.81,12648.5,C200002429,5018.91,6455.22,0,0
459,TRANSFER,6068.54,C100003865,54805.0,48736.46,C200006193,13797.77,19866.31,0,0
459,TRANSFER,3168.35,C100004097,269121.3,265952.95,C200006210,266808.21,269976.56,0,0
459,TRANSFER,816.84,C100004972,80487.45,79670.61,C200003486,94908.2,95725.04,0,0
459,TRANSFER,63475.07,C100005087,87670.32,24195.25,C200003994,2442.53,65917.6,0,0
459,TRANSFER,424.98,C100005798,23359.23,22934.25,C200000679,43673.83,44098.81,0,0
459,TRANSFER,1691.3,C100006096,13772.56,12081.26,C200004470,10545.15,12236.45,0,0
459,TRANSFER,1616.08,C100006654,11016.91,9400.83,C200006016,46183.25,47799.33,0,0
459,TRANSFER,2503.09,C100006906,25303.25,22800.16,C200003927,7721.24,10224.33,0,0
460,TRANSFER,4700.13,C100000105,15013.67,10313.54,C200003594,18453.94,23154.07,0,0
460,TRANSFER,8559.61,C100000223,11518.761044738501,2959.15,C200005855,13136.18,21695.79,0,0
460,TRANSFER,2134.25,C100000293,4075.3098460675915,1941.06,C200000598,44276.57,46410.82,0,0
460,TRANSFER,1985.89,C100001044,106611.35,104625.46,C200006310,68895.39,70881.28,0,0
460,TRANSFER,1732.67,C100001105,21455.16,19722.49,C200001245,9178.4,10911.07,0,0
460,TRANSFER,3207.07,C100001544,15815.98,12608.91,C200006078,7124.92,10331.99,0,0
460,TRANSFER,6675.09,C100001744,27821.04,21145.95,C200000224,2021.86,8696.95,0,0
460,TRANSFER,3028.13,C100002359,6841.674554590396,3813.54,C200004225,271217.2,274245.33,0,0
460,TRANSFER,4563.3,C100003301,7164.474887967058,2601.17,C200006336,16066.66,20629.96,0,0
460,TRANSFER,5149.86,C100003562,114609.14,109459.28,C200005343,21577.83,26727.69,0,0
460,TRANSFER,1012.93,C100004100,76156.41,75143.48,C200000192,2944.08,3957.01,0,0
460,TRANSFER,878.29,C100004484,25915.78,25037.49,C200002503,21712.78,22591.07,0,0
460,TRANSFER,61534.58,C100005413,66294.46450592039,4759.88,C900005207,6745.44,68280.02,1,0
460,TRANSFER,952.83,C100006529,46587.59,45634.76,C200000814,69607.65,70560.48,0,0
461,TRANSFER,1590.03,C100000196,48451.25,46861.22,C200004001,41212.0,42802.03,0,0
461,TRANSFER,654.59,C100000828,941571.81,940917.22,C200001172,193564.81,194219.4,0,0
461,TRANSFER,6252.04,C100001932,8428.478934729144,2176.44,C200002031,14893.46,21145.5,0,0
461,TRANSFER,1132.37,C100002034,3609.86,2477.49,C200003291,18036.67,19169.04,0,0
461,TRANSFER,650.03,C100002440,106855.21,106205.18,C200000823,4369.44,5019.47,0,0
461,TRANSFER,2010.0,C100002740,32327.62,30317.62,C200001455,8225.47,10235.47,0,0
461,TRANSFER,6798.08,C100003151,14559.9,7761.82,C200003531,62425.27,69223.35,0,0
461,TRANSFER,1210.73,C100003211,10161.21,8950.48,C200000455,45446.63,46657.36,0,0
461,TRANSFER,318.06,C100005106,31897.55,31579.49,C200002455,112832.16,113150.22,0,0
461,TRANSFER,2607.74,C100005266,47772.87,45165.13,C200002580,108452.1,111059.84,0,0
461,TRANSFER,2722.08,C100005296,4437.06,1714.98,C200001042,23554.93,26277.01,0,0
461,TRANSFER,489.63,C100005477,42734.59,42244.96,C200006017,229341.45,229831.08,0,0
461,TRANSFER,6743.62,C100006605,35444.84,28701.22,C200000061,13359.67,20103.29,0,0
461,TRANSFER,1410.34,C100006613,8348.38,6938.04,C200001289,2311.56,3721.9,0,0
461,TRANSFER,1005.72,C100006900,9296.68,8290.96,C200005597,39307.84,40313.56,0,0
462,TRANSFER,1943.5,C100000227,16903.51,14960.01,C200003813,33062.16,35005.66,0,0
462,TRANSFER,878.88,C100000323,2583.995311219409,1705.12,C200001726,25508.92,26387.8,0,0
462,TRANSFER,745.56,C100000670,13772.63,13027.07,C200002626,26416.07,27161.63,0,0
462,TRANSFER,1463.06,C100001104,53673.17,52210.11,C200003397,13825.62,15288.68,0,0
462,TRANSFER,10096.51,C100001405,21993.76,11897.25,C200003924,85193.45,95289.96,0,0
462,TRANSFER,919.75,C100002512,11229.52,10309.77,C200002462,40686.03,41605.78,0,0
462,TRANSFER,2912.0,C100002752,104756.58,101844.58,C200001099,182015.66,184927.66,0,0
462,TRANSFER,2089.72,C100002891,12933.08,10843.36,C200000442,4075.79,6165.51,0,0
462,TRANSFER,12609.71,C100003062,30894.28,18284.57,C200000490,16497.46,29107.17,0,0
462,TRANSFER,1475.56,C100003246,33390.33,31914.77,C200002550,129887.28,131362.84,0,0
462,TRANSFER,4491.92,C100003401,101139.34,96647.42,C200001815,45563.7,50055.62,0,0
462,TRANSFER,554.67,C100003487,24207.71,23653.04,C200005913,34401.49,34956.16,0,0
462,TRANSFER,24309.49,C100004310,25736.46526149009,1426.98,C200000229,40425.96,64735.45,0,0
462,TRANSFER,1149.37,C100004550,108918.1,107768.73,C200000310,11474.83,12624.2,0,0
462,TRANSFER,980.12,C100004651,18521.8,17541.68,C200001826,27398.51,28378.63,0,0
462,TRANSFER,3649.48,C100005012,10057.44,6407.96,C200002821,5238.82,8888.3,0,0
462,TRANSFER,777.79,C100005235,79230.22,78452.43,C200003226,3965.86,4743.65,0,0
462,TRANSFER,4530.01,C100005311,156469.15,151939.14,C200005270,82678.87,87208.88,0,0
462,TRANSFER,1608.62,C100005323,45600.82,43992.2,C200004555,79673.73,81282.35,0,0
462,TRANSFER,2911.47,C100006439,3383.3818377467533,471.91,C200000130,20113.29,23024.76,0,0
462,TRANSFER,638.41,C100006964,41717.15,41078.74,C200006288,2376.61,3015.02,0,0
463,TRANSFER,190.07,C100000462,2802.9593621380836,2612.89,C200000927,2281.31,2471.38,0,0
463,TRANSFER,18661.45,C100001637,22722.69561973271,4061.25,C200002508,8831.26,27492.71,0,0
463,TRANSFER,622.79,C100001680,12938.59,12315.8,C200001934,8534.03,9156.82,0,0
463,TRANSFER,4993.04,C100003384,24256.98,19263.94,C200005185,96494.59,101487.63,0,0
463,TRANSFER,1330.64,C100003967,15868.51,14537.87,C200000881,11477.98,12808.62,0,0
463,TRANSFER,15090.21,C100005434,17219.967917571208,2129.76,C200003057,4234.23,19324.44,0,0
463,TRANSFER,8380.68,C100006519,25043.27,16662.59,C200006005,216202.54,224583.22,0,0
463,TRANSFER,6180.23,C100006706,11900.44,5720.21,C200000671,10065.38,16245.61,0,0
463,TRANSFER,2944.17,C100006966,43688.68,40744.51,C200001383,1856.53,4800.7,0,0
464,TRANSFER,3376.84,C100000050,169510.71,166133.87,C200006268,28838.05,32214.89,0,0
464,TRANSFER,2062.81,C100000158,6103.92,4041.11,C200003544,74791.78,76854.59,0,0
464,TRANSFER,1410.46,C100000947,34538.54,33128.08,C200002520,27071.3,28481.76,0,0
464,TRANSFER,5766.95,C100002813,23383.84,17616.89,C200006056,12742.5,18509.45,0,0
464,TRANSFER,9282.66,C100002901,11944.951573336977,2662.29,C200004390,48671.33,57953.99,0,0
464,TRANSFER,2017.67,C100002917,45238.94,43221.27,C200000534,384423.74,386441.41,0,0
464,TRANSFER,4641.71,C100003520,12281.56,7639.85,C200006173,18000.15,22641.86,0,0
464,TRANSFER,1215.37,C100004785,35490.6,34275.23,C200002170,26782.0,27997.37,0,0
464,TRANSFER,748.35,C100004809,87996.43,87248.08,C200000811,34908.05,35656.4,0,0
464,TRANSFER,6907.94,C100004818,355113.87,348205.93,C200000248,225660.75,232568.69,0,0
464,TRANSFER,1847.08,C100005023,27646.14,25799.06,C200002802,252486.34,254333.42,0,0
464,TRANSFER,5932.6,C100005449,39724.05,33791.45,C200000814,41035.67,46968.27,0,0
464,TRANSFER,21439.41,C100005754,43490.39,22050.98,C200001129,28463.48,49902.89,0,0
464,TRANSFER,6060.5,C100006539,7477.241966858263,1416.74,C200005192,14159.96,20220.46,0,0
465,TRANSFER,7601.67,C100000288,12606.0,5004.33,C200003260,6058.7,13660.37,0,0
465,TRANSFER,18271.42,C100000450,19408.11521783155,1136.7,C200003107,11885.52,30156.94,0,0
465,TRANSFER,1131.67,C100001086,5052.736480124314,3921.07,C200004688,15257.11,16388.78,0,0
465,TRANSFER,2457.67,C100001173,202766.27,200308.6,C200001963,37364.14,39821.81,0,0
465,TRANSFER,1505.12,C100005330,10322.18,8817.06,C200004575,155384.36,156889.48,0,0
465,TRANSFER,3245.54,C100005690,35412.7,32167.16,C200001995,106697.51,109943.05,0,0
465,TRANSFER,3436.7,C100006581,204254.82,200818.12,C200002062,4618.78,8055.48,0,0
466,TRANSFER,2575.18,C100001527,210086.06,207510.88,C200003898,62921.98,65497.16,0,0
466,TRANSFER,1589.91,C100001987,88400.05,86810.14,C200004797,206628.72,208218.63,0,0
466,TRANSFER,1028.43,C100002177,188935.88,187907.45,C200003766,1417.51,2445.94,0,0
466,TRANSFER,3889.04,C100002183,341211.84,337322.8,C200002387,5907.74,9796.78,0,0
466,TRANSFER,1782.12,C100002475,23888.12,22106.0,C200005980,315027.78,316809.9,0,0
466,TRANSFER,1503.17,C100002772,44559.04,43055.87,C200003428,27143.0,28646.17,0,0
466,TRANSFER,1336.49,C100002941,81803.76,80467.27,C200003838,20618.25,21954.74,0,0
466,TRANSFER,3559.27,C100003494,35656.5,32097.23,C200004995,1696.74,5256.01,0,0
466,TRANSFER,4169.93,C100005205,20006.98,15837.05,C200002448,4274.82,8444.75,0,0
466,TRANSFER,17400.79,C100005387,68886.74,51485.95,C200003183,79166.11,96566.9,0,0
466,TRANSFER,1700.28,C100005793,42212.78,40512.5,C200000384,6319.51,8019.79,0,0
466,TRANSFER,3646.93,C100005944,7637.15,3990.22,C200001263,5716.07,9363.0,0,0
466,TRANSFER,496.67,C100006175,46995.9,46499.23,C200004736,9804.09,10300.76,0,0
467,TRANSFER,719.86,C100000552,29740.87,29021.01,C200002819,24213.55,24933.41,0,0
467,TRANSFER,1577.32,C100000695,22029.7,20452.38,C200005657,86250.49,87827.81,0,0
467,TRANSFER,12197.93,C100001183,84520.56,72322.63,C200001636,7412.12,19610.05,0,0
467,TRANSFER,9010.43,C100001963,31297.93,22287.5,C200005192,11776.33,20786.76,0,0
467,TRANSFER,1864.16,C100002489,56174.39,54310.23,C200005691,25508.81,27372.97,0,0
467,TRANSFER,582.25,C100003355,224349.88,223767.63,C200000177,74383.9,74966.15,0,0
467,TRANSFER,5200.14,C100003370,80190.62,74990.48,C200002460,13728.84,18928.98,0,0
467,TRANSFER,3439.28,C100003837,8237.83,4798.55,C200004689,84564.37,88003.65,0,0
467,TRANSFER,2340.99,C100003849,11704.65,9363.66,C200005591,28186.92,30527.91,0,0
467,TRANSFER,556.56,C100003969,122488.95,121932.39,C200000788,2806.18,3362.74,0,0
467,TRANSFER,3499.11,C100004168,34649.7,31150.59,C200005625,4121.42,7620.53,0,0
467,TRANSFER,5522.7,C100005327,8566.267210445692,3043.57,C200000764,21479.19,27001.89,0,0
467,TRANSFER,10212.23,C100005857,251330.55,241118.32,C200003234,3451.93,13664.16,0,0
467,TRANSFER,4047.66,C100006827,57980.31,53932.65,C200000049,3594.5,7642.16,0,0
468,TRANSFER,189.92,C100000215,37979.74,37789.82,C200005679,31240.87,31430.79,0,0
468,TRANSFER,3277.58,C100000232,99807.74,96530.16,C200005244,5685.54,8963.12,0,0
468,TRANSFER,903.93,C100000694,68495.22,67591.29,C200001238,8119.85,9023.78,0,0
468,TRANSFER,1644.12,C100000774,44103.34,42459.22,C200001264,10267.67,11911.79,0,0
468,TRANSFER,14068.61,C100001024,17525.511788227785,3456.9,C200001284,3788.65,17857.26,0,0
468,TRANSFER,25233.01,C100001230,44983.72,19750.71,C200004891,15689.92,40922.93,0,0
468,TRANSFER,1425.12,C100001627,40887.29,39462.17,C200001915,8444.0,9869.12,0,0
468,TRANSFER,182.05,C100001701,4943.72,4761.67,C200002307,41201.26,41383.31,0,0
468,TRANSFER,3303.5,C100001819,11902.46,8598.96,C200005576,58674.68,61978.18,0,0
468,TRANSFER,2873.63,C100001877,4761.741497396589,1888.11,C200004341,55620.12,58493.75,0,0
468,TRANSFER,2826.02,C100002191,9805.16,6979.14,C200001149,58657.41,61483.43,0,0
468,TRANSFER,1669.15,C100002492,14301.04,12631.89,C200002296,4071.71,5740.86,0,0
468,TRANSFER,424.01,C100002636,14906.6,14482.59,C200002195,6180.56,6604.57,0,0
468,TRANSFER,5330.07,C100002941,8188.18,2858.11,C200006380,136106.69,141436.76,0,0
468,TRANSFER,352.3,C100002960,19786.29,19433.99,C200002623,32175.04,32527.34,0,0
468,TRANSFER,468.51,C100003180,33633.74,33165.23,C200004608,240924.54,241393.05,0,0
468,TRANSFER,3167.54,C100003440,13592.01,10424.47,C200002964,532070.4,535237.94,0,0
468,TRANSFER,8217.77,C100004965,27835.33,19617.56,C200004945,190145.72,198363.49,0,0
468,TRANSFER,1517.0,C100005358,141442.38,139925.38,C200002702,11413.57,12930.57,0,0
468,TRANSFER,2319.99,C100006081,50514.17,48194.18,C200004374,4558.29,6878.28,0,0
469,TRANSFER,1679.82,C100001756,100501.23,98821.41,C200003127,86738.51,88418.33,0,0
469,TRANSFER,677.37,C100002102,115929.02,115251.65,C200003621,89340.27,90017.64,0,0
469,TRANSFER,7751.69,C100002125,18505.46,10753.77,C200005539,22607.0,30358.69,0,0
469,TRANSFER,910.76,C100002236,24748.0,23837.24,C200001230,2973.73,3884.49,0,0
469,TRANSFER,1706.83,C100003200,33744.47,32037.64,C200003109,137953.72,139660.55,0,0
469,TRANSFER,487.63,C100004678,100027.32,99539.69,C200000267,8507.62,8995.25,0,0
469,TRANSFER,202.61,C100005404,229053.37,228850.76,C200001145,17273.02,17475.63,0,0
469,TRANSFER,1465.41,C100005429,17461.38,15995.97,C200004130,26955.97,28421.38,0,0
469,TRANSFER,1315.51,C100006044,149922.43,148606.92,C200000939,7169.19,8484.7,0,0
470,TRANSFER,51879.54,C100000059,65557.06,13677.52,C900000632,3151.0,55030.54,1,0
470,TRANSFER,5360.2,C100000495,26203.34,20843.14,C200002237,24161.49,29521.69,0,0
470,TRANSFER,147.83,C100000739,12073.53,11925.7,C200005457,144213.75,144361.58,0,0
470,TRANSFER,890.5,C100003013,24571.74,23681.24,C200004436,685293.83,686184.33,0,0
470,TRANSFER,10583.96,C100003258,30639.34,20055.38,C200006272,3838.45,14422.41,0,0
470,TRANSFER,5487.54,C100003466,302193.23,296705.69,C200001013,57782.9,63270.44,0,0
470,TRANSFER,1243.31,C100004369,14501.92,13258.61,C200002536,1000000.0,1001243.31,0,0
470,TRANSFER,902.19,C100005445,5899.38,4997.19,C200002668,48267.1,49169.29,0,0
470,TRANSFER,365.48,C100005538,10514.95,10149.47,C200004612,161705.32,162070.8,0,0
470,TRANSFER,936.52,C100005664,5352.93,4416.41,C200001161,66011.34,66947.86,0,0
470,TRANSFER,684.46,C100006312,22444.58,21760.12,C200004954,64519.4,65203.86,0,0
470,TRANSFER,2127.04,C100006759,10610.92,8483.88,C200000023,13635.08,15762.12,0,0
471,TRANSFER,410.91,C100000222,12658.48,12247.57,C200001520,40501.4,40912.31,0,0
471,TRANSFER,2673.43,C100000561,32635.96,29962.53,C200005996,48582.13,51255.56,0,0
471,TRANSFER,2349.76,C100000753,9609.22,7259.46,C200005319,5040.29,7390.05,0,0
471,TRANSFER,1872.78,C100002403,81878.22,80005.44,C200002602,14222.5,16095.28,0,0
471,TRANSFER,6239.53,C100003053,120727.9,114488.37,C200001401,3834.45,10073.98,0,0
471,TRANSFER,2826.12,C100003107,52616.93,49790.81,C200000547,3497.31,6323.43,0,0
471,TRANSFER,1761.17,C100003262,7528.48,5767.31,C200004831,13344.02,15105.19,0,0
471,TRANSFER,702.2,C100003634,51076.69,50374.49,C200002835,151589.68,152291.88,0,0
471,TRANSFER,8433.57,C100004404,53787.62,45354.05,C200000139,22294.36,30727.93,0,0
471,TRANSFER,3734.18,C100004464,83555.2,79821.02,C200002873,23764.51,27498.69,0,0
471,TRANSFER,20541.98,C100004550,23422.77816610826,2880.8,C200001978,39802.98,60344.96,0,0
471,TRANSFER,1433.2,C100004647,1489.68,56.48,C200006469,6442.89,7876.09,0,0
471,TRANSFER,1611.7,C100005063,2838.574077803778,1226.87,C200006422,25800.54,27412.24,0,0
471,TRANSFER,2741.99,C100005134,61398.95,58656.96,C200003923,11862.32,14604.31,0,0
471,TRANSFER,733.21,C100005168,12161.87,11428.66,C200004878,113979.39,114712.6,0,0
471,TRANSFER,1921.24,C100005308,46807.46,44886.22,C200001250,67526.56,69447.8,0,0
471,TRANSFER,4347.17,C100005832,100068.89,95721.72,C200002739,16450.12,20797.29,0,0
471,TRANSFER,709.52,C100006189,138299.93,137590.41,C200005630,31979.52,32689.04,0,0
472,TRANSFER,4025.0,C100000066,8092.23989319859,4067.24,C200003121,41730.51,45755.51,0,0
472,TRANSFER,5785.93,C100000606,23859.6,18073.67,C200005479,2657.3,8443.23,0,0
472,TRANSFER,3821.88,C100000754,180028.88,176207.0,C200000755,62309.84,66131.72,0,0
472,TRANSFER,1104.75,C100000961,6884.97,5780.22,C200001284,41879.82,42984.57,0,0
472,TRANSFER,6018.29,C100001355,15860.2,9841.91,C200003138,7196.65,13214.94,0,0
472,TRANSFER,912.53,C100002110,4992.314786286539,4079.78,C200004627,14861.0,15773.53,0,0
472,TRANSFER,5472.48,C100003294,115629.4,110156.92,C200002073,16843.25,22315.73,0,0
472,TRANSFER,3016.48,C100003769,82130.69,79114.21,C200003385,1094.13,4110.61,0,0
472,TRANSFER,3217.28,C100004666,7574.504467672294,4357.22,C200005068,17780.95,20998.23,0,0
472,TRANSFER,7839.4,C100004678,49201.66,41362.26,C200002640,8373.64,16213.04,0,0
472,TRANSFER,5557.9,C100004810,41870.81,36312.91,C200006219,5371.71,10929.61,0,0
472,TRANSFER,296.66,C100004837,349853.31,349556.65,C200006275,82671.7,82968.36,0,0
472,TRANSFER,6228.66,C100005076,7965.139155805317,1736.48,C200001043,9860.02,16088.68,0,0
472,TRANSFER,900.39,C100005469,71557.33,70656.94,C200000009,11021.63,11922.02,0,0
472,TRANSFER,2778.0,C100005831,49470.89,46692.89,C200000848,29788.23,32566.23,0,0
473,TRANSFER,2462.88,C100000315,25184.56,22721.68,C200006123,629580.96,632043.84,0,0
473,TRANSFER,3722.93,C100000453,12551.23,8828.3,C200005579,93068.73,96791.66,0,0
473,TRANSFER,7050.41,C100001168,26086.0,19035.59,C200002867,3629.15,10679.56,0,0
473,TRANSFER,6480.69,C100001532,7750.804828625515,1270.11,C200004165,184203.43,190684.12,0,0
473,TRANSFER,462.2,C100001585,24624.93,24162.73,C200004937,15259.18,15721.38,0,0
473,TRANSFER,1832.84,C100001731,27812.01,25979.17,C200005343,2065.8,3898.64,0,0
473,TRANSFER,2426.98,C100002376,5800.361707531632,3373.38,C200001281,10261.21,12688.19,0,0
473,TRANSFER,1298.76,C100003488,124150.64,122851.88,C200006026,26054.48,27353.24,0,0
473,TRANSFER,630.94,C100004211,12643.17,12012.23,C200002887,23543.81,24174.75,0,0
473,TRANSFER,18169.23,C100004691,1000000.0,981830.77,C200003180,24621.79,42791.02,0,0
473,TRANSFER,1834.69,C100005275,35184.96,33350.27,C200000673,11868.33,13703.02,0,0
473,TRANSFER,3796.86,C100005885,207941.07,204144.21,C200004375,227353.55,231150.41,0,0
473,TRANSFER,1635.1,C100006077,35327.32,33692.22,C200003461,12191.32,13826.42,0,0
474,TRANSFER,15680.55,C100000698,25830.43,10149.88,C200001054,10845.61,26526.16,0,0
474,TRANSFER,2762.68,C100002193,156692.25,153929.57,C200004707,135286.11,138048.79,0,0
474,TRANSFER,761.64,C100002762,56708.61,55946.97,C200000274,96116.92,96878.56,0,0
474,TRANSFER,11954.02,C100002861,67115.63,55161.61,C200003179,11344.42,23298.44,0,0
474,TRANSFER,6147.51,C100003122,10279.929445401656,4132.42,C200002007,16746.78,22894.29,0,0
474,TRANSFER,1743.14,C100003563,14911.34,13168.2,C200001327,10656.61,12399.75,0,0
474,TRANSFER,11138.84,C100004619,15819.34097837099,4680.5,C200001500,6418.0,17556.84,0,0
474,TRANSFER,15295.46,C100004739,25056.54,9761.08,C200003837,16582.57,31878.03,0,0
474,TRANSFER,2448.34,C100005106,345706.96,343258.62,C200006244,4594.43,7042.77,0,0
474,TRANSFER,2068.26,C100005783,32032.24,29963.98,C200005977,627865.08,629933.34,0,0
474,TRANSFER,4554.4,C100006180,72858.11,68303.71,C200002333,39401.23,43955.63,0,0
474,TRANSFER,4454.86,C100006402,5714.56,1259.7,C200001519,16283.69,20738.55,0,0
474,TRANSFER,5734.36,C100006442,23322.73,17588.37,C200005688,9136.07,14870.43,0,0
474,TRANSFER,7914.17,C100006844,15705.36,7791.19,C200002798,6170.7,14084.87,0,0
475,TRANSFER,10136.27,C100000145,10137.163163999832,0.89,C200005781,25759.23,35895.5,0,0
475,TRANSFER,5281.35,C100000628,206957.47,201676.12,C200003670,105938.43,111219.78,0,0
475,TRANSFER,14069.03,C100001290,1000000.0,985930.97,C200002907,34501.41,48570.44,0,0
475,TRANSFER,1445.06,C100001786,24318.29,22873.23,C200003457,2487.48,3932.54,0,0
475,TRANSFER,4632.01,C100002101,7581.58,2949.57,C200006223,16183.57,20815.58,0,0
475,TRANSFER,11768.57,C100003893,35016.48,23247.91,C200004225,19930.47,31699.04,0,0
475,TRANSFER,9716.64,C100004463,12600.68600489828,2884.05,C200001451,6654.87,16371.51,0,0
475,TRANSFER,3785.31,C100005027,25257.11,21471.8,C200006193,143517.39,147302.7,0,0
475,TRANSFER,5866.27,C100005168,145316.98,139450.71,C200006137,28035.52,33901.79,0,0
475,TRANSFER,1322.69,C100005443,10096.35,8773.66,C200003579,10722.0,12044.69,0,0
475,TRANSFER,411.25,C100005939,32429.88,32018.63,C200003686,29977.43,30388.68,0,0
475,TRANSFER,2783.35,C100005961,131326.53,128543.18,C200002496,1110.55,3893.9,0,0
475,TRANSFER,1546.35,C100006049,29712.69,28166.34,C200004587,5887.35,7433.7,0,0
475,TRANSFER,7125.89,C100006780,47699.8,40573.91,C200003111,69829.62,76955.51,0,0
475,TRANSFER,3486.81,C100006829,23486.59,19999.78,C200000746,9762.98,13249.79,0,0
475,TRANSFER,8780.76,C100006880,11866.496225804955,3085.74,C200000699,4963.46,13744.22,0,0
476,TRANSFER,1416.88,C100000887,13513.02,12096.14,C200001660,20153.08,21569.96,0,0
476,TRANSFER,6924.64,C100001146,27307.22,20382.58,C200006239,9092.47,16017.11,0,0
476,TRANSFER,515.14,C100001308,10163.53,9648.39,C200002024,74318.57,74833.71,0,0
476,TRANSFER,343.57,C100001439,71844.29,71500.72,C200005669,12656.11,12999.68,0,0
476,TRANSFER,766.11,C100001904,403117.46,402351.35,C200004265,30548.05,31314.16,0,0
476,TRANSFER,7753.52,C100002516,39406.91,31653.39,C200005192,18598.19,26351.71,0,0
476,TRANSFER,386.35,C100002633,48287.08,47900.73,C200003040,17858.15,18244.5,0,0
476,TRANSFER,2747.75,C100003952,31328.71,28580.96,C200005918,13536.97,16284.72,0,0
476,TRANSFER,526.17,C100005045,135435.43,134909.26,C200005729,4169.83,4696.0,0,0
476,TRANSFER,1283.47,C100005330,152939.19,151655.72,C200000171,20747.31,22030.78,0,0
476,TRANSFER,1019.25,C100005362,361358.28,360339.03,C200003230,9743.85,10763.1,0,0
476,TRANSFER,9784.25,C100005762,57183.5,47399.25,C200003039,8545.41,18329.66,0,0
476,TRANSFER,2460.99,C100006000,22884.15,20423.16,C200000830,2296.85,4757.84,0,0
476,TRANSFER,18392.75,C100006149,23041.985348827093,4649.24,C200005532,42317.9,60710.65,0,0
476,TRANSFER,254.36,C100006174,15891.91,15637.55,C200005029,135402.0,135656.36,0,0
476,TRANSFER,1393.61,C100006587,52454.17,51060.56,C200005499,3467.29,4860.9,0,0
477,TRANSFER,945.01,C100001918,51593.6,50648.59,C200005340,7266.77,8211.78,0,0
477,TRANSFER,9442.59,C100003779,27604.18,18161.59,C200005147,16206.57,25649.16,0,0
477,TRANSFER,5597.28,C100004341,10461.51,4864.23,C200001246,17856.09,23453.37,0,0
477,TRANSFER,13829.63,C100004721,13954.090940956648,124.46,C200004271,7128.8,20958.43,0,0
477,TRANSFER,3269.4,C100004984,60252.42,56983.02,C200006067,5915.16,9184.56,0,0
477,TRANSFER,370.39,C100005031,101204.06,100833.67,C200005930,8300.61,8671.0,0,0
477,TRANSFER,2393.27,C100005321,148570.74,146177.47,C200003624,10239.44,12632.71,0,0
477,TRANSFER,860.91,C100005598,18051.41,17190.5,C200001251,31623.04,32483.95,0,0
477,TRANSFER,7493.13,C100005758,24936.2,17443.07,C200002390,89812.17,97305.3,0,0
477,TRANSFER,661.34,C100005803,46990.98,46329.64,C200002519,13068.24,13729.58,0,0
477,TRANSFER,1372.04,C100006026,9975.34,8603.3,C200002773,21625.8,22997.84,0,0
477,TRANSFER,768.99,C100006132,9725.75,8956.76,C200002441,13552.97,14321.96,0,0
477,TRANSFER,1128.24,C100006238,47319.87,46191.63,C200000415,908.89,2037.13,0,0
477,TRANSFER,4379.48,C100006402,32856.36,28476.88,C200004706,83659.07,88038.55,0,0
478,TRANSFER,1205.48,C100000581,4981.92952692192,3776.45,C200003902,30129.34,31334.82,0,0
478,TRANSFER,190.14,C100001169,93294.43,93104.29,C200000188,125242.51,125432.65,0,0
478,TRANSFER,2016.23,C100002248,74477.15,72460.92,C200002932,16525.85,18542.08,0,0
478,TRANSFER,356.12,C100002635,10624.72,10268.6,C200004108,12696.78,13052.9,0,0
478,TRANSFER,2711.05,C100002823,33477.78,30766.73,C200005849,6256.78,8967.83,0,0
478,TRANSFER,1757.83,C100002880,15315.36,13557.53,C200005658,23221.46,24979.29,0,0
478,TRANSFER,6140.8,C100003507,10684.027730322166,4543.23,C200002150,406899.35,413040.15,0,0
478,TRANSFER,793.42,C100004988,14258.65,13465.23,C200000758,5778.21,6571.63,0,0
478,TRANSFER,492.06,C100005349,95437.59,94945.53,C200001784,402440.84,402932.9,0,0
478,TRANSFER,3667.52,C100005856,58592.14,54924.62,C200002242,62203.22,65870.74,0,0
478,TRANSFER,10477.53,C100005906,13790.014282638604,3312.48,C200003030,69454.92,79932.45,0,0
478,TRANSFER,2592.82,C100006091,59382.89,56790.07,C200002094,51198.61,53791.43,0,0
479,TRANSFER,1565.76,C100001479,31781.78,30216.02,C200000587,19871.65,21437.41,0,0
479,TRANSFER,7357.75,C100002270,52030.85,44673.1,C200000150,38024.36,45382.11,0,0
479,TRANSFER,32947.39,C100002455,33953.7213256362,1006.33,C900007546,305089.63,338037.02,1,0
479,TRANSFER,1448.76,C100004037,38368.2,36919.44,C200002851,45871.17,47319.93,0,0
479,TRANSFER,6008.45,C100004075,26139.27,20130.82,C200001654,5334.29,11342.74,0,0
479,TRANSFER,7120.22,C100004454,8672.915061748492,1552.7,C200004181,4079.35,11199.57,0,0
479,TRANSFER,720.49,C100004837,56147.48,55426.99,C200005966,870.23,1590.72,0,0
479,TRANSFER,3227.78,C100004852,6540.9,3313.12,C200001309,7504.84,10732.62,0,0
479,TRANSFER,1068.31,C100004858,106611.15,105542.84,C200003513,7929.01,8997.32,0,0
479,TRANSFER,11953.12,C100004874,297158.02,285204.9,C200000681,70685.01,82638.13,0,0
480,TRANSFER,1891.47,C100001116,139483.01,137591.54,C200001961,9474.9,11366.37,0,0
480,TRANSFER,5799.76,C100001309,7772.09,1972.33,C200000536,20992.37,26792.13,0,0
480,TRANSFER,1444.25,C100001872,114661.93,113217.68,C200005382,185095.32,186539.57,0,0
480,TRANSFER,10030.55,C100002256,13249.99,3219.44,C900005431,12387.25,22417.8,1,0
480,TRANSFER,19262.62,C100002518,41721.51,22458.89,C200003495,29106.62,48369.24,0,0
480,TRANSFER,3419.7,C100002905,404464.25,401044.55,C200004079,33475.6,36895.3,0,0
480,TRANSFER,20361.49,C100003738,29679.41,9317.92,C200004523,15285.41,35646.9,0,0
480,TRANSFER,983.3,C100004710,48533.99,47550.69,C200002683,13363.23,14346.53,0,0
480,TRANSFER,1350.87,C100004989,17788.33,16437.46,C200002566,93340.23,94691.1,0,0
480,TRANSFER,1076.8,C100006703,5311.764766708714,4234.96,C200002756,3224.43,4301.23,0,0
480,TRANSFER,223.79,C100006712,61305.59,61081.8,C200002785,151802.11,152025.9,0,0
481,TRANSFER,2895.57,C100001118,29336.29,26440.72,C200000929,20318.03,23213.6,0,0
481,TRANSFER,4810.48,C100001380,34947.44,30136.96,C200003494,17406.84,22217.32,0,0
481,TRANSFER,495.35,C100001482,49580.22,49084.87,C200001777,2826.41,3321.76,0,0
481,TRANSFER,3057.6,C100001877,115416.29,112358.69,C200004150,30731.37,33788.97,0,0
481,TRANSFER,1883.39,C100003606,2245.3571253996256,361.97,C200000934,55364.4,57247.79,0,0
481,TRANSFER,350.8,C100004106,25540.72,25189.92,C200001034,19671.62,20022.42,0,0
481,TRANSFER,1132.42,C100004419,5637.526992846247,4505.11,C200002645,11021.73,12154.15,0,0
481,TRANSFER,610.45,C100005590,296354.87,295744.42,C200004224,21479.39,22089.84,0,0
481,TRANSFER,7458.62,C100005827,73058.85,65600.23,C200004359,246197.92,253656.54,0,0
481,TRANSFER,1214.69,C100006430,3648.2085732709706,2433.52,C200003089,53172.61,54387.3,0,0
481,TRANSFER,455.58,C100006850,40322.27,39866.69,C200004942,22692.3,23147.88,0,0
482,TRANSFER,992.26,C100000269,22712.17,21719.91,C200005115,61785.44,62777.7,0,0
482,TRANSFER,18918.06,C100004133,37404.71,18486.65,C900008394,2446.16,21364.22,1,0
482,TRANSFER,5095.06,C100004185,8324.432761356553,3229.37,C200002932,6469.26,11564.32,0,0
482,TRANSFER,2374.68,C100005352,10057.98,7683.3,C200006076,56912.94,59287.62,0,0
482,TRANSFER,1310.22,C100005574,6193.392181792442,4883.17,C200004755,6955.34,8265.56,0,0
482,TRANSFER,10234.1,C100006017,266906.27,256672.17,C900007521,22420.57,32654.67,1,0
483,TRANSFER,6194.4,C100000313,22220.12,16025.72,C200000698,23008.49,29202.89,0,0
483,TRANSFER,3976.7,C100000572,33100.32,29123.62,C200003681,52755.75,56732.45,0,0
483,TRANSFER,3518.88,C100001013,112751.3,109232.42,C200003403,15544.05,19062.93,0,0
483,TRANSFER,11861.33,C100001466,260485.96,248624.63,C900004354,154593.08,166454.41,1,0
483,TRANSFER,1213.44,C100001985,35034.91,33821.47,C200002930,10427.24,11640.68,0,0
483,TRANSFER,895.5,C100003653,24565.94,23670.44,C200005810,10096.85,10992.35,0,0
483,TRANSFER,21190.57,C100004759,25643.990450688136,4453.42,C200000770,46811.05,68001.62,0,0
483,TRANSFER,25567.07,C100005048,385425.74,359858.67,C200001868,67038.52,92605.59,0,0
483,TRANSFER,4584.55,C100005115,10574.85,5990.3,C200002795,14573.87,19158.42,0,0
483,TRANSFER,2123.09,C100005849,6582.51,4459.42,C900000913,26403.69,28526.78,1,0
483,TRANSFER,1582.45,C100006184,102868.61,101286.16,C200003007,34045.65,35628.1,0,0
483,TRANSFER,10268.13,C100006886,24562.52,14294.39,C200004039,32329.67,42597.8,0,0
484,TRANSFER,2012.37,C100000232,8987.8,6975.43,C200001620,12739.53,14751.9,0,0
484,TRANSFER,2521.96,C100000359,54860.07,52338.11,C200001105,72292.88,74814.84,0,0
484,TRANSFER,2609.31,C100001205,8790.51,6181.2,C200002297,35788.3,38397.61,0,0
484,TRANSFER,603.95,C100001671,27465.01,26861.06,C200003939,64150.6,64754.55,0,0
484,TRANSFER,22273.18,C100002063,45497.46,23224.28,C200006309,113284.39,135557.57,0,0
484,TRANSFER,1298.9,C100002331,37813.31,36514.41,C200004473,68322.97,69621.87,0,0
484,TRANSFER,8447.1,C100003521,56584.09,48136.99,C200004385,9132.26,17579.36,0,0
484,TRANSFER,391.84,C100004124,1374.42,982.58,C200004525,122544.21,122936.05,0,0
484,TRANSFER,2956.03,C100004274,87708.47,84752.44,C200006092,20137.76,23093.79,0,0
484,TRANSFER,2046.58,C100004769,40734.68,38688.1,C200003013,7447.3,9493.88,0,0
484,TRANSFER,5961.49,C100004913,174178.72,168217.23,C200002636,19613.2,25574.69,0,0
484,TRANSFER,1544.2,C100005653,16567.14,15022.94,C200000555,13882.09,15426.29,0,0
484,TRANSFER,11890.68,C100005751,27133.44,15242.76,C200002389,2722.56,14613.24,0,0
484,TRANSFER,4121.9,C100005876,26878.03,22756.13,C200002259,18398.71,22520.61,0,0
485,TRANSFER,3515.36,C100000531,125042.9,121527.54,C200002464,98577.03,102092.39,0,0
485,TRANSFER,4720.09,C100000865,6796.251024736319,2076.16,C200000201,6078.73,10798.82,0,0
485,TRANSFER,1459.58,C100001638,26588.37,25128.79,C200002380,69429.5,70889.08,0,0
485,TRANSFER,39234.88,C100001912,39742.82487371573,507.94,C200006148,2314.29,41549.17,0,0
485,TRANSFER,8161.95,C100002313,34947.17,26785.22,C200001869,41598.14,49760.09,0,0
485,TRANSFER,2824.03,C100002449,300986.64,298162.61,C200004633,35233.06,38057.09,0,0
485,TRANSFER,11058.56,C100003306,19258.23,8199.67,C200005048,47901.33,58959.89,0,0
485,TRANSFER,1933.86,C100003696,90796.74,88862.88,C200002299,42338.61,44272.47,0,0
485,TRANSFER,9447.52,C100003820,44433.24,34985.72,C200000891,51011.75,60459.27,0,0
485,TRANSFER,4112.4,C100003831,5918.17,1805.77,C200000536,179653.62,183766.02,0,0
485,TRANSFER,619.91,C100003860,12811.28,12191.37,C200002223,313356.72,313976.63,0,0
485,TRANSFER,1613.15,C100004156,15169.96,13556.81,C200001836,19543.61,21156.76,0,0
485,TRANSFER,202.7,C100004197,31031.34,30828.64,C200006052,57496.57,57699.27,0,0
485,TRANSFER,1127.62,C100004311,5689.0621800546,4561.44,C200003978,20335.06,21462.68,0,0
485,TRANSFER,424.48,C100004949,70440.54,70016.06,C200002230,19674.71,20099.19,0,0
485,TRANSFER,858.83,C100005198,17059.83,16201.0,C200002932,1644.03,2502.86,0,0
485,TRANSFER,837.71,C100006126,35232.03,34394.32,C200005176,60699.41,61537.12,0,0
486,TRANSFER,6890.67,C100000097,11777.697062719424,4887.03,C200002385,42612.48,49503.15,0,0
486,TRANSFER,12382.41,C100000163,20311.72,7929.31,C200005233,13678.75,26061.16,0,0
486,TRANSFER,10098.96,C100000188,12681.551577631313,2582.59,C200005460,26967.62,37066.58,0,0
486,TRANSFER,1134.49,C100000193,20965.13,19830.64,C200000972,29094.79,30229.28,0,0
486,TRANSFER,1957.07,C100000201,41825.04,39867.97,C200004356,73979.57,75936.64,0,0
486,TRANSFER,9153.16,C100000257,99106.06,89952.9,C200001044,22440.57,31593.73,0,0
486,TRANSFER,2281.73,C100001185,13169.56,10887.83,C200005530,5852.86,8134.59,0,0
486,TRANSFER,5535.6,C100001295,19899.1,14363.5,C200000756,68548.76,74084.36,0,0
486,TRANSFER,345.46,C100001458,34472.55,34127.09,C200000275,463215.71,463561.17,0,0
486,TRANSFER,3066.89,C100001844,25911.29,22844.4,C200005861,29069.36,32136.25,0,0
486,TRANSFER,2117.0,C100001904,7230.68,5113.68,C200005970,40220.84,42337.84,0,0
486,TRANSFER,1774.12,C100002194,58694.73,56920.61,C200004276,158355.72,160129.84,0,0
486,TRANSFER,13379.49,C100003004,51650.31,38270.82,C200002667,94158.31,107537.8,0,0
486,TRANSFER,1827.68,C100003057,72002.85,70175.17,C200005881,649.52,2477.2,0,0
486,TRANSFER,664.5,C100003306,57563.66,56899.16,C200000389,163949.44,164613.94,0,0
486,TRANSFER,428.84,C100003376,11494.63,11065.79,C200004227,19813.89,20242.73,0,0
486,TRANSFER,2461.77,C100003450,17181.91,14720.14,C200006324,23192.32,25654.09,0,0
486,TRANSFER,2851.46,C100003589,9260.33,6408.87,C200005977,111129.06,113980.52,0,0
486,TRANSFER,2078.58,C100003970,17820.99,15742.41,C200002221,21488.31,23566.89,0,0
486,TRANSFER,273.24,C100003970,230454.02,230180.78,C200005897,68478.95,68752.19,0,0
486,TRANSFER,2614.89,C100004777,61930.23,59315.34,C200003220,57535.35,60150.24,0,0
486,TRANSFER,4167.08,C100005080,237089.5,232922.42,C200006102,1496.67,5663.75,0,0
486,TRANSFER,18433.88,C100005177,20272.24324290259,1838.36,C200005505,9793.78,28227.66,0,0
486,TRANSFER,10170.82,C100005929,30377.57,20206.75,C200005388,169083.29,179254.11,0,0
486,TRANSFER,1835.31,C100006187,21621.83,19786.52,C200003585,34736.09,36571.4,0,0
486,TRANSFER,1783.82,C100006835,10438.8,8654.98,C200004229,80667.47,82451.29,0,0
487,TRANSFER,13606.18,C100001001,68830.72,55224.54,C200006251,117981.5,131587.68,0,0
487,TRANSFER,6853.39,C100001052,11544.485044844212,4691.1,C200006125,136058.3,142911.69,0,0
487,TRANSFER,108.52,C100002163,308309.59,308201.07,C200000594,64549.64,64658.16,0,0
487,TRANSFER,868.61,C100002290,8531.88,7663.27,C200004571,5714.89,6583.5,0,0
487,TRANSFER,5091.27,C100002992,8789.49,3698.22,C200003339,29866.26,34957.53,0,0
487,TRANSFER,349.71,C100003060,15542.39,15192.68,C200003694,51201.05,51550.76,0,0
487,TRANSFER,2003.89,C100003886,23745.52,21741.63,C200002540,28628.4,30632.29,0,0
487,TRANSFER,1545.48,C100006368,9222.49,7677.01,C200003624,1970.7,3516.18,0,0
488,TRANSFER,1274.12,C100000445,23580.56,22306.44,C200006162,7417.45,8691.57,0,0
488,TRANSFER,983.13,C100001587,162869.0,161885.87,C200002570,17385.04,18368.17,0,0
488,TRANSFER,1765.16,C100001619,448298.72,446533.56,C200002266,14854.92,16620.08,0,0
488,TRANSFER,1396.74,C100001906,105291.32,103894.58,C200000066,34183.3,35580.04,0,0
488,TRANSFER,1710.92,C100003283,38118.85,36407.93,C200001497,8037.76,9748.68,0,0
488,TRANSFER,6949.98,C100004267,28215.65,21265.67,C200002188,35377.5,42327.48,0,0
488,TRANSFER,838.37,C100004727,76357.69,75519.32,C200006004,138714.74,139553.11,0,0
488,TRANSFER,1808.24,C100004730,24745.6,22937.36,C200003863,48747.68,50555.92,0,0
488,TRANSFER,3204.12,C100005116,8525.54,5321.42,C200005298,10378.07,13582.19,0,0
488,TRANSFER,854.62,C100005849,32813.52,31958.9,C200000381,2770.83,3625.45,0,0
488,TRANSFER,554.11,C100006429,74284.45,73730.34,C200002108,176378.94,176933.05,0,0
488,TRANSFER,203.27,C100006589,7072.66,6869.39,C200000867,10091.44,10294.71,0,0
488,TRANSFER,1308.14,C100006873,130412.04,129103.9,C200005419,76902.41,78210.55,0,0
489,TRANSFER,3055.73,C100000378,10132.01,7076.28,C200003019,13034.42,16090.15,0,0
489,TRANSFER,1069.48,C100000685,301180.31,300110.83,C200000130,4141.79,5211.27,0,0
489,TRANSFER,8325.56,C100001154,53958.02,45632.46,C200002686,3997.8,12323.36,0,0
489,TRANSFER,3220.7,C100001766,35585.15,32364.45,C200001588,71431.57,74652.27,0,0
489,TRANSFER,1182.71,C100002354,7315.46,6132.75,C200004995,79845.38,81028.09,0,0
489,TRANSFER,3334.75,C100003378,51939.89,48605.14,C200003924,26078.22,29412.97,0,0
489,TRANSFER,208.85,C100004012,282837.53,282628.68,C200004887,3720.59,3929.44,0,0
489,TRANSFER,724.46,C100004820,123342.04,122617.58,C200006417,46996.81,47721.27,0,0
489,TRANSFER,1139.82,C100004836,14594.13,13454.31,C200001930,3235.32,4375.14,0,0
489,TRANSFER,600.84,C100004887,4571.55,3970.71,C200002650,12180.07,12780.91,0,0
489,TRANSFER,1395.18,C100005239,14409.61,13014.43,C200004134,20169.81,21564.99,0,0
489,TRANSFER,1534.63,C100005560,58723.42,57188.79,C200001139,7532.78,9067.41,0,0
489,TRANSFER,7248.13,C100005658,9923.265708632307,2675.14,C200000490,14244.57,21492.7,0,0
489,TRANSFER,10834.27,C100006049,27069.52,16235.25,C200003458,64067.38,74901.65,0,0
489,TRANSFER,183.66,C100006292,116047.66,115864.0,C200004825,2603.54,2787.2,0,0
489,TRANSFER,819.18,C100006803,27694.96,26875.78,C200000142,74640.79,75459.97,0,0
490,TRANSFER,2165.96,C100000596,68334.85,66168.89,C200002408,1993.96,4159.92,0,0
490,TRANSFER,554.34,C100000733,30682.25,30127.91,C200001876,9051.13,9605.47,0,0
490,TRANSFER,1898.41,C100001082,34814.45,32916.04,C200005787,2776.19,4674.6,0,0
490,TRANSFER,3716.94,C100001434,76602.87,72885.93,C200000547,1297.87,5014.81,0,0
490,TRANSFER,4677.93,C100001444,10289.65,5611.72,C200004074,16872.33,21550.26,0,0
490,TRANSFER,522.3,C100001755,37317.58,36795.28,C200002201,9742.47,10264.77,0,0
490,TRANSFER,10563.27,C100003399,16083.74,5520.47,C200004334,7684.64,18247.91,0,0
490,TRANSFER,8785.5,C100003659,15822.95,7037.45,C200001413,10546.16,19331.66,0,0
490,TRANSFER,2192.91,C100004268,7423.38,5230.47,C200003284,6326.01,8518.92,0,0
490,TRANSFER,1663.5,C100004516,55276.62,53613.12,C200006250,2450.46,4113.96,0,0
490,TRANSFER,7357.14,C100004752,9375.293357678484,2018.15,C200005256,56982.16,64339.3,0,0
490,TRANSFER,2883.26,C100005030,26573.04,23689.78,C200005085,1591.82,4475.08,0,0
490,TRANSFER,947.67,C100005930,61748.35,60800.68,C200002043,15805.51,16753.18,0,0
490,TRANSFER,276.22,C100006145,34672.0,34395.78,C200002937,126841.24,127117.46,0,0
490,TRANSFER,8522.37,C100006696,82879.53,74357.16,C200002697,13149.56,21671.93,0,0
491,TRANSFER,1468.05,C100000626,21259.89,19791.84,C200001404,87529.33,88997.38,0,0
491,TRANSFER,3585.14,C100000878,60350.43,56765.29,C200006062,50827.47,54412.61,0,0
491,TRANSFER,782.88,C100001036,22087.55,21304.67,C200006376,360417.42,361200.3,0,0
491,TRANSFER,144.87,C100001062,16813.5,16668.63,C200002790,2410.33,2555.2,0,0
491,TRANSFER,1594.31,C100001638,5408.87,3814.56,C200000578,86032.44,87626.75,0,0
491,TRANSFER,5810.94,C100002297,10718.858919831637,4907.92,C200005192,6389.27,12200.21,0,0
491,TRANSFER,320.15,C100003233,17947.21,17627.06,C200001915,31339.97,31660.12,0,0
491,TRANSFER,14263.59,C100003307,16705.472215260826,2441.88,C200001897,4684.71,18948.3,0,0
491,TRANSFER,1474.86,C100005118,9291.57,7816.71,C200000836,11145.05,12619.91,0,0
491,TRANSFER,655.85,C100006248,21608.51,20952.66,C200004958,64972.27,65628.12,0,0
491,TRANSFER,16304.48,C100006329,31749.28,15444.8,C200004743,34082.03,50386.51,0,0
492,TRANSFER,194.64,C100000000,160649.14,160454.5,C200003159,18404.47,18599.11,0,0
492,TRANSFER,4556.91,C100001372,8098.397008504129,3541.49,C200006426,40707.25,45264.16,0,0
492,TRANSFER,1823.27,C100001385,36428.09,34604.82,C200002215,13928.33,15751.6,0,0
492,TRANSFER,1248.47,C100001646,13888.64,12640.17,C200005694,2411.15,3659.62,0,0
492,TRANSFER,885.62,C100001724,28330.93,27445.31,C200003285,11912.63,12798.25,0,0
492,TRANSFER,2727.92,C100001887,10904.24,8176.32,C200006456,9694.94,12422.86,0,0
492,TRANSFER,4625.07,C100001911,13790.26,9165.19,C200005544,24737.78,29362.85,0,0
492,TRANSFER,2157.27,C100002964,17314.0,15156.73,C200004484,86818.6,88975.87,0,0
492,TRANSFER,6972.93,C100003520,29687.94,22715.01,C200004067,29451.01,36423.94,0,0
492,TRANSFER,14896.84,C100003784,28899.32,14002.48,C200004779,65081.46,79978.3,0,0
492,TRANSFER,349.99,C100004591,11805.39,11455.4,C200005066,40677.16,41027.15,0,0
492,TRANSFER,1387.62,C100005285,271744.27,270356.65,C200006292,47773.31,49160.93,0,0
492,TRANSFER,4043.1,C100005813,23773.16,19730.06,C200003691,707625.06,711668.16,0,0
492,TRANSFER,1604.16,C100006095,30885.14,29280.98,C200003671,3099.35,4703.51,0,0
492,TRANSFER,1031.61,C100006699,22252.52,21220.91,C200002802,52047.23,53078.84,0,0
492,TRANSFER,480.75,C100006784,7493.13,7012.38,C200003052,291014.66,291495.41,0,0
493,TRANSFER,7015.33,C100001957,128806.13,121790.8,C200000017,13586.26,20601.59,0,0
493,TRANSFER,1596.12,C100002956,13475.35,11879.23,C200003029,5872.09,7468.21,0,0
493,TRANSFER,1294.3,C100002973,27262.38,25968.08,C200004981,32485.23,33779.53,0,0
493,TRANSFER,6154.84,C100003401,24395.14,18240.3,C200004810,17531.83,23686.67,0,0
493,TRANSFER,1837.55,C100004068,11013.62,9176.07,C200004305,8680.09,10517.64,0,0
493,TRANSFER,5138.05,C100004612,11058.62,5920.57,C200004448,2873.16,8011.21,0,0
493,TRANSFER,1151.64,C100004789,29579.72,28428.08,C200000755,14804.34,15955.98,0,0
493,TRANSFER,9751.87,C100005212,13090.148906052731,3338.28,C200003539,134622.33,144374.2,0,0
493,TRANSFER,14608.43,C100005606,16545.44604270002,1937.02,C200005098,27230.84,41839.27,0,0
494,TRANSFER,3363.12,C100000756,38170.31,34807.19,C200005484,87391.39,90754.51,0,0
494,TRANSFER,423.35,C100001159,20745.96,20322.61,C200004544,302150.73,302574.08,0,0
494,TRANSFER,7149.84,C100001307,12288.9,5139.06,C200000568,44804.84,51954.68,0,0
494,TRANSFER,197.43,C100002164,14479.09,14281.66,C200003996,123775.3,123972.73,0,0
494,TRANSFER,2443.86,C100003375,147852.37,145408.51,C200003593,7459.2,9903.06,0,0
494,TRANSFER,958.1,C100003851,166917.9,165959.8,C200001480,158952.83,159910.93,0,0
494,TRANSFER,1196.88,C100003990,180169.43,178972.55,C200001972,8659.56,9856.44,0,0
494,TRANSFER,1175.39,C100004079,209093.77,207918.38,C200000766,20093.38,21268.77,0,0
494,TRANSFER,882.69,C100004734,107335.69,106453.0,C200005176,21308.58,22191.27,0,0
494,TRANSFER,4041.19,C100005225,27588.93,23547.74,C200000156,135556.56,139597.75,0,0
494,TRANSFER,2262.14,C100005918,18530.67,16268.53,C200001742,152571.18,154833.32,0,0
494,TRANSFER,4316.91,C100006072,57382.78,53065.87,C200005189,100754.61,105071.52,0,0
494,TRANSFER,10165.82,C100006889,13988.531624394343,3822.71,C200005242,7459.92,17625.74,0,0
495,TRANSFER,2798.62,C100000580,6313.60750479976,3514.99,C200005822,9057.82,11856.44,0,0
495,TRANSFER,981.42,C100000711,32377.55,31396.13,C200000523,11156.39,12137.81,0,0
495,TRANSFER,3114.32,C100001570,40043.56,36929.24,C200001111,18443.75,21558.07,0,0
495,TRANSFER,8269.82,C100001670,102085.97,93816.15,C200003468,29992.92,38262.74,0,0
495,TRANSFER,1085.34,C100001768,6060.92,4975.58,C200004364,150228.05,151313.39,0,0
495,TRANSFER,3488.31,C100001783,15992.28,12503.97,C200006194,31126.35,34614.66,0,0
495,TRANSFER,9533.33,C100003042,48671.77,39138.44,C200003204,838257.52,847790.85,0,0
495,TRANSFER,3130.78,C100003599,13539.59,10408.81,C200005608,54119.44,57250.22,0,0
495,TRANSFER,2275.61,C100003836,27427.22,25151.61,C200003599,17510.3,19785.91,0,0
495,TRANSFER,807.81,C100003884,5493.854359120151,4686.04,C200005201,61567.44,62375.25,0,0
495,TRANSFER,2467.12,C100003920,22357.55,19890.43,C200005815,153998.63,156465.75,0,0
495,TRANSFER,1308.28,C100004528,6466.5,5158.22,C200003471,62953.95,64262.23,0,0
495,TRANSFER,1322.81,C100005006,69785.36,68462.55,C200001332,24488.72,25811.53,0,0
495,TRANSFER,2294.18,C100005162,15453.91,13159.73,C200001277,29070.49,31364.67,0,0
495,TRANSFER,599.84,C100006283,37654.49,37054.65,C200004077,94379.28,94979.12,0,0
495,TRANSFER,5343.79,C100006416,57725.54,52381.75,C200002822,33685.47,39029.26,0,0
495,TRANSFER,1072.54,C100006958,36627.8,35555.26,C200000107,100205.5,101278.04,0,0
496,TRANSFER,391.06,C100000812,42986.05,42594.99,C200002601,88827.32,89218.38,0,0
496,TRANSFER,74.53,C100001215,199424.95,199350.42,C200003349,34730.2,34804.73,0,0
496,TRANSFER,3937.02,C100001666,12169.59,8232.57,C200001194,199802.52,203739.54,0,0
496,TRANSFER,1979.19,C100001802,25938.65,23959.46,C200004068,17736.08,19715.27,0,0
496,TRANSFER,609.19,C100001850,77968.18,77358.99,C200006450,3352.01,3961.2,0,0
496,TRANSFER,4356.95,C100002062,14254.44,9897.49,C200005636,89302.64,93659.59,0,0
496,TRANSFER,2627.05,C100002318,14432.26,11805.21,C200005665,15080.54,17707.59,0,0
496,TRANSFER,23721.56,C100002633,27422.385534548466,3700.83,C200003026,40426.78,64148.34,0,0
496,TRANSFER,485.02,C100003758,75600.39,75115.37,C200002276,20822.17,21307.19,0,0
496,TRANSFER,1316.73,C100004352,131118.73,129802.0,C200000145,12832.94,14149.67,0,0
496,TRANSFER,2818.72,C100004615,30647.65,27828.93,C200004380,25095.6,27914.32,0,0
496,TRANSFER,3165.76,C100005602,39427.62,36261.86,C200003888,71884.66,75050.42,0,0
496,TRANSFER,1028.62,C100006097,72891.53,71862.91,C200004717,8391.93,9420.55,0,0
497,TRANSFER,33489.47,C100000751,41048.91,7559.44,C200002778,7419.36,40908.83,0,0
497,TRANSFER,226.47,C100001057,110535.09,110308.62,C200002601,136326.88,136553.35,0,0
497,TRANSFER,1016.41,C100002496,12822.83,11806.42,C200002844,99595.05,100611.46,0,0
497,TRANSFER,5909.71,C100002568,20296.57,14386.86,C200000658,7960.99,13870.7,0,0
497,TRANSFER,566.03,C100002804,17616.08,17050.05,C200001421,69254.85,69820.88,0,0
497,TRANSFER,232.47,C100003319,390907.13,390674.66,C200004919,8060.07,8292.54,0,0
497,TRANSFER,1641.64,C100003541,12735.52,11093.88,C200002591,35158.78,36800.42,0,0
497,TRANSFER,682.68,C100003770,100845.22,100162.54,C200002714,56673.73,57356.41,0,0
497,TRANSFER,2046.65,C100005110,10243.18,8196.53,C200002539,69872.94,71919.59,0,0
497,TRANSFER,29939.53,C100005243,33322.74148515559,3383.21,C200005499,86673.24,116612.77,0,0
497,TRANSFER,6434.68,C100005649,16198.62,9763.94,C200001212,7923.26,14357.94,0,0
498,TRANSFER,1321.04,C100000071,40359.27,39038.23,C200003568,42320.25,43641.29,0,0
498,TRANSFER,349.6,C100000309,25723.79,25374.19,C200001191,80317.21,80666.81,0,0
498,TRANSFER,711.85,C100000491,7225.96,6514.11,C200002285,26372.09,27083.94,0,0
498,TRANSFER,7963.47,C100000534,20767.95,12804.48,C200002043,112067.75,120031.22,0,0
498,TRANSFER,18958.51,C100000549,55361.52,36403.01,C200002443,15929.08,34887.59,0,0
498,TRANSFER,3074.12,C100000903,4193.187542772603,1119.07,C200000105,307098.77,310172.89,0,0
498,TRANSFER,644.13,C100001589,54126.79,53482.66,C200000553,32276.4,32920.53,0,0
498,TRANSFER,3107.19,C100001932,23078.22,19971.03,C200002901,6111.49,9218.68,0,0
498,TRANSFER,2417.35,C100003567,25154.06,22736.71,C200000414,5830.63,8247.98,0,0
498,TRANSFER,3280.85,C100004092,99099.61,95818.76,C200005099,145718.25,148999.1,0,0
498,TRANSFER,864.04,C100006674,245939.06,245075.02,C200000399,36453.0,37317.04,0,0
498,TRANSFER,2181.38,C100006706,86834.64,84653.26,C200000739,36386.34,38567.72,0,0
498,TRANSFER,33297.01,C100006866,37255.07,3958.06,C200003418,1553.01,34850.02,0,0
498,TRANSFER,154.01,C100006972,16025.04,15871.03,C200004971,18933.17,19087.18,0,0
499,TRANSFER,1195.04,C100000509,93159.62,91964.58,C200000021,10330.5,11525.54,0,0
499,TRANSFER,9850.99,C100001360,798338.86,788487.87,C200006188,42970.42,52821.41,0,0
499,TRANSFER,342.36,C100001856,89126.68,88784.32,C200000006,73339.49,73681.85,0,0
499,TRANSFER,347.67,C100001979,12950.77,12603.1,C200003379,78943.1,79290.77,0,0
499,TRANSFER,846.63,C100002836,88651.59,87804.96,C200005476,6017.77,6864.4,0,0
499,TRANSFER,3164.45,C100005480,15868.9,12704.45,C200005587,69106.33,72270.78,0,0
499,TRANSFER,276.21,C100005595,82466.45,82190.24,C200004064,273524.24,273800.45,0,0
500,TRANSFER,12276.98,C100000048,265364.17,253087.19,C200002569,6950.43,19227.41,0,0
500,TRANSFER,6738.59,C100000598,272675.09,265936.5,C200005043,5120.17,11858.76,0,0
500,TRANSFER,9047.27,C100001365,13404.42,4357.15,C200002913,19924.73,28972.0,0,0
500,TRANSFER,17076.63,C100001527,18287.471982074116,1210.84,C200005227,637719.53,654796.16,0,0
500,TRANSFER,676.23,C100002022,28456.7,27780.47,C200005304,12796.21,13472.44,0,0
500,TRANSFER,10501.44,C100002272,12071.364171977977,1569.92,C200005626,26346.64,36848.08,0,0
500,TRANSFER,1697.59,C100003494,21622.18,19924.59,C200004319,64842.69,66540.28,0,0
500,TRANSFER,3914.17,C100003587,13803.39,9889.22,C200001194,234251.77,238165.94,0,0
500,TRANSFER,2372.42,C100003716,64452.74,62080.32,C200005156,66175.49,68547.91,0,0
500,TRANSFER,2144.29,C100004106,9767.13,7622.84,C200000449,6990.81,9135.1,0,0
500,TRANSFER,873.87,C100004230,53783.99,52910.12,C200001521,8703.75,9577.62,0,0
500,TRANSFER,1337.33,C100004566,52239.95,50902.62,C200004822,8924.73,10262.06,0,0
500,TRANSFER,2075.45,C100004963,6028.22,3952.77,C200001831,19797.09,21872.54,0,0
500,TRANSFER,2454.68,C100005185,63314.54,60859.86,C200001565,21717.49,24172.17,0,0
500,TRANSFER,5042.54,C100005610,16862.94,11820.4,C200002143,88520.16,93562.7,0,0
500,TRANSFER,569.14,C100005682,22800.19,22231.05,C200005950,30768.56,31337.7,0,0
500,TRANSFER,3554.68,C100005702,5296.574510479459,1741.89,C200002103,32106.39,35661.07,0,0
501,TRANSFER,1609.98,C100000116,48891.07,47281.09,C200004357,17893.51,19503.49,0,0
501,TRANSFER,13262.17,C100000168,15582.696990520613,2320.53,C200002076,4013.24,17275.41,0,0
501,TRANSFER,12291.91,C100000942,102470.02,90178.11,C200000827,8484.22,20776.13,0,0
501,TRANSFER,973.96,C100002022,177567.44,176593.48,C200004612,26024.97,26998.93,0,0
501,TRANSFER,1721.85,C100002082,6682.927060802111,4961.08,C200003428,8831.29,10553.14,0,0
501,TRANSFER,43282.4,C100002465,170290.71,127008.31,C200006458,109487.81,152770.21,0,0
501,TRANSFER,393.92,C100003011,57760.21,57366.29,C200003097,27987.97,28381.89,0,0
501,TRANSFER,14873.24,C100003519,204798.38,189925.14,C200000780,38847.52,53720.76,0,0
501,TRANSFER,3961.38,C100005552,5844.03,1882.65,C200003352,14120.71,18082.09,0,0
501,TRANSFER,2501.83,C100005731,7076.647431276048,4574.82,C200000760,846.43,3348.26,0,0
501,TRANSFER,7075.5,C100006977,94177.27,87101.77,C200006250,17954.99,25030.49,0,0
502,TRANSFER,17092.49,C100002139,83770.25,66677.76,C200003128,7105.67,24198.16,0,0
502,TRANSFER,8030.36,C100002218,11346.827539199227,3316.47,C200002615,351035.09,359065.45,0,0
502,TRANSFER,8686.09,C100002601,8888.678353861153,202.59,C200000567,26442.4,35128.49,0,0
502,TRANSFER,3197.89,C100004200,37900.29,34702.4,C200001837,8737.47,11935.36,0,0
502,TRANSFER,660.97,C100006068,17748.58,17087.61,C200004884,28547.15,29208.12,0,0
502,TRANSFER,4797.62,C100006829,62814.28,58016.66,C200004907,11775.57,16573.19,0,0
503,TRANSFER,1372.3,C100000925,38525.98,37153.68,C200000253,10928.96,12301.26,0,0
503,TRANSFER,2114.61,C100002571,10600.8,8486.19,C200005485,201538.37,203652.98,0,0
503,TRANSFER,3201.73,C100003135,18962.93,15761.2,C200001116,9718.77,12920.5,0,0
503,TRANSFER,5232.47,C100003189,32205.51,26973.04,C200002778,39122.25,44354.72,0,0
503,TRANSFER,2873.44,C100003600,18864.74,15991.3,C200005693,18442.76,21316.2,0,0
503,TRANSFER,1505.28,C100003751,233561.48,232056.2,C200005962,9997.65,11502.93,0,0
503,TRANSFER,1142.18,C100003805,106317.59,105175.41,C200001360,10661.31,11803.49,0,0
503,TRANSFER,21240.02,C100003920,22761.058017344123,1521.04,C900000759,16021.47,37261.49,1,0
503,TRANSFER,36245.35,C100004848,41155.13,4909.78,C200000479,1280.16,37525.51,0,0
503,TRANSFER,692.29,C100005874,151084.21,150391.92,C200000456,406076.29,406768.58,0,0
503,TRANSFER,966.32,C100005981,4983.453070745162,4017.13,C200006036,22730.53,23696.85,0,0
503,TRANSFER,809.09,C100006309,19839.75,19030.66,C200001260,92844.19,93653.28,0,0
503,TRANSFER,4342.05,C100006492,14479.51,10137.46,C200005472,40120.98,44463.03,0,0
503,TRANSFER,16518.9,C100006841,19921.762839526287,3402.86,C200000659,4270.21,20789.11,0,0
504,TRANSFER,5172.32,C100000024,49471.26,44298.94,C200005173,9065.72,14238.04,0,0
504,TRANSFER,4681.55,C100000378,37766.64,33085.09,C200001801,63231.62,67913.17,0,0
504,TRANSFER,1312.89,C100002024,106803.19,105490.3,C200005077,33267.04,34579.93,0,0
504,TRANSFER,1417.63,C100002711,18498.86,17081.23,C200003671,25148.03,26565.66,0,0
504,TRANSFER,432.15,C100003038,11794.5,11362.35,C200006369,4129.33,4561.48,0,0
504,TRANSFER,3409.83,C100003367,114590.86,111181.03,C200003851,1975.98,5385.81,0,0
504,TRANSFER,1536.97,C100003368,26189.46,24652.49,C200002817,12589.69,14126.66,0,0
504,TRANSFER,6495.46,C100003677,23915.62,17420.16,C200004917,19843.55,26339.01,0,0
504,TRANSFER,1926.55,C100006314,9863.65,7937.1,C200005608,3680.85,5607.4,0,0
505,TRANSFER,2139.96,C100000992,58906.79,56766.83,C200001356,10900.67,13040.63,0,0
505,TRANSFER,2020.42,C100001149,6952.7,4932.28,C200004074,7985.97,10006.39,0,0
505,TRANSFER,654.2,C100001189,96209.75,95555.55,C200004570,34058.1,34712.3,0,0
505,TRANSFER,1712.62,C100001197,30385.79,28673.17,C200006159,4098.0,5810.62,0,0
505,TRANSFER,2022.17,C100001296,50078.72,48056.55,C200004749,2199.75,4221.92,0,0
505,TRANSFER,23408.31,C100001361,26441.290809854,3032.98,C200000194,41061.0,64469.31,0,0
505,TRANSFER,1263.39,C100001639,35419.1,34155.71,C200002939,327959.91,329223.3,0,0
505,TRANSFER,1874.28,C100001945,4038.06,2163.78,C200003000,34364.86,36239.14,0,0
505,TRANSFER,1716.55,C100003192,9685.53,7968.98,C200005669,168798.2,170514.75,0,0
505,TRANSFER,6116.0,C100003646,21786.42,15670.42,C200001848,7272.7,13388.7,0,0
505,TRANSFER,1412.07,C100003734,18737.95,17325.88,C200002059,12817.21,14229.28,0,0
505,TRANSFER,2940.45,C100004531,33075.86,30135.41,C200003495,32755.31,35695.76,0,0
505,TRANSFER,612.46,C100005344,384148.9,383536.44,C200000245,8556.67,9169.13,0,0
505,TRANSFER,194.68,C100006004,5151.02,4956.34,C200005952,48446.24,48640.92,0,0
505,TRANSFER,1526.22,C100006289,11631.29,10105.07,C200002377,15381.86,16908.08,0,0
505,TRANSFER,24613.7,C100006499,38546.59,13932.89,C200001774,321006.36,345620.06,0,0
505,TRANSFER,3762.16,C100006811,151973.51,148211.35,C200006185,12493.85,16256.01,0,0
506,TRANSFER,125.19,C100000432,14385.75,14260.56,C200003245,446164.3,446289.49,0,0
506,TRANSFER,463.65,C100002341,24676.85,24213.2,C200003891,4248.31,4711.96,0,0
506,TRANSFER,3077.24,C100002782,107278.26,104201.02,C200004660,49029.02,52106.26,0,0
506,TRANSFER,15249.5,C100003298,21046.1,5796.6,C200003676,18133.63,33383.13,0,0
506,TRANSFER,851.13,C100003407,10080.92,9229.79,C200001401,54898.54,55749.67,0,0
506,TRANSFER,4958.44,C100003450,77937.74,72979.3,C200000836,259870.32,264828.76,0,0
506,TRANSFER,27370.54,C100003603,28761.584081417255,1391.04,C200000436,26275.04,53645.58,0,0
506,TRANSFER,1453.17,C100003780,62170.83,60717.66,C200000987,8109.58,9562.75,0,0
506,TRANSFER,2061.93,C100003836,5330.564403843728,3268.63,C200004282,47363.04,49424.97,0,0
506,TRANSFER,3814.82,C100004151,74363.22,70548.4,C200001325,4172.54,7987.36,0,0
506,TRANSFER,4912.17,C100004620,20717.53,15805.36,C200004568,2435.8,7347.97,0,0
506,TRANSFER,1568.12,C100004831,95485.92,93917.8,C200003027,188798.72,190366.84,0,0
506,TRANSFER,4659.01,C100004844,180228.89,175569.88,C200004526,3965.88,8624.89,0,0
506,TRANSFER,4018.19,C100005887,41277.6,37259.41,C200001400,1132.17,5150.36,0,0
506,TRANSFER,8020.48,C100006443,72696.65,64676.17,C200000507,177319.79,185340.27,0,0
507,TRANSFER,2412.6,C100000014,8831.89,6419.29,C200000152,37133.95,39546.55,0,0
507,TRANSFER,766.36,C100000277,1765.1237942539206,998.76,C200005575,45571.95,46338.31,0,0
507,TRANSFER,8406.76,C100002721,43001.47,34594.71,C200002761,26332.34,34739.1,0,0
507,TRANSFER,6246.55,C100003330,10422.595600040102,4176.05,C200006038,196724.79,202971.34,0,0
507,TRANSFER,778.75,C100003871,26785.14,26006.39,C200000732,303779.28,304558.03,0,0
507,TRANSFER,1294.22,C100004906,31138.34,29844.12,C200000483,163002.01,164296.23,0,0
507,TRANSFER,507.84,C100005491,43470.74,42962.9,C200004779,15240.22,15748.06,0,0
507,TRANSFER,892.58,C100005761,30225.99,29333.41,C200002214,98359.54,99252.12,0,0
507,TRANSFER,3890.02,C100006286,36651.1,32761.08,C200000953,124766.92,128656.94,0,0
507,TRANSFER,2177.03,C100006468,42728.98,40551.95,C200006087,36046.62,38223.65,0,0
507,TRANSFER,16070.9,C100006610,18803.229432746266,2732.33,C200002641,5179.31,21250.21,0,0
508,TRANSFER,6305.24,C100000727,110421.17,104115.93,C200000915,12365.56,18670.8,0,0
508,TRANSFER,334.08,C100001838,39895.03,39560.95,C200001649,10543.15,10877.23,0,0
508,TRANSFER,2339.31,C100001889,6791.697495189368,4452.39,C200002573,148897.99,151237.3,0,0
508,TRANSFER,14235.32,C100001893,14485.552014416886,250.23,C200002538,19659.84,33895.16,0,0
508,TRANSFER,12095.54,C100002340,25692.82,13597.28,C200006228,44908.06,57003.6,0,0
508,TRANSFER,4139.56,C100003170,64328.19,60188.63,C200006377,477565.96,481705.52,0,0
508,TRANSFER,17621.84,C100003399,57694.83,40072.99,C200005908,72163.52,89785.36,0,0
508,TRANSFER,4501.39,C100003410,12617.88,8116.49,C200001690,4104.9,8606.29,0,0
508,TRANSFER,4201.29,C100003518,7326.7739189173535,3125.48,C200001055,65137.67,69338.96,0,0
508,TRANSFER,2169.14,C100003936,6083.083757942322,3913.94,C200000911,7724.05,9893.19,0,0
508,TRANSFER,3305.72,C100004422,144095.85,140790.13,C200003507,4713.8,8019.52,0,0
508,TRANSFER,8399.75,C100005220,13466.81,5067.06,C200003225,29507.7,37907.45,0,0
508,TRANSFER,395.58,C100005913,23493.74,23098.16,C200000577,13223.85,13619.43,0,0
508,TRANSFER,14031.14,C100006094,14238.015831519162,206.88,C200000361,9401.68,23432.82,0,0
509,TRANSFER,6815.41,C100002684,59559.42,52744.01,C200003143,132890.65,139706.06,0,0
509,TRANSFER,3239.0,C100003649,17625.87,14386.87,C200003116,16745.45,19984.45,0,0
509,TRANSFER,418.44,C100003753,19088.35,18669.91,C200000662,36600.24,37018.68,0,0
509,TRANSFER,1588.58,C100005024,5493.46,3904.88,C200002686,31003.12,32591.7,0,0
509,TRANSFER,5259.94,C100005849,13533.89,8273.95,C200004882,11776.28,17036.22,0,0
509,TRANSFER,2982.38,C100006793,10665.58,7683.2,C200000182,32331.39,35313.77,0,0
509,TRANSFER,590.39,C100006842,7286.41,6696.02,C200004277,23477.05,24067.44,0,0
510,TRANSFER,7074.77,C100001342,57495.67,50420.9,C200003881,29820.68,36895.45,0,0
510,TRANSFER,1103.47,C100001712,15097.91,13994.44,C200005190,4532.13,5635.6,0,0
510,TRANSFER,2281.46,C100001826,67533.91,65252.45,C200004612,18741.31,21022.77,0,0
510,TRANSFER,6442.43,C100001878,78665.58,72223.15,C200001313,7615.24,14057.67,0,0
510,TRANSFER,2004.57,C100002679,12584.35,10579.78,C200001028,325777.26,327781.83,0,0
510,TRANSFER,291.02,C100002873,25673.04,25382.02,C200000509,55179.29,55470.31,0,0
510,TRANSFER,1026.72,C100003665,4685.8352803023545,3659.12,C200004667,15521.07,16547.79,0,0
510,TRANSFER,373.77,C100005416,16843.83,16470.06,C200003838,19126.2,19499.97,0,0
510,TRANSFER,480.62,C100005473,50627.65,50147.03,C200002807,14222.38,14703.0,0,0
510,TRANSFER,1018.31,C100005509,43738.67,42720.36,C200002508,38426.3,39444.61,0,0
510,TRANSFER,4817.63,C100005785,78297.95,73480.32,C200000923,6654.74,11472.37,0,0
511,TRANSFER,246.14,C100000348,20675.79,20429.65,C200006298,332833.96,333080.1,0,0
511,TRANSFER,7877.6,C100000373,10524.687626802288,2647.09,C200005956,224551.76,232429.36,0,0
511,TRANSFER,2014.06,C100000666,146853.78,144839.72,C200001991,947935.81,949949.87,0,0
511,TRANSFER,8805.2,C100002319,117721.93,108916.73,C200003032,62623.91,71429.11,0,0
511,TRANSFER,444.48,C100002813,54125.03,53680.55,C200004514,27691.58,28136.06,0,0
511,TRANSFER,372.63,C100003608,50575.98,50203.35,C200003846,43147.4,43520.03,0,0
511,TRANSFER,728.38,C100003915,29770.47,29042.09,C200004922,9489.6,10217.98,0,0
511,TRANSFER,5693.9,C100004267,36279.96,30586.06,C200004120,6293.64,11987.54,0,0
511,TRANSFER,514.56,C100004353,6596.82,6082.26,C200000028,17245.0,17759.56,0,0
511,TRANSFER,2395.28,C100004861,7115.898823895022,4720.62,C200003346,17088.68,19483.96,0,0
511,TRANSFER,7007.85,C100005320,36217.39,29209.54,C200004637,36711.67,43719.52,0,0
512,TRANSFER,98.48,C100000563,117125.23,117026.75,C200003549,11501.55,11600.03,0,0
512,TRANSFER,2564.82,C100001421,45801.39,43236.57,C200005899,25243.07,27807.89,0,0
512,TRANSFER,4253.07,C100002895,90551.16,86298.09,C200000110,3993.53,8246.6,0,0
512,TRANSFER,413.08,C100003331,16470.86,16057.78,C200002332,17942.76,18355.84,0,0
512,TRANSFER,2243.64,C100004497,301357.62,299113.98,C200003805,11134.32,13377.96,0,0
512,TRANSFER,3270.14,C100005011,511858.33,508588.19,C200006394,21836.75,25106.89,0,0
512,TRANSFER,4996.05,C100005267,12404.0,7407.95,C200005312,73557.48,78553.53,0,0
512,TRANSFER,144.72,C100005585,10347.39,10202.67,C200001425,12188.16,12332.88,0,0
512,TRANSFER,471.51,C100006317,50500.03,50028.52,C200004532,24354.05,24825.56,0,0
512,TRANSFER,1285.8,C100006446,485187.52,483901.72,C200001681,84518.99,85804.79,0,0
512,TRANSFER,1128.33,C100006676,12148.86,11020.53,C200003785,71218.83,72347.16,0,0
512,TRANSFER,87246.44,C100006810,91260.71986772428,4014.28,C200002191,11865.49,99111.93,0,0
513,TRANSFER,2492.52,C100000190,13530.29,11037.77,C200002209,3314.54,5807.06,0,0
513,TRANSFER,789.74,C100000321,23114.11,22324.37,C200001115,38090.24,38879.98,0,0
513,TRANSFER,939.37,C100000391,154888.74,153949.37,C200006163,7052.2,7991.57,0,0
513,TRANSFER,1775.42,C100000630,20112.64,18337.22,C200000114,4884.71,6660.13,0,0
513,TRANSFER,2716.87,C100001151,48642.45,45925.58,C200002947,19570.58,22287.45,0,0
513,TRANSFER,597.53,C100004532,8709.32,8111.79,C200003751,166508.72,167106.25,0,0
513,TRANSFER,33386.66,C100005302,37858.48212928057,4471.82,C200006341,5375.12,38761.78,0,0
513,TRANSFER,2176.6,C100005856,44473.21,42296.61,C200001106,283483.53,285660.13,0,0
513,TRANSFER,7101.82,C100006012,17340.35,10238.53,C200006145,16803.74,23905.56,0,0
513,TRANSFER,373.03,C100006379,109832.14,109459.11,C200004090,38421.0,38794.03,0,0
513,TRANSFER,3724.79,C100006631,31735.28,28010.49,C200005045,8950.71,12675.5,0,0
514,TRANSFER,39706.02,C100000927,45549.53,5843.51,C200004463,73355.0,113061.02,1,0
514,TRANSFER,369.84,C100001494,650050.79,649680.95,C200005426,16768.83,17138.67,0,0
514,TRANSFER,2331.99,C100001794,22753.46,20421.47,C200002369,1042.53,3374.52,0,0
514,TRANSFER,2249.26,C100001836,130400.13,128150.87,C200004110,15795.92,18045.18,0,0
514,TRANSFER,1917.65,C100002222,6153.31,4235.66,C200005267,1651.18,3568.83,0,0
514,TRANSFER,2941.49,C100002605,121757.96,118816.47,C200003335,65335.25,68276.74,0,0
514,TRANSFER,11268.93,C100003092,14576.23413847907,3307.3,C900005552,7184.84,18453.77,1,0
514,TRANSFER,1042.91,C100003248,31853.46,30810.55,C200001943,92671.92,93714.83,0,0
514,TRANSFER,883.87,C100003316,124455.33,123571.46,C200000165,74607.48,75491.35,0,0
514,TRANSFER,3751.85,C100003594,30905.37,27153.52,C200002583,13724.24,17476.09,0,0
514,TRANSFER,4413.5,C100003758,128738.47,124324.97,C200005980,44427.5,48841.0,0,0
514,TRANSFER,10088.5,C100004426,128125.41,118036.91,C200003598,60078.19,70166.69,0,0
514,TRANSFER,4941.13,C100004676,8726.57,3785.44,C200003584,1841.94,6783.07,0,0
514,TRANSFER,493.74,C100005701,40783.93,40290.19,C200003440,28754.85,29248.59,0,0
515,TRANSFER,1687.22,C100001233,102008.1,100320.88,C200002519,2095.26,3782.48,0,0
515,TRANSFER,413.19,C100001885,64237.04,63823.85,C200002323,40558.65,40971.84,0,0
515,TRANSFER,389.22,C100002146,54314.86,53925.64,C200001878,35626.56,36015.78,0,0
515,TRANSFER,5046.61,C100002272,92747.53,87700.92,C200001469,36083.54,41130.15,0,0
515,TRANSFER,1947.48,C100002291,193251.36,191303.88,C200002659,8945.96,10893.44,0,0
515,TRANSFER,17955.0,C100002789,87942.22,69987.22,C200001780,18732.75,36687.75,0,0
515,TRANSFER,3129.87,C100002967,15028.29,11898.42,C200002688,11537.99,14667.86,0,0
515,TRANSFER,1245.38,C100002980,31790.64,30545.26,C200004379,14120.59,15365.97,0,0
515,TRANSFER,675.04,C100003783,4824.157049781846,4149.12,C200000797,45389.31,46064.35,0,0
515,TRANSFER,1770.69,C100004387,194445.71,192675.02,C200001018,222870.33,224641.02,0,0
515,TRANSFER,1546.96,C100005592,70040.56,68493.6,C200000401,4805.96,6352.92,0,0
515,TRANSFER,6392.48,C100005760,8198.10380832591,1805.62,C200001202,21501.65,27894.13,0,0
515,TRANSFER,5154.0,C100005920,6837.64,1683.64,C200001008,5800.83,10954.83,0,0
515,TRANSFER,575.56,C100006868,18851.28,18275.72,C200002831,41601.2,42176.76,0,0
516,TRANSFER,6091.93,C100000775,11053.584005755543,4961.65,C200006322,7640.28,13732.21,0,0
516,TRANSFER,310.97,C100001402,183358.94,183047.97,C200002889,26102.2,26413.17,0,0
516,TRANSFER,1892.3,C100002126,10501.65,8609.35,C200003390,3473.38,5365.68,0,0
516,TRANSFER,37913.04,C100002450,42342.091112000184,4429.05,C200003590,456313.96,494227.0,0,0
516,TRANSFER,8736.81,C100002493,12853.03,4116.22,C200005535,6161.95,14898.76,0,0
516,TRANSFER,10411.62,C100002749,14501.129286128416,4089.51,C200001326,8574.98,18986.6,0,0
516,TRANSFER,2273.82,C100003016,5565.478477638633,3291.66,C200004572,7304.19,9578.01,0,0
516,TRANSFER,11333.25,C100003693,22609.55,11276.3,C200005465,92213.84,103547.09,0,0
516,TRANSFER,3066.88,C100004924,28183.43,25116.55,C200003154,16237.68,19304.56,0,0
516,TRANSFER,876.17,C100005619,9507.16,8630.99,C200002374,131648.19,132524.36,0,0
516,TRANSFER,2622.21,C100006730,6372.14,3749.93,C200006122,5276.77,7898.98,0,0
517,TRANSFER,7880.96,C100000140,44733.29,36852.33,C200000404,7241.2,15122.16,0,0
517,TRANSFER,1638.62,C100003480,33475.23,31836.61,C200001276,92689.1,94327.72,0,0
517,TRANSFER,557.55,C100004345,12855.56,12298.01,C200005243,13544.25,14101.8,0,0
517,TRANSFER,12745.44,C100004420,14309.974868558922,1564.53,C200001249,57432.71,70178.15,0,0
517,TRANSFER,8645.28,C100004438,11116.59951792616,2471.32,C200002293,42646.86,51292.14,0,0
517,TRANSFER,8420.47,C100004477,274028.3,265607.83,C200001489,12889.45,21309.92,0,0
517,TRANSFER,4164.69,C100004685,67834.24,63669.55,C200000886,7859.24,12023.93,0,0
517,TRANSFER,900.77,C100006281,4530.72,3629.95,C200003350,1698.59,2599.36,0,0
517,TRANSFER,901.63,C100006425,27580.78,26679.15,C200001480,291197.17,292098.8,0,0
518,TRANSFER,4033.83,C100000270,14547.82,10513.99,C200003672,19357.37,23391.2,0,0
518,TRANSFER,2568.85,C100002323,49177.31,46608.46,C200002352,2196.68,4765.53,0,0
518,TRANSFER,484.58,C100002797,44950.53,44465.95,C200003007,43382.74,43867.32,0,0
518,TRANSFER,1353.49,C100003326,6334.209267021046,4980.72,C200002900,4165.71,5519.2,0,0
518,TRANSFER,1359.89,C100006175,6850.47,5490.58,C200003224,8933.47,10293.36,0,0
518,TRANSFER,286.14,C100006847,46380.75,46094.61,C200002739,3815.63,4101.77,0,0
519,TRANSFER,4064.84,C100000826,85751.0,81686.16,C200001354,8118.1,12182.94,0,0
519,TRANSFER,976.75,C100001139,8066.24,7089.49,C200002216,195663.84,196640.59,0,0
519,TRANSFER,7046.97,C100001462,806553.67,799506.7,C200000966,25934.46,32981.43,0,0
519,TRANSFER,2747.07,C100002387,193553.63,190806.56,C200001462,2906.87,5653.94,0,0
519,TRANSFER,70083.89,C100002844,79200.06,9116.17,C200000083,2474.76,72558.65,0,0
519,TRANSFER,2898.56,C100003243,8227.97,5329.41,C200004855,24544.36,27442.92,0,0
519,TRANSFER,1766.85,C100003950,17332.93,15566.08,C200001114,176897.19,178664.04,0,0
519,TRANSFER,5674.59,C100005356,17237.5,11562.91,C200005815,58395.17,64069.76,0,0
519,TRANSFER,1943.19,C100006000,17992.81,16049.62,C200003577,56645.05,58588.24,0,0
519,TRANSFER,2284.59,C100006260,25543.08,23258.49,C200002915,4412.28,6696.87,0,0
519,TRANSFER,3083.86,C100006297,114374.12,111290.26,C200004869,6248.71,9332.57,0,0
520,TRANSFER,377.52,C100000152,22274.72,21897.2,C200006015,17352.61,17730.13,0,0
520,TRANSFER,816.71,C100000161,78035.6,77218.89,C200000359,52841.79,53658.5,0,0
520,TRANSFER,764.16,C100001445,14796.81,14032.65,C200002936,1271.36,2035.52,0,0
520,TRANSFER,13866.13,C100002383,16021.852279420056,2155.72,C200005955,23544.44,37410.57,0,0
520,TRANSFER,589.88,C100003177,12399.81,11809.93,C200002690,15123.6,15713.48,0,0
520,TRANSFER,3063.17,C100003318,6901.803444648016,3838.63,C200000803,60072.52,63135.69,0,0
520,TRANSFER,1697.62,C100003772,29602.92,27905.3,C200000282,7313.78,9011.4,0,0
520,TRANSFER,1109.18,C100004351,5358.8223390665735,4249.64,C200000559,7588.88,8698.06,0,0
520,TRANSFER,422.69,C100004481,54512.68,54089.99,C200006374,15609.82,16032.51,0,0
520,TRANSFER,1414.48,C100004745,10178.25,8763.77,C200004674,43151.15,44565.63,0,0
520,TRANSFER,2874.18,C100005037,25051.74,22177.56,C200001069,6174.22,9048.4,0,0
520,TRANSFER,4866.32,C100005415,180835.17,175968.85,C200000866,20286.6,25152.92,0,0
520,TRANSFER,863.63,C100006325,45816.58,44952.95,C200000698,333759.32,334622.95,0,0
521,TRANSFER,798.91,C100000642,38939.98,38141.07,C200005563,17529.96,18328.87,0,0
521,TRANSFER,740.44,C100000907,60374.61,59634.17,C200002932,16628.07,17368.51,0,0
521,TRANSFER,3165.8,C100001039,14379.15,11213.35,C200004641,132871.66,136037.46,0,0
521,TRANSFER,13285.54,C100001235,58845.75,45560.21,C200005705,17001.52,30287.06,0,0
521,TRANSFER,1118.59,C100002501,91435.37,90316.78,C200003739,5167.4,6285.99,0,0
521,TRANSFER,4346.68,C100002887,51750.6,47403.92,C200001364,75205.86,79552.54,0,0
521,TRANSFER,12953.67,C100002993,18279.47,5325.8,C200000683,45442.37,58396.04,0,0
521,TRANSFER,8398.94,C100003136,11941.34,3542.4,C200005435,7481.34,15880.28,0,0
521,TRANSFER,6087.8,C100003534,32976.05,26888.25,C200000393,73604.81,79692.61,0,0
521,TRANSFER,422.08,C100003919,31838.2,31416.12,C200002031,4802.32,5224.4,0,0
521,TRANSFER,6227.28,C100003984,18729.57,12502.29,C200001616,31754.1,37981.38,0,0
521,TRANSFER,686.53,C100004451,38492.93,37806.4,C200000566,11163.65,11850.18,0,0
521,TRANSFER,2251.42,C100004600,24941.57,22690.15,C200001734,13138.78,15390.2,0,0
521,TRANSFER,908.38,C100004991,42119.22,41210.84,C200002602,67989.14,68897.52,0,0
521,TRANSFER,8417.21,C100006699,25204.31,16787.1,C200002160,58403.18,66820.39,0,0
521,TRANSFER,343.54,C100006757,13718.9,13375.36,C200006421,65242.64,65586.18,0,0
521,TRANSFER,2048.61,C100006794,26077.07,24028.46,C200003367,202527.18,204575.79,0,0
522,TRANSFER,1314.05,C100000076,9206.93,7892.88,C200001818,41011.55,42325.6,0,0
522,TRANSFER,2495.9,C100000170,12920.73,10424.83,C200006306,4194.87,6690.77,0,0
522,TRANSFER,3140.06,C100000734,39447.57,36307.51,C200004405,23564.7,26704.76,0,0
522,TRANSFER,3982.61,C100001096,56632.29,52649.68,C200003848,35483.09,39465.7,0,0
522,TRANSFER,3637.43,C100001972,6918.927027707918,3281.5,C200000958,21108.66,24746.09,0,0
522,TRANSFER,6554.26,C100002076,142614.04,136059.78,C200000075,62212.06,68766.32,0,0
522,TRANSFER,10266.72,C100002239,28777.94,18511.22,C200006498,35350.09,45616.81,0,0
522,TRANSFER,4617.17,C100002964,16565.35,11948.18,C200006094,8626.51,13243.68,0,0
522,TRANSFER,2153.54,C100003775,24533.22,22379.68,C200001419,4508.91,6662.45,0,0
522,TRANSFER,31057.07,C100005879,33307.21951879881,2250.15,C200006022,43255.43,74312.5,0,0
522,TRANSFER,2282.57,C100006349,33118.57,30836.0,C200003871,695.12,2977.69,0,0
522,TRANSFER,1632.53,C100006649,11945.58,10313.05,C200003945,5692.99,7325.52,0,0
523,TRANSFER,309.81,C100000031,4352.786148961063,4042.98,C200000631,2088.7,2398.51,0,0
523,TRANSFER,978.34,C100000256,17210.54,16232.2,C200006159,173226.25,174204.59,0,0
523,TRANSFER,19193.14,C100001196,20878.754306257135,1685.61,C200003699,7138.17,26331.31,0,0
523,TRANSFER,2099.64,C100001387,17880.37,15780.73,C200000073,17836.89,19936.53,0,0
523,TRANSFER,4227.57,C100001948,16099.06,11871.49,C200004816,46325.42,50552.99,0,0
523,TRANSFER,19943.9,C100002317,23946.8317158996,4002.93,C200001800,2902.21,22846.11,0,0
523,TRANSFER,3604.52,C100002636,6855.145951489771,3250.63,C200005976,9825.96,13430.48,0,0
523,TRANSFER,507.78,C100004471,16705.68,16197.9,C200001821,81252.11,81759.89,0,0
523,TRANSFER,1006.74,C100005645,817955.62,816948.88,C200001258,223080.75,224087.49,0,0
523,TRANSFER,515.67,C100006142,282633.0,282117.33,C200004388,1000000.0,1000515.67,0,0
523,TRANSFER,14833.88,C100006844,52840.5,38006.62,C200000933,8076.02,22909.9,0,0
524,TRANSFER,17643.44,C100000385,39602.46,21959.02,C200003960,15725.16,33368.6,0,0
524,TRANSFER,9607.81,C100001849,40619.84,31012.03,C200001604,19167.8,28775.61,0,0
524,TRANSFER,608.08,C100001984,58116.5,57508.42,C200003783,23298.69,23906.77,0,0
524,TRANSFER,2373.67,C100002312,3794.065061996685,1420.4,C200002550,27197.41,29571.08,0,0
524,TRANSFER,4370.88,C100003346,37742.54,33371.66,C200004460,2794.45,7165.33,0,0
524,TRANSFER,447.75,C100003947,84484.15,84036.4,C200003534,15891.4,16339.15,0,0
524,TRANSFER,16048.43,C100004296,37639.32,21590.89,C200002708,49066.23,65114.66,0,0
524,TRANSFER,11332.49,C100006428,15683.388658668839,4350.9,C200000879,22685.41,34017.9,0,0
524,TRANSFER,10257.93,C100006545,59819.64,49561.71,C200002540,28387.91,38645.84,1,0
524,TRANSFER,5368.19,C100006560,28328.23,22960.04,C200001253,322497.42,327865.61,0,0
525,TRANSFER,1604.61,C100000013,25137.58,23532.97,C200004154,25115.71,26720.32,0,0
525,TRANSFER,1508.48,C100000210,68771.83,67263.35,C200003869,11336.85,12845.33,0,0
525,TRANSFER,1301.67,C100000584,16684.0,15382.33,C200001044,15253.2,16554.87,0,0
525,TRANSFER,153.49,C100000819,32316.95,32163.46,C200002142,56592.21,56745.7,0,0
525,TRANSFER,320.87,C100001012,14397.06,14076.19,C200004972,27151.86,27472.73,0,0
525,TRANSFER,2365.73,C100001739,86264.31,83898.58,C200004578,283914.17,286279.9,0,0
525,TRANSFER,2766.11,C100001809,37451.29,34685.18,C200003635,217728.51,220494.62,0,0
525,TRANSFER,7900.72,C100002822,40329.89,32429.17,C200002580,49653.2,57553.92,0,0
525,TRANSFER,633.97,C100003118,44492.94,43858.97,C200000480,133346.41,133980.38,0,0
525,TRANSFER,1767.31,C100003389,7663.27,5895.96,C200003899,39997.42,41764.73,0,0
525,TRANSFER,1666.23,C100003970,13286.57,11620.34,C200006027,4264.9,5931.13,0,0
525,TRANSFER,5333.37,C100004063,5842.553646840559,509.18,C200002552,87479.11,92812.48,0,0
525,TRANSFER,5536.0,C100004937,10335.356295361304,4799.36,C200004494,5527.0,11063.0,0,0
525,TRANSFER,2095.26,C100005243,10369.5,8274.24,C200002729,21119.08,23214.34,0,0
525,TRANSFER,3972.08,C100006744,20430.43,16458.35,C200000793,122084.11,126056.19,0,0
526,TRANSFER,28743.18,C100000118,47846.65,19103.47,C200001340,16390.09,45133.27,0,0
526,TRANSFER,11784.48,C100001055,23317.45,11532.97,C200002861,5116.62,16901.1,0,0
526,TRANSFER,3254.24,C100001203,34991.1,31736.86,C200001939,19889.42,23143.66,0,0
526,TRANSFER,43847.93,C100001918,44753.41333233053,905.48,C200001017,8945.04,52792.97,0,0
526,TRANSFER,3644.2,C100002386,9731.13,6086.93,C200003312,88937.66,92581.86,0,0
526,TRANSFER,5547.06,C100002675,22776.47,17229.41,C200004469,101790.73,107337.79,0,0
526,TRANSFER,9472.36,C100003785,13362.729979014137,3890.37,C200001773,3281.33,12753.69,0,0
526,TRANSFER,1950.53,C100004125,286372.1,284421.57,C200001413,4565.73,6516.26,0,0
526,TRANSFER,10952.91,C100004147,142359.44,131406.53,C200002724,7148.52,18101.43,0,0
526,TRANSFER,1756.01,C100004257,46839.91,45083.9,C200002877,144904.36,146660.37,0,0
526,TRANSFER,7633.21,C100004606,11374.026112398971,3740.82,C200005202,1799.86,9433.07,0,0
526,TRANSFER,1477.69,C100005311,48637.0,47159.31,C200001434,30845.04,32322.73,0,0
527,TRANSFER,4941.04,C100000151,25250.91,20309.87,C200002298,79744.62,84685.66,0,0
527,TRANSFER,2587.39,C100000431,31712.14,29124.75,C200004605,44809.11,47396.5,0,0
527,TRANSFER,7116.4,C100000590,11444.11411436805,4327.71,C200006027,9557.25,16673.65,0,0
527,TRANSFER,3797.07,C100000911,8658.154476007316,4861.08,C200001528,24360.99,28158.06,0,0
527,TRANSFER,1507.73,C100001333,77359.66,75851.93,C200003108,33158.08,34665.81,0,0
527,TRANSFER,9134.84,C100001467,135709.19,126574.35,C200003204,277447.4,286582.24,0,0
527,TRANSFER,625.25,C100002495,31685.25,31060.0,C200002617,10049.26,10674.51,0,0
527,TRANSFER,2847.16,C100002669,4976.160958213878,2129.0,C200002281,11862.11,14709.27,0,0
527,TRANSFER,3913.37,C100002940,6216.151097546759,2302.78,C200000387,23860.62,27773.99,0,0
527,TRANSFER,1115.79,C100003054,7297.19,6181.4,C200004419,33289.08,34404.87,0,0
527,TRANSFER,1690.29,C100003810,40624.71,38934.42,C200005924,6105.47,7795.76,0,0
527,TRANSFER,10956.27,C100003814,26547.93,15591.66,C200004360,9355.81,20312.08,0,0
527,TRANSFER,1193.87,C100004913,53053.63,51859.76,C200005095,72744.47,73938.34,0,0
527,TRANSFER,11008.44,C100005521,24451.61,13443.17,C200003215,10878.33,21886.77,0,0
527,TRANSFER,4345.29,C100005551,92542.41,88197.12,C200004325,109072.22,113417.51,0,0
527,TRANSFER,3021.63,C100006099,10518.83,7497.2,C200004207,51427.17,54448.8,0,0
527,TRANSFER,2558.23,C100006184,81540.81,78982.58,C200004750,51726.98,54285.21,0,0
527,TRANSFER,2223.71,C100006487,59389.82,57166.11,C200005303,1867.98,4091.69,0,0
527,TRANSFER,1434.85,C100006623,30014.86,28580.01,C200004127,51295.94,52730.79,0,0
527,TRANSFER,2471.06,C100006857,42233.64,39762.58,C200004191,2623.73,5094.79,0,0
528,TRANSFER,27153.88,C100000844,231677.44,204523.56,C200002405,15662.82,42816.7,0,0
528,TRANSFER,15391.77,C100000993,20329.18,4937.41,C900003671,5488.06,20879.83,1,0
528,TRANSFER,1609.77,C100001164,12377.52,10767.75,C200006137,27256.4,28866.17,0,0
528,TRANSFER,512.15,C100001296,57051.07,56538.92,C200005914,34511.17,35023.32,0,0
528,TRANSFER,3999.99,C100001851,7994.346604733175,3994.36,C200004559,72148.65,76148.64,0,0
528,TRANSFER,1162.65,C100002663,6010.75,4848.1,C200000390,35583.36,36746.01,0,0
528,TRANSFER,1630.13,C100004375,44850.08,43219.95,C200003701,27208.08,28838.21,0,0
528,TRANSFER,430.86,C100004453,23964.5,23533.64,C200002993,14299.97,14730.83,0,0
528,TRANSFER,812.89,C100005431,44987.93,44175.04,C200004090,27334.2,28147.09,0,0
528,TRANSFER,1716.18,C100005551,5420.12,3703.94,C200005235,4513.06,6229.24,0,0
528,TRANSFER,621.39,C100005700,70242.18,69620.79,C200004315,3844.76,4466.15,0,0
528,TRANSFER,2909.18,C100005880,7950.14,5040.96,C200004825,21237.95,24147.13,0,0
528,TRANSFER,4535.19,C100006119,77778.42,73243.23,C200003345,5712.12,10247.31,0,0
528,TRANSFER,3950.27,C100006920,81578.67,77628.4,C200000485,16708.72,20658.99,0,0
529,TRANSFER,3710.36,C100000153,40052.16,36341.8,C200001191,796.31,4506.67,0,0
529,TRANSFER,335.94,C100000430,6303.93,5967.99,C200000562,7979.22,8315.16,0,0
529,TRANSFER,50221.53,C100000779,54346.00743686827,4124.48,C900003645,84981.22,135202.75,1,0
529,TRANSFER,2076.31,C100002249,44019.18,41942.87,C200004784,5294.22,7370.53,0,0
529,TRANSFER,2287.02,C100002548,95541.09,93254.07,C200002093,45989.28,48276.3,0,0
529,TRANSFER,2526.64,C100002608,66790.76,64264.12,C200004437,6562.3,9088.94,0,0
529,TRANSFER,2060.26,C100003626,15664.16,13603.9,C200006329,11127.96,13188.22,0,0
529,TRANSFER,2578.66,C100003713,29747.13,27168.47,C200002447,1000000.0,1002578.66,0,0
529,TRANSFER,1450.2,C100004519,14011.56,12561.36,C200005359,21347.45,22797.65,0,0
529,TRANSFER,14466.95,C100004545,26721.55,12254.6,C200000111,32819.01,47285.96,0,0
529,TRANSFER,315.63,C100005664,14140.3,13824.67,C200001697,135318.39,135634.02,0,0
529,TRANSFER,4235.54,C100006126,51483.97,47248.43,C200003418,299272.69,303508.23,0,0
529,TRANSFER,5724.39,C100006397,28438.97,22714.58,C200000622,36225.08,41949.47,0,0
529,TRANSFER,1081.15,C100006439,27266.65,26185.5,C200000366,41121.15,42202.3,0,0
529,TRANSFER,1913.53,C100006608,59582.02,57668.49,C200001752,61489.64,63403.17,0,0
529,TRANSFER,6014.78,C100006660,59675.66,53660.88,C200006474,68694.23,74709.01,0,0
530,TRANSFER,1507.01,C100000162,43195.39,41688.38,C200000360,18829.23,20336.24,0,0
530,TRANSFER,1312.84,C100000270,7595.26,6282.42,C200002812,38503.49,39816.33,0,0
530,TRANSFER,2997.92,C100002410,112860.51,109862.59,C200003376,2399.09,5397.01,0,0
530,TRANSFER,2279.35,C100002585,24554.01,22274.66,C200001624,23329.92,25609.27,0,0
530,TRANSFER,5704.26,C100003023,102427.22,96722.96,C200001691,20807.33,26511.59,1,0
530,TRANSFER,3790.73,C100003294,218893.85,215103.12,C200006057,92940.36,96731.09,0,0
530,TRANSFER,2052.97,C100003827,33564.78,31511.81,C200003481,15675.47,17728.44,0,0
530,TRANSFER,4295.23,C100003883,175781.55,171486.32,C200003904,5192.54,9487.77,0,0
530,TRANSFER,472.01,C100005066,324991.44,324519.43,C200003905,19387.52,19859.53,0,0
530,TRANSFER,1348.47,C100005730,14824.75,13476.28,C200004485,94701.91,96050.38,0,0
530,TRANSFER,7845.35,C100006132,12887.46,5042.11,C200002268,38723.3,46568.65,0,0
530,TRANSFER,797.5,C100006260,15495.47,14697.97,C200003801,1000000.0,1000797.5,0,0
530,TRANSFER,989.57,C100006566,38952.19,37962.62,C200004103,15469.74,16459.31,0,0
531,TRANSFER,5329.37,C100000039,35824.4,30495.03,C200002227,24947.47,30276.84,0,0
531,TRANSFER,926.01,C100000123,11471.5,10545.49,C200002472,24353.86,25279.87,0,0
531,TRANSFER,1099.37,C100001693,32490.66,31391.29,C200001886,18420.7,19520.07,0,0
531,TRANSFER,1508.83,C100001822,39197.31,37688.48,C200000442,24130.73,25639.56,0,0
531,TRANSFER,2277.48,C100002122,12486.69,10209.21,C200006447,3041.48,5318.96,0,0
531,TRANSFER,1170.11,C100003560,20868.01,19697.9,C200000000,103727.47,104897.58,0,0
531,TRANSFER,13479.07,C100003637,14816.030864264843,1336.96,C200002747,5918.02,19397.09,0,0
531,TRANSFER,1499.3,C100003745,5330.33,3831.03,C200004787,2549.01,4048.31,0,0
531,TRANSFER,4243.32,C100004010,7175.51,2932.19,C200005041,1328.45,5571.77,0,0
531,TRANSFER,7877.05,C100004142,12639.22,4762.17,C200002639,22747.78,30624.83,0,0
531,TRANSFER,1692.41,C100004527,35280.3,33587.89,C200004318,10886.04,12578.45,0,0
531,TRANSFER,4365.44,C100005791,54662.48,50297.04,C200006451,10378.64,14744.08,0,0
532,TRANSFER,4156.11,C100000464,24407.15,20251.04,C200003485,2588.64,6744.75,0,0
532,TRANSFER,1004.46,C100000740,60584.74,59580.28,C200000185,10714.83,11719.29,0,0
532,TRANSFER,912.07,C100000790,96554.02,95641.95,C200003773,5797.76,6709.83,0,0
532,TRANSFER,2544.72,C100001328,23678.02,21133.3,C200001725,75148.84,77693.56,0,0
532,TRANSFER,4149.59,C100001637,25265.13,21115.54,C200005057,1554.54,5704.13,0,0
532,TRANSFER,3845.37,C100001745,79764.03,75918.66,C200004396,30625.71,34471.08,0,0
532,TRANSFER,10916.18,C100002776,176139.76,165223.58,C200001703,22690.13,33606.31,0,0
532,TRANSFER,497.01,C100003307,5206.33,4709.32,C200003804,452254.69,452751.7,0,0
532,TRANSFER,1050.36,C100003703,27426.17,26375.81,C200004374,127190.13,128240.49,0,0
532,TRANSFER,685.85,C100003967,6069.36,5383.51,C200006449,3164.8,3850.65,0,0
532,TRANSFER,2792.77,C100004287,186208.15,183415.38,C200000121,4478.26,7271.03,0,0
532,TRANSFER,910.69,C100004318,25526.86,24616.17,C200001010,65895.62,66806.31,0,0
532,TRANSFER,1011.89,C100005054,49104.75,48092.86,C200005745,105113.96,106125.85,0,0
532,TRANSFER,6135.17,C100006593,59494.37,53359.2,C200002453,7018.39,13153.56,0,0
532,TRANSFER,559.54,C100006933,37743.44,37183.9,C200002736,3266.24,3825.78,0,0
533,TRANSFER,917.07,C100000311,34954.99,34037.92,C200006291,18489.12,19406.19,0,0
533,TRANSFER,459.58,C100001279,55176.03,54716.45,C200001306,3324.3,3783.88,0,0
533,TRANSFER,5225.07,C100001455,7318.492070947361,2093.42,C200002858,151207.82,156432.89,0,0
533,TRANSFER,1257.14,C100001637,43500.39,42243.25,C200003591,2948.56,4205.7,0,0
533,TRANSFER,1029.36,C100001933,113665.37,112636.01,C200005944,7838.97,8868.33,0,0
533,TRANSFER,504.59,C100002372,12257.5,11752.91,C200002480,3176.12,3680.71,0,0
533,TRANSFER,2909.9,C100003073,17058.1,14148.2,C200004240,209074.13,211984.03,0,0
533,TRANSFER,78499.54,C100003311,80278.27589839378,1778.74,C200003216,17602.82,96102.36,0,0
533,TRANSFER,878.09,C100003359,110525.72,109647.63,C200003039,63956.15,64834.24,0,0
533,TRANSFER,1096.53,C100003518,118025.4,116928.87,C200000358,48627.36,49723.89,0,0
533,TRANSFER,16271.7,C100004206,100338.52,84066.82,C200003160,39226.29,55497.99,0,0
533,TRANSFER,238.03,C100004446,3717.763521526028,3479.73,C200003876,14189.02,14427.05,0,0
533,TRANSFER,30753.03,C100004458,46411.88,15658.85,C200000848,7314.81,38067.84,0,0
533,TRANSFER,2468.38,C100004861,53385.51,50917.13,C200004370,19536.31,22004.69,0,0
533,TRANSFER,2568.28,C100006542,196007.32,193439.04,C200000852,126262.51,128830.79,0,0
534,TRANSFER,631.23,C100000201,5873.09,5241.86,C200003102,270779.7,271410.93,0,0
534,TRANSFER,1742.93,C100001170,42562.27,40819.34,C200002016,21916.07,23659.0,0,0
534,TRANSFER,15540.94,C100001934,16909.676439400522,1368.74,C200003337,1734.72,17275.66,0,0
534,TRANSFER,30274.62,C100002071,53729.0,23454.38,C200006221,9742.2,40016.82,0,0
534,TRANSFER,2700.7,C100002250,42920.62,40219.92,C200004950,15785.34,18486.04,0,0
534,TRANSFER,435.88,C100002449,37411.03,36975.15,C200006392,29396.59,29832.47,0,0
534,TRANSFER,2093.38,C100002844,64191.9,62098.52,C200001403,7312.31,9405.69,0,0
534,TRANSFER,3640.47,C100003024,75179.17,71538.7,C200000196,16003.87,19644.34,0,0
534,TRANSFER,5738.71,C100004014,7604.87,1866.16,C200004506,6481.0,12219.71,0,0
534,TRANSFER,1513.47,C100004355,8264.33,6750.86,C200006191,17125.74,18639.21,0,0
534,TRANSFER,1678.57,C100004668,75288.79,73610.22,C200000744,80755.04,82433.61,0,0
534,TRANSFER,13707.4,C100005843,83898.95,70191.55,C200001283,15194.94,28902.34,0,0
535,TRANSFER,17054.47,C100000112,35330.2,18275.73,C200002962,84267.98,101322.45,0,0
535,TRANSFER,3434.03,C100000290,6753.039716506732,3319.01,C200003468,277575.56,281009.59,0,0
535,TRANSFER,4838.75,C100000929,104541.19,99702.44,C200002512,10678.28,15517.03,0,0
535,TRANSFER,814.65,C100001370,51527.08,50712.43,C200004355,9394.75,10209.4,0,0
535,TRANSFER,2723.38,C100002147,18114.91,15391.53,C200000309,29618.83,32342.21,0,0
535,TRANSFER,4566.55,C100002852,317333.14,312766.59,C200001086,39140.8,43707.35,0,0
535,TRANSFER,3697.06,C100004151,13550.51,9853.45,C200006454,6994.11,10691.17,0,0
535,TRANSFER,964.75,C100005829,131243.66,130278.91,C200002579,11774.84,12739.59,0,0
535,TRANSFER,8170.2,C100005984,20110.41,11940.21,C200000315,8312.84,16483.04,0,0
536,TRANSFER,2020.05,C100000516,199432.17,197412.12,C200003777,6531.81,8551.86,0,0
536,TRANSFER,8590.96,C100000560,43260.93,34669.97,C200004059,9976.15,18567.11,0,0
536,TRANSFER,1151.2,C100000759,2532.3412836051693,1381.14,C200002259,23548.41,24699.61,0,0
536,TRANSFER,2330.74,C100000770,10141.24,7810.5,C200000445,44986.47,47317.21,0,0
536,TRANSFER,1427.31,C100001484,12804.19,11376.88,C200006204,47465.45,48892.76,0,0
536,TRANSFER,553.51,C100001817,56561.49,56007.98,C200000493,3106.45,3659.96,0,0
536,TRANSFER,276.14,C100002017,5052.001405483113,4775.86,C200004163,37922.79,38198.93,0,0
536,TRANSFER,2866.59,C100002507,4246.2,1379.61,C200000884,38909.33,41775.92,0,0
536,TRANSFER,2607.25,C100002915,44435.75,41828.5,C200000885,24123.29,26730.54,0,0
536,TRANSFER,2673.96,C100003056,60405.24,57731.28,C200004130,2747.44,5421.4,0,0
536,TRANSFER,817.18,C100003316,24264.63,23447.45,C200006082,8244.79,9061.97,0,0
536,TRANSFER,587.13,C100003496,11147.82,10560.69,C200000043,15270.35,15857.48,0,0
536,TRANSFER,1519.58,C100003852,73119.56,71599.98,C200006444,34615.49,36135.07,0,0
536,TRANSFER,4332.69,C100004918,90626.79,86294.1,C200003142,6917.54,11250.23,0,0
536,TRANSFER,223.44,C100006453,3730.58,3507.14,C200002081,7214.19,7437.63,0,0
537,TRANSFER,983.79,C100000214,10285.17,9301.38,C200004412,3446.65,4430.44,0,0
537,TRANSFER,14204.17,C100001217,19265.24,5061.07,C200003940,1102.89,15307.06,0,0
537,TRANSFER,284.12,C100002092,88014.18,87730.06,C200002343,10903.68,11187.8,0,0
537,TRANSFER,9294.11,C100002872,30960.35,21666.24,C200002287,7912.89,17207.0,0,0
537,TRANSFER,1393.1,C100003316,86445.97,85052.87,C200004548,8528.81,9921.91,0,0
537,TRANSFER,1579.74,C100003766,56500.91,54921.17,C200003797,34358.25,35937.99,0,0
537,TRANSFER,10877.33,C100004500,34922.0,24044.67,C200001176,90870.6,101747.93,0,0
537,TRANSFER,35382.61,C100005333,60147.73,24765.12,C200000388,483254.75,518637.36,0,0
537,TRANSFER,7654.06,C100006001,8807.324285791914,1153.26,C200003872,865018.54,872672.6,0,0
537,TRANSFER,900.07,C100006559,4836.423015696195,3936.35,C200004166,47135.39,48035.46,0,0
538,TRANSFER,4471.58,C100000026,11199.67,6728.09,C200005636,22457.86,26929.44,0,0
538,TRANSFER,339.53,C100000385,144509.88,144170.35,C200006468,65825.33,66164.86,0,0
538,TRANSFER,1919.15,C100000386,94245.95,92326.8,C200004728,28628.64,30547.79,0,0
538,TRANSFER,601.61,C100000402,4069.98,3468.37,C200003085,328913.92,329515.53,0,0
538,TRANSFER,33125.69,C100000659,33357.38755747313,231.7,C200005721,8170.45,41296.14,0,0
538,TRANSFER,1517.03,C100000862,8470.95,6953.92,C200004119,13749.09,15266.12,0,0
538,TRANSFER,4741.8,C100001801,8800.978447716701,4059.18,C200004581,34583.12,39324.92,0,0
538,TRANSFER,912.66,C100002636,211929.23,211016.57,C200004182,88772.29,89684.95,0,0
538,TRANSFER,981.32,C100002893,92152.11,91170.79,C200004849,4959.76,5941.08,0,0
538,TRANSFER,435.22,C100002999,20314.0,19878.78,C200003144,75935.94,76371.16,0,0
538,TRANSFER,1156.97,C100003129,25172.34,24015.37,C200004589,16642.34,17799.31,0,0
538,TRANSFER,658.36,C100003315,12664.77,12006.41,C200006045,9047.42,9705.78,0,0
538,TRANSFER,8930.98,C100003898,47441.02,38510.04,C200002901,8506.76,17437.74,0,0
538,TRANSFER,3388.11,C100004817,76194.83,72806.72,C200006240,25151.46,28539.57,0,0
539,TRANSFER,975.54,C100000203,22060.24,21084.7,C200006298,43954.16,44929.7,0,0
539,TRANSFER,1419.68,C100000638,19149.91,17730.23,C200003946,24838.47,26258.15,0,0
539,TRANSFER,6301.51,C100000968,25722.33,19420.82,C200005412,50698.37,56999.88,0,0
539,TRANSFER,5824.93,C100001174,33986.05,28161.12,C200003205,45800.0,51624.93,0,0
539,TRANSFER,4795.02,C100001186,27680.84,22885.82,C200005586,5755.68,10550.7,0,0
539,TRANSFER,6922.64,C100001529,26349.05,19426.41,C200000264,4610.85,11533.49,0,0
539,TRANSFER,932.05,C100002172,18276.94,17344.89,C200006116,31445.84,32377.89,0,0
539,TRANSFER,883.51,C100003673,47148.41,46264.9,C200000484,43024.37,43907.88,0,0
539,TRANSFER,3554.8,C100003948,25422.42,21867.62,C200004914,10752.42,14307.22,0,0
539,TRANSFER,3371.38,C100004245,178002.99,174631.61,C200004903,7512.04,10883.42,0,0
539,TRANSFER,3303.97,C100004330,208044.02,204740.05,C200000759,49621.24,52925.21,0,0
539,TRANSFER,5659.55,C100004645,111447.91,105788.36,C200004948,125879.86,131539.41,0,0
539,TRANSFER,4961.55,C100005474,34663.17,29701.62,C200003958,84006.62,88968.17,0,0
539,TRANSFER,1725.28,C100006345,250371.27,248645.99,C200004151,66079.92,67805.2,0,0
539,TRANSFER,3943.59,C100006417,138372.08,134428.49,C200001148,14036.29,17979.88,0,0
540,TRANSFER,1970.92,C100000586,45118.48,43147.56,C200004764,113035.33,115006.25,0,0
540,TRANSFER,7011.09,C100001313,55466.85,48455.76,C200002221,4078.31,11089.4,0,0
540,TRANSFER,297.25,C100002047,20038.3,19741.05,C200000805,22201.2,22498.45,0,0
540,TRANSFER,756.96,C100002691,4247.11,3490.15,C200002052,24575.91,25332.87,0,0
540,TRANSFER,1216.49,C100003373,42500.04,41283.55,C200001758,6060.73,7277.22,0,0
540,TRANSFER,1002.69,C100003399,18896.08,17893.39,C200005347,10936.24,11938.93,0,0
540,TRANSFER,632.27,C100004070,195923.35,195291.08,C200004941,6410.04,7042.31,0,0
540,TRANSFER,1712.67,C100005050,17777.79,16065.12,C200004216,37111.52,38824.19,0,0
540,TRANSFER,4190.74,C100005149,261104.47,256913.73,C200006237,8173.27,12364.01,0,0
540,TRANSFER,354.58,C100005718,29033.81,28679.23,C200001219,11127.57,11482.15,0,0
540,TRANSFER,940.66,C100006680,6146.62,5205.96,C200003884,63317.69,64258.35,0,0
540,TRANSFER,4403.41,C100006746,61988.3,57584.89,C200001938,74413.38,78816.79,0,0
541,TRANSFER,541.04,C100000044,9098.37,8557.33,C200003219,45765.98,46307.02,0,0
541,TRANSFER,3252.13,C100001986,26436.61,23184.48,C200000808,3254.11,6506.24,0,0
541,TRANSFER,7109.23,C100002122,7498.37,389.14,C200005133,7200.82,14310.05,0,0
541,TRANSFER,1757.17,C100002199,80344.17,78587.0,C200005711,100482.06,102239.23,0,0
541,TRANSFER,1398.72,C100002306,5659.63,4260.91,C200000806,402894.64,404293.36,0,0
541,TRANSFER,10074.87,C100002423,22551.1,12476.23,C200003171,74469.4,84544.27,0,0
541,TRANSFER,597.36,C100002724,23360.73,22763.37,C200005413,18377.64,18975.0,0,0
541,TRANSFER,2102.85,C100003201,19276.98,17174.13,C200005846,227875.62,229978.47,0,0
541,TRANSFER,3138.66,C100003846,26754.9,23616.24,C200006008,1575.64,4714.3,0,0
541,TRANSFER,1367.9,C100004503,94458.5,93090.6,C200001493,13847.16,15215.06,0,0
541,TRANSFER,1758.11,C100004603,11405.68,9647.57,C200003456,63611.27,65369.38,0,0
541,TRANSFER,1609.21,C100004885,79237.59,77628.38,C200000187,84805.36,86414.57,0,0
541,TRANSFER,351.79,C100004930,57490.59,57138.8,C200001599,7261.53,7613.32,0,0
541,TRANSFER,254.44,C100005294,50670.83,50416.39,C200000368,14429.35,14683.79,0,0
541,TRANSFER,2140.24,C100005665,20623.85,18483.61,C200005796,16945.09,19085.33,0,0
541,TRANSFER,5836.43,C100006667,7064.175895996623,1227.75,C200000674,269538.13,275374.56,0,0
541,TRANSFER,3167.74,C100006954,13590.9,10423.16,C200003034,10821.19,13988.93,0,0
542,TRANSFER,1782.1,C100000201,16084.25,14302.15,C200003600,8898.98,10681.08,0,0
542,TRANSFER,759.5,C100000664,22355.98,21596.48,C200006169,15050.08,15809.58,0,0
542,TRANSFER,5552.32,C100000810,45395.1,39842.78,C200001637,8376.83,13929.15,0,0
542,TRANSFER,5859.95,C100000901,51217.21,45357.26,C200002791,36236.06,42096.01,0,0
542,TRANSFER,345.03,C100001277,40753.07,40408.04,C200001585,52212.11,52557.14,0,0
542,TRANSFER,3079.58,C100001801,23723.18,20643.6,C200000536,27068.39,30147.97,0,0
542,TRANSFER,4710.91,C100002061,15055.27,10344.36,C200001756,450.27,5161.18,0,0
542,TRANSFER,5074.35,C100002105,77427.49,72353.14,C200003125,14193.57,19267.92,0,0
542,TRANSFER,713.81,C100002786,83656.6,82942.79,C200000593,23889.48,24603.29,0,0
542,TRANSFER,1137.83,C100003025,30997.72,29859.89,C200003954,21899.93,23037.76,0,0
542,TRANSFER,1348.38,C100003397,39256.94,37908.56,C200002014,31252.45,32600.83,0,0
542,TRANSFER,3306.72,C100003400,122482.25,119175.53,C200005550,9959.91,13266.63,0,0
542,TRANSFER,12862.53,C100003566,16745.164513330685,3882.63,C200002476,4474.01,17336.54,0,0
542,TRANSFER,2997.0,C100004884,9516.67,6519.67,C200004900,12896.43,15893.43,0,0
542,TRANSFER,6267.71,C100005084,24085.26,17817.55,C200002615,41623.04,47890.75,0,0
542,TRANSFER,335.24,C100005579,69623.05,69287.81,C200003704,122467.47,122802.71,0,0
542,TRANSFER,3338.88,C100006994,14186.07,10847.19,C200000237,17378.2,20717.08,0,0
543,TRANSFER,2977.05,C100000296,82936.6,79959.55,C200001091,255472.51,258449.56,0,0
543,TRANSFER,3485.85,C100000383,7450.349906088084,3964.5,C200003237,10395.89,13881.74,0,0
543,TRANSFER,5556.72,C100001523,88838.54,83281.82,C200000849,9801.36,15358.08,0,0
543,TRANSFER,2033.42,C100002755,8877.29,6843.87,C200002943,30279.07,32312.49,0,0
543,TRANSFER,205.44,C100003675,19230.19,19024.75,C200006273,14589.95,14795.39,0,0
543,TRANSFER,2044.11,C100003723,22519.24,20475.13,C200002705,130806.99,132851.1,0,0
543,TRANSFER,5757.76,C100005751,16303.25,10545.49,C200005849,19807.33,25565.09,0,0
543,TRANSFER,836.69,C100006042,48158.53,47321.84,C200001288,3616.13,4452.82,0,0
543,TRANSFER,6747.52,C100006213,29329.11,22581.59,C200001226,9540.54,16288.06,0,0
544,TRANSFER,11942.66,C100000127,153130.83,141188.17,C200002764,2981.84,14924.5,0,0
544,TRANSFER,4500.25,C100000155,7245.11,2744.86,C200000766,3986.48,8486.73,0,0
544,TRANSFER,2026.38,C100000251,13642.49,11616.11,C200003490,3377.37,5403.75,0,0
544,TRANSFER,2737.22,C100000765,11095.53,8358.31,C200002822,71265.6,74002.82,0,0
544,TRANSFER,1928.29,C100001685,13802.56,11874.27,C200002234,75105.72,77034.01,0,0
544,TRANSFER,4872.1,C100002041,8266.820914479717,3394.72,C200001230,53724.78,58596.88,0,0
544,TRANSFER,716.53,C100002058,10789.28,10072.75,C200001968,4408.66,5125.19,0,0
544,TRANSFER,697.94,C100002227,16139.49,15441.55,C200005571,38090.13,38788.07,0,0
544,TRANSFER,223.75,C100002716,27570.58,27346.83,C200000825,55850.82,56074.57,0,0
544,TRANSFER,244.9,C100002971,98559.85,98314.95,C200003329,12326.08,12570.98,0,0
544,TRANSFER,6926.5,C100003218,28149.13,21222.63,C200002506,51118.16,58044.66,0,0
544,TRANSFER,3826.28,C100003694,75594.96,71768.68,C200000000,23932.17,27758.45,0,0
544,TRANSFER,6174.87,C100003929,84533.7,78358.83,C200003798,5782.72,11957.59,0,0
544,TRANSFER,9272.63,C100005223,10863.506691844581,1590.88,C200001555,4987.19,14259.82,0,0
545,TRANSFER,1836.0,C100000471,50740.56,48904.56,C200005782,1687.98,3523.98,0,0
545,TRANSFER,67.63,C100001216,12695.58,12627.95,C200001953,10491.94,10559.57,0,0
545,TRANSFER,9505.5,C100001502,154957.36,145451.86,C200003919,11523.35,21028.85,0,0
545,TRANSFER,6316.74,C100001655,63278.32,56961.58,C200005412,9608.94,15925.68,0,0
545,TRANSFER,5719.75,C100001824,200182.42,194462.67,C200005301,31647.44,37367.19,0,0
545,TRANSFER,639.63,C100003186,18181.87,17542.24,C200004215,74235.45,74875.08,0,0
545,TRANSFER,1320.49,C100003457,9099.79,7779.3,C200003011,68099.96,69420.45,0,0
545,TRANSFER,2569.76,C100003507,55932.43,53362.67,C200004121,21271.62,23841.38,0,0
545,TRANSFER,1732.18,C100003990,31678.69,29946.51,C200004261,174435.8,176167.98,0,0
545,TRANSFER,1248.51,C100004373,62015.95,60767.44,C200002421,5866.34,7114.85,0,0
545,TRANSFER,2698.25,C100005025,13578.91,10880.66,C200006082,51985.79,54684.04,0,0
545,TRANSFER,8663.7,C100005543,12569.677874240797,3905.98,C200004132,51793.28,60456.98,0,0
545,TRANSFER,9038.3,C100005647,9236.810542581969,198.51,C200005088,5001.24,14039.54,0,0
546,TRANSFER,3103.91,C100000187,37424.33,34320.42,C200005842,92054.06,95157.97,0,0
546,TRANSFER,1502.16,C100000987,168672.03,167169.87,C200005365,119389.24,120891.4,0,0
546,TRANSFER,849.11,C100002047,20255.36,19406.25,C200006227,11741.87,12590.98,0,0
546,TRANSFER,2788.28,C100002795,241792.92,239004.64,C200002537,31138.78,33927.06,0,0
546,TRANSFER,3447.0,C100002998,89828.92,86381.92,C200000072,21751.29,25198.29,0,0
546,TRANSFER,8391.68,C100003465,52640.17,44248.49,C200001546,42933.64,51325.32,0,0
546,TRANSFER,4075.11,C100003623,40371.03,36295.92,C200004928,30026.26,34101.37,0,0
546,TRANSFER,4051.55,C100003732,29486.24,25434.69,C200001069,59544.76,63596.31,0,0
546,TRANSFER,4544.32,C100003973,17676.76,13132.44,C200000725,122155.62,126699.94,0,0
546,TRANSFER,3669.15,C100004189,20616.96,16947.81,C200001028,31208.24,34877.39,0,0
546,TRANSFER,12648.98,C100004463,42120.71,29471.73,C200004404,37868.26,50517.24,0,0
546,TRANSFER,503.32,C100004573,11479.77,10976.45,C200006447,40368.45,40871.77,0,0
546,TRANSFER,2061.77,C100004783,11042.47,8980.7,C200004401,109803.04,111864.81,0,0
546,TRANSFER,4052.59,C100005172,5573.64,1521.05,C200005264,6911.39,10963.98,0,0
546,TRANSFER,2118.34,C100005417,37442.7,35324.36,C200005784,19462.23,21580.57,0,0
546,TRANSFER,922.36,C100005810,11531.98,10609.62,C200004143,41478.05,42400.41,0,0
546,TRANSFER,486.83,C100006317,17798.45,17311.62,C200001412,3795.6,4282.43,0,0
546,TRANSFER,2439.23,C100006696,86096.43,83657.2,C200003393,101303.25,103742.48,0,0
547,TRANSFER,766.51,C100000027,12176.06,11409.55,C200004169,31249.94,32016.45,0,0
547,TRANSFER,16070.47,C100000777,96315.88,80245.41,C200005869,15503.13,31573.6,0,0
547,TRANSFER,33032.79,C100000857,35872.9669033204,2840.18,C200001435,24062.64,57095.43,0,0
547,TRANSFER,3106.68,C100000980,116895.0,113788.32,C200002773,126693.13,129799.81,0,0
547,TRANSFER,2474.07,C100001330,23544.31,21070.24,C200004725,75180.44,77654.51,0,0
547,TRANSFER,936.98,C100002490,16991.44,16054.46,C200005533,82324.41,83261.39,0,0
547,TRANSFER,3391.87,C100002669,22779.64,19387.77,C200003562,211340.67,214732.54,0,0
547,TRANSFER,3101.22,C100002811,24869.04,21767.82,C200005505,13696.03,16797.25,0,0
547,TRANSFER,3077.44,C100002855,12780.22,9702.78,C200003421,123163.41,126240.85,0,0
547,TRANSFER,1808.66,C100003065,122037.47,120228.81,C200004929,15509.4,17318.06,0,0
547,TRANSFER,330.2,C100003257,14742.05,14411.85,C200006050,28504.94,28835.14,0,0
547,TRANSFER,10398.45,C100003996,112493.03,102094.58,C200004050,163595.8,173994.25,0,0
547,TRANSFER,16743.51,C100004613,99647.7,82904.19,C200000164,10437.16,27180.67,0,0
547,TRANSFER,8431.35,C100004771,16846.21,8414.86,C200004489,10981.15,19412.5,0,0
547,TRANSFER,1498.77,C100005216,7037.32,5538.55,C200006277,106577.96,108076.73,0,0
547,TRANSFER,13274.56,C100005418,17058.64,3784.08,C200005449,103698.14,116972.7,0,0
547,TRANSFER,634.66,C100005627,53365.77,52731.11,C200006043,20812.23,21446.89,0,0
547,TRANSFER,2427.93,C100005771,33012.3,30584.37,C200001865,3672.11,6100.04,0,0
547,TRANSFER,1896.99,C100006012,11042.61,9145.62,C200002149,20552.7,22449.69,0,0
547,TRANSFER,1366.94,C100006045,37169.83,35802.89,C200002213,8029.75,9396.69,0,0
547,TRANSFER,3995.36,C100006165,56540.14,52544.78,C200002683,16165.47,20160.83,0,0
547,TRANSFER,3073.85,C100006544,55100.75,52026.9,C200003790,35970.12,39043.97,0,0
548,TRANSFER,8934.3,C100000697,15564.69,6630.39,C200006177,123684.82,132619.12,0,0
548,TRANSFER,3817.81,C100000755,46491.4,42673.59,C200004032,6587.59,10405.4,0,0
548,TRANSFER,1399.59,C100000930,5910.24,4510.65,C200000603,28926.14,30325.73,0,0
548,TRANSFER,478.19,C100001783,66067.98,65589.79,C200003601,2189.67,2667.86,0,0
548,TRANSFER,112.28,C100001964,15594.79,15482.51,C200001136,1723.36,1835.64,0,0
548,TRANSFER,18625.46,C100003045,20222.33548260346,1596.88,C200001618,5097.34,23722.8,1,0
548,TRANSFER,6234.51,C100003969,57537.67,51303.16,C200005819,22529.67,28764.18,0,0
548,TRANSFER,3866.82,C100004551,7824.77,3957.95,C200003337,14880.48,18747.3,0,0
548,TRANSFER,4324.44,C100004995,8288.66,3964.22,C200001824,5954.45,10278.89,0,0
548,TRANSFER,1334.92,C100005614,109132.32,107797.4,C200001992,50513.19,51848.11,0,0
549,TRANSFER,6279.48,C100000042,11675.79,5396.31,C200001648,16509.52,22789.0,0,0
549,TRANSFER,1875.37,C100000103,34096.69,32221.32,C200006371,3652.22,5527.59,0,0
549,TRANSFER,1566.0,C100000167,14199.95,12633.95,C200002873,12140.96,13706.96,0,0
549,TRANSFER,1362.53,C100000532,33581.33,32218.8,C200002438,130478.11,131840.64,0,0
549,TRANSFER,3492.43,C100000739,140185.41,136692.98,C200005088,23554.97,27047.4,0,0
549,TRANSFER,2009.22,C100001066,19908.37,17899.15,C200005908,41954.28,43963.5,0,0
549,TRANSFER,93.41,C100001359,7026.94,6933.53,C200001433,341135.11,341228.52,0,0
549,TRANSFER,2203.28,C100001662,22826.45,20623.17,C200004347,47184.95,49388.23,0,0
549,TRANSFER,3648.9,C100001937,81143.77,77494.87,C200002675,12720.7,16369.6,0,0
549,TRANSFER,9877.63,C100002778,28090.34,18212.71,C200001892,9214.9,19092.53,0,0
549,TRANSFER,1145.78,C100002898,47546.12,46400.34,C200001440,5965.95,7111.73,0,0
549,TRANSFER,5096.49,C100003262,8868.887233360007,3772.4,C200004776,4200.84,9297.33,0,0
549,TRANSFER,3010.43,C100003916,3906.832781998043,896.4,C200003502,33251.28,36261.71,0,0
549,TRANSFER,1962.82,C100004584,21489.07,19526.25,C200000853,78250.73,80213.55,0,0
549,TRANSFER,5064.71,C100005212,32591.36,27526.65,C200005636,22862.27,27926.98,0,0
549,TRANSFER,3447.82,C100005276,8646.46,5198.64,C200002395,8210.45,11658.27,0,0
549,TRANSFER,234.61,C100006417,22936.69,22702.08,C200004560,59304.58,59539.19,0,0
549,TRANSFER,6541.25,C100006483,9170.532345342153,2629.28,C200005845,51610.57,58151.82,0,0
549,TRANSFER,1746.62,C100006706,86644.57,84897.95,C200003345,4040.64,5787.26,0,0
550,TRANSFER,748.22,C100000214,3501.3815469188557,2753.16,C200000453,11193.41,11941.63,0,0
550,TRANSFER,413.25,C100000248,511927.12,511513.87,C200006007,304316.46,304729.71,0,0
550,TRANSFER,8135.35,C100000261,34309.79,26174.44,C200002649,5101.2,13236.55,0,0
550,TRANSFER,399.13,C100000480,215618.12,215218.99,C200001176,68641.38,69040.51,0,0
550,TRANSFER,709.26,C100000793,34982.17,34272.91,C200005346,11253.4,11962.66,0,0
550,TRANSFER,2541.63,C100000988,50903.22,48361.59,C200001420,138294.46,140836.09,0,0
550,TRANSFER,852.69,C100001222,47793.95,46941.26,C200003126,18464.5,19317.19,0,0
550,TRANSFER,1215.81,C100001408,14646.65,13430.84,C200002434,128048.09,129263.9,0,0
550,TRANSFER,1939.99,C100001547,53145.53,51205.54,C200000807,4761.61,6701.6,0,0
550,TRANSFER,346.95,C100001598,100256.41,99909.46,C200005726,16464.84,16811.79,0,0
550,TRANSFER,1191.15,C100001676,16520.03,15328.88,C200004657,171026.39,172217.54,0,0
550,TRANSFER,32406.8,C100002199,33957.51664667934,1550.72,C200005628,6850.72,39257.52,0,0
550,TRANSFER,5284.17,C100003225,6353.316636779817,1069.15,C200002384,20075.61,25359.78,0,0
550,TRANSFER,2785.14,C100004175,28639.19,25854.05,C200001698,46008.59,48793.73,0,0
550,TRANSFER,2597.1,C100004632,6178.6,3581.5,C200001855,7121.5,9718.6,0,0
550,TRANSFER,2177.76,C100004897,33924.57,31746.81,C200006065,5047.83,7225.59,0,0
550,TRANSFER,836.74,C100005194,35732.24,34895.5,C200001447,59447.57,60284.31,0,0
550,TRANSFER,5706.31,C100005277,6993.240160393181,1286.93,C200002598,365600.56,371306.87,0,0
550,TRANSFER,8652.67,C100005630,101381.06,92728.39,C200000984,99093.07,107745.74,0,0
550,TRANSFER,635.71,C100005727,29403.84,28768.13,C200004581,9099.46,9735.17,0,0
550,TRANSFER,1445.83,C100005804,28704.04,27258.21,C200002411,2886.16,4331.99,0,0
550,TRANSFER,3326.74,C100005889,64618.82,61292.08,C200004970,8627.18,11953.92,0,0
550,TRANSFER,570.55,C100005930,131300.82,130730.27,C200000581,3080.1,3650.65,0,0
550,TRANSFER,1146.16,C100006741,63041.65,61895.49,C200001396,47817.88,48964.04,0,0
550,TRANSFER,3242.28,C100006774,60983.35,57741.07,C200003117,100152.67,103394.95,0,0
550,TRANSFER,6111.51,C100006939,9480.030140571735,3368.52,C200000117,33145.98,39257.49,0,0
551,TRANSFER,4878.27,C100000738,26388.0,21509.73,C200000269,24906.22,29784.49,0,0
551,TRANSFER,1158.85,C100000807,86420.74,85261.89,C200000466,7388.83,8547.68,0,0
551,TRANSFER,1320.73,C100000848,50303.02,48982.29,C200003468,3318.71,4639.44,0,0
551,TRANSFER,1417.34,C100001026,188136.27,186718.93,C200002581,9911.62,11328.96,0,0
551,TRANSFER,1637.57,C100001691,41710.88,40073.31,C200005476,13323.01,14960.58,0,0
551,TRANSFER,1855.56,C100001713,12377.96,10522.4,C900007793,1130.59,2986.15,1,0
551,TRANSFER,1649.96,C100002199,20506.97,18857.01,C200005225,140215.3,141865.26,0,0
551,TRANSFER,732.27,C100002411,2472.1105367484906,1739.84,C200001865,898.35,1630.62,0,0
551,TRANSFER,31293.49,C100002656,33963.7597198479,2670.27,C200002344,13965.23,45258.72,0,0
551,TRANSFER,3248.55,C100003166,14228.71,10980.16,C200001672,2466.47,5715.02,0,0
551,TRANSFER,1132.18,C100003523,16028.68,14896.5,C200002829,74034.97,75167.15,0,0
551,TRANSFER,698.93,C100003611,21246.11,20547.18,C200005344,35474.15,36173.08,0,0
551,TRANSFER,682.21,C100004274,25932.59,25250.38,C200004685,390454.0,391136.21,0,0
551,TRANSFER,1962.71,C100004281,58388.58,56425.87,C200002678,19884.36,21847.07,0,0
551,TRANSFER,498.08,C100005281,9491.16,8993.08,C200002762,6225.26,6723.34,0,0
551,TRANSFER,673.53,C100005662,34530.42,33856.89,C200000089,67375.3,68048.83,0,0
551,TRANSFER,9118.16,C100005697,12442.661738129245,3324.5,C200005451,105402.97,114521.13,0,0
551,TRANSFER,2218.64,C100006256,17327.32,15108.68,C200004371,34822.97,37041.61,0,0
552,TRANSFER,2744.74,C100000800,38854.13,36109.39,C200001168,29383.18,32127.92,0,0
552,TRANSFER,656.5,C100001864,7805.18,7148.68,C200006009,20772.51,21429.01,0,0
552,TRANSFER,8161.6,C100003810,10280.516590207244,2118.92,C200001963,18772.19,26933.79,0,0
552,TRANSFER,2279.66,C100004301,83202.23,80922.57,C200001415,45737.32,48016.98,0,0
552,TRANSFER,2145.1,C100004426,126170.71,124025.61,C200006449,149324.51,151469.61,0,0
552,TRANSFER,11939.05,C100004767,44818.86,32879.81,C200005369,42979.27,54918.32,0,0
552,TRANSFER,1069.32,C100005039,85767.26,84697.94,C200006483,20774.72,21844.04,0,0
552,TRANSFER,180.4,C100005086,83159.71,82979.31,C200002700,13695.48,13875.88,0,0
553,TRANSFER,2965.89,C100000806,16946.49,13980.6,C200004171,28128.82,31094.71,0,0
553,TRANSFER,530.21,C100000897,8119.86,7589.65,C200000639,23884.08,24414.29,0,0
553,TRANSFER,8235.03,C100000909,121817.19,113582.16,C200006113,3912.73,12147.76,0,0
553,TRANSFER,20906.11,C100001385,25230.586071050337,4324.48,C200003731,63285.06,84191.17,0,0
553,TRANSFER,1130.54,C100001775,93877.66,92747.12,C200000620,14663.37,15793.91,0,0
553,TRANSFER,27807.1,C100002747,120402.57,92595.47,C900004586,39387.84,67194.94,1,0
553,TRANSFER,3821.99,C100002755,121078.76,117256.77,C200001470,16953.98,20775.97,0,0
553,TRANSFER,1481.18,C100004122,4320.474004737453,2839.29,C200004998,19422.11,20903.29,0,0
553,TRANSFER,5681.4,C100005198,13714.03,8032.63,C200002152,13987.24,19668.64,0,0
553,TRANSFER,244.86,C100006967,246160.58,245915.72,C200002133,9104.62,9349.48,0,0
553,TRANSFER,926.28,C100006982,9917.03,8990.75,C200001189,10543.84,11470.12,0,0
554,TRANSFER,1580.26,C100001484,27876.34,26296.08,C200005804,14331.56,15911.82,0,0
554,TRANSFER,2493.81,C100001528,13444.49,10950.68,C200005689,15946.91,18440.72,0,0
554,TRANSFER,16590.09,C100001828,63965.18,47375.09,C900009170,53311.09,69901.18,1,0
554,TRANSFER,956.73,C100002108,14144.92,13188.19,C200005795,41061.76,42018.49,0,0
554,TRANSFER,2124.78,C100002235,12536.64,10411.86,C200003270,10039.57,12164.35,0,0
554,TRANSFER,1861.95,C100002238,16694.33,14832.38,C200003261,79110.97,80972.92,0,0
554,TRANSFER,10419.9,C100003013,33117.4,22697.5,C200001623,19320.98,29740.88,0,0
554,TRANSFER,364.7,C100003466,40361.93,39997.23,C200000578,6890.94,7255.64,0,0
554,TRANSFER,515.62,C100004210,58460.77,57945.15,C200004359,45660.4,46176.02,0,0
554,TRANSFER,2563.65,C100004928,6419.797274482508,3856.15,C200003108,69174.75,71738.4,0,0
554,TRANSFER,4927.31,C100005322,9444.14,4516.83,C200004187,14179.84,19107.15,0,0
554,TRANSFER,804.09,C100006449,14268.42,13464.33,C200001307,5620.42,6424.51,0,0
554,TRANSFER,39720.63,C100006983,44531.67056919509,4811.04,C900001995,7333.2,47053.83,1,0
555,TRANSFER,2712.03,C100000474,110952.93,108240.9,C200005492,17089.21,19801.24,0,0
555,TRANSFER,1187.6,C100001033,30345.83,29158.23,C200001434,194260.75,195448.35,0,0
555,TRANSFER,1064.06,C100001107,21332.05,20267.99,C200005152,3277.06,4341.12,0,0
555,TRANSFER,1822.35,C100001408,366507.84,364685.49,C200006328,19951.03,21773.38,0,0
555,TRANSFER,3969.17,C100001477,109026.28,105057.11,C200005859,281171.9,285141.07,0,0
555,TRANSFER,295.87,C100001652,115018.85,114722.98,C200006082,65945.11,66240.98,0,0
555,TRANSFER,6725.02,C100003412,95952.58,89227.56,C200000197,56436.66,63161.68,0,0
555,TRANSFER,400.91,C100003626,56986.31,56585.4,C200006345,6042.01,6442.92,0,0
555,TRANSFER,966.68,C100004429,98260.6,97293.92,C200000920,15349.03,16315.71,0,0
555,TRANSFER,2482.25,C100004518,31244.79,28762.54,C200005751,10373.04,12855.29,0,0
555,TRANSFER,1117.48,C100004745,4089.48,2972.0,C200000350,16128.99,17246.47,0,0
555,TRANSFER,3322.73,C100004914,21086.58,17763.85,C200006077,95319.71,98642.44,0,0
555,TRANSFER,1974.39,C100004930,99259.14,97284.75,C200005258,3830.65,5805.04,0,0
555,TRANSFER,2449.6,C100004958,34651.98,32202.38,C200005530,16130.97,18580.57,0,0
555,TRANSFER,1311.7,C100005482,55828.16,54516.46,C200003995,3356.01,4667.71,0,0
555,TRANSFER,6825.45,C100006200,16316.38,9490.93,C200001940,4443.8,11269.25,0,0
555,TRANSFER,1982.69,C100006855,32707.74,30725.05,C200003999,18250.06,20232.75,0,0
556,TRANSFER,6047.79,C100000534,10273.49,4225.7,C200005896,24545.83,30593.62,0,0
556,TRANSFER,569.22,C100000632,13737.43,13168.21,C200003038,9990.34,10559.56,0,0
556,TRANSFER,2537.98,C100001000,38924.47,36386.49,C200002208,14207.43,16745.41,0,0
556,TRANSFER,801.84,C100001104,27401.24,26599.4,C200001528,12869.91,13671.75,0,0
556,TRANSFER,2320.27,C100001261,13529.01,11208.74,C200005928,93228.41,95548.68,0,0
556,TRANSFER,19637.42,C100002405,41253.37,21615.95,C200006110,12307.22,31944.64,0,0
556,TRANSFER,271.9,C100002517,4300.75,4028.85,C200002668,27877.91,28149.81,0,0
556,TRANSFER,2096.87,C100002648,99964.81,97867.94,C200006301,4041.63,6138.5,0,0
556,TRANSFER,910.85,C100002961,14434.71,13523.86,C200000180,26109.0,27019.85,0,0
556,TRANSFER,800.79,C100002980,53114.51,52313.72,C200003787,28252.95,29053.74,0,0
556,TRANSFER,886.63,C100003192,10201.3,9314.67,C200002020,26600.12,27486.75,0,0
556,TRANSFER,3320.95,C100003364,17516.16,14195.21,C200002515,44847.05,48168.0,0,0
556,TRANSFER,1348.24,C100003617,46875.63,45527.39,C200002399,15117.55,16465.79,0,0
556,TRANSFER,3438.1,C100003942,104277.97,100839.87,C200002071,21645.76,25083.86,0,0
556,TRANSFER,7859.12,C100004101,25180.77,17321.65,C200001162,18748.54,26607.66,0,0
556,TRANSFER,537.9,C100005787,154640.85,154102.95,C200001229,303990.73,304528.63,0,0
556,TRANSFER,55105.22,C100005913,310461.85,255356.63,C200004188,6833.48,61938.7,0,0
556,TRANSFER,1481.83,C100005980,71789.66,70307.83,C200006028,23525.8,25007.63,0,0
556,TRANSFER,742.72,C100006333,315209.51,314466.79,C200005399,31344.17,32086.89,0,0
556,TRANSFER,59.88,C100006731,143937.63,143877.75,C200001736,18765.29,18825.17,0,0
556,TRANSFER,764.62,C100006893,21547.52,20782.9,C200001387,434949.0,435713.62,0,0
557,TRANSFER,464.62,C100000594,72435.79,71971.17,C200003757,220996.51,221461.13,0,0
557,TRANSFER,457.37,C100001551,86797.13,86339.76,C200004633,8585.2,9042.57,0,0
557,TRANSFER,12658.94,C100001906,13189.71,530.77,C200002785,11420.96,24079.9,0,0
557,TRANSFER,345.13,C100002012,17463.43,17118.3,C200003274,89530.53,89875.66,0,0
557,TRANSFER,10973.56,C100002278,15089.460730759365,4115.9,C200001040,7527.53,18501.09,0,0
557,TRANSFER,2317.84,C100003977,18527.18,16209.34,C200004364,123001.47,125319.31,0,0
557,TRANSFER,4742.59,C100004210,43834.87,39092.28,C200001078,276413.12,281155.71,0,0
557,TRANSFER,861.39,C100005280,271363.27,270501.88,C200003653,15621.91,16483.3,0,0
558,TRANSFER,10400.66,C100000581,24314.82,13914.16,C200004732,3329.5,13730.16,0,0
558,TRANSFER,2074.2,C100000813,4064.43,1990.23,C200001613,24082.9,26157.1,0,0
558,TRANSFER,5474.32,C100001586,40891.44,35417.12,C200000442,70026.38,75500.7,0,0
558,TRANSFER,713.85,C100001999,39906.09,39192.24,C200004964,50134.66,50848.51,0,0
558,TRANSFER,854.3,C100002636,53694.2,52839.9,C200000055,7379.95,8234.25,0,0
558,TRANSFER,6116.76,C100003288,7924.928358046545,1808.17,C200004057,22992.54,29109.3,0,0
558,TRANSFER,2173.79,C100003312,22264.09,20090.3,C200000152,75680.99,77854.78,0,0
558,TRANSFER,1905.48,C100003772,58033.83,56128.35,C200005483,18334.16,20239.64,0,0
558,TRANSFER,3964.95,C100003870,8711.27,4746.32,C200003946,39270.15,43235.1,0,0
558,TRANSFER,569.7,C100004546,8989.23,8419.53,C200005210,174514.96,175084.66,0,0
558,TRANSFER,2763.71,C100005804,22232.42,19468.71,C200004068,3183.23,5946.94,0,0
558,TRANSFER,2316.22,C100006277,27788.22,25472.0,C200005350,120460.86,122777.08,0,0
558,TRANSFER,5100.73,C100006316,89625.4,84524.67,C200001423,202013.34,207114.07,0,0
558,TRANSFER,3261.09,C100006394,12773.18,9512.09,C200002003,7900.11,11161.2,0,0
558,TRANSFER,1626.21,C100006776,31795.53,30169.32,C200002609,72776.23,74402.44,0,0
558,TRANSFER,8732.18,C100006857,35104.97,26372.79,C200001114,243859.47,252591.65,0,0
559,TRANSFER,1230.36,C100000423,5830.027874304383,4599.67,C200000076,12477.76,13708.12,0,0
559,TRANSFER,449.3,C100000735,31946.0,31496.7,C200002837,23585.07,24034.37,0,0
559,TRANSFER,4419.89,C100001125,18352.6,13932.71,C200003488,18566.64,22986.53,0,0
559,TRANSFER,302.68,C100001285,15375.37,15072.69,C200001159,9577.15,9879.83,0,0
559,TRANSFER,1618.2,C100002634,62351.9,60733.7,C200005683,25330.92,26949.12,0,0
559,TRANSFER,1169.1,C100002798,174766.55,173597.45,C200001990,666220.13,667389.23,0,0
559,TRANSFER,4706.62,C100002960,22474.57,17767.95,C200001311,120454.78,125161.4,0,0
559,TRANSFER,244.5,C100003762,68666.85,68422.35,C200001461,4228.69,4473.19,0,0
559,TRANSFER,516.76,C100003936,38851.71,38334.95,C200006468,9578.67,10095.43,0,0
559,TRANSFER,1397.33,C100004020,22633.02,21235.69,C200006404,41374.42,42771.75,0,0
559,TRANSFER,2655.62,C100004118,105323.1,102667.48,C200004535,3226.16,5881.78,0,0
559,TRANSFER,799.27,C100004225,5315.17,4515.9,C200003229,32959.55,33758.82,0,0
559,TRANSFER,5908.82,C100004337,47676.74,41767.92,C200004497,45869.92,51778.74,0,0
559,TRANSFER,1776.08,C100004633,20061.2,18285.12,C200005901,3962.12,5738.2,0,0
559,TRANSFER,1880.44,C100004948,35853.42,33972.98,C200005781,61286.28,63166.72,0,0
559,TRANSFER,903.91,C100005200,39573.68,38669.77,C200006421,102618.23,103522.14,0,0
559,TRANSFER,2472.0,C100005303,6896.89,4424.89,C200005846,73704.84,76176.84,0,0
559,TRANSFER,3607.6,C100005854,66043.59,62435.99,C200001702,3996.81,7604.41,0,0
559,TRANSFER,3787.28,C100006012,115108.17,111320.89,C200004826,58533.67,62320.95,0,0
559,TRANSFER,8863.54,C100006994,114373.69,105510.15,C200000590,42206.62,51070.16,0,0
560,TRANSFER,589.82,C100000347,40932.45,40342.63,C200002140,22169.33,22759.15,0,0
560,TRANSFER,1295.48,C100000402,89840.5,88545.02,C200001877,32573.18,33868.66,0,0
560,TRANSFER,77804.68,C100001549,81752.4995256437,3947.82,C200006265,46442.24,124246.92,0,0
560,TRANSFER,2258.7,C100001869,137977.36,135718.66,C200000240,4777.53,7036.23,0,0
560,TRANSFER,11829.85,C100001988,23880.53,12050.68,C200003904,8014.24,19844.09,0,0
560,TRANSFER,5113.81,C100002248,102403.66,97289.85,C200006254,152978.37,158092.18,0,0
560,TRANSFER,8308.78,C100002489,10765.735178805968,2456.96,C200002796,11534.45,19843.23,0,0
560,TRANSFER,762.59,C100002552,52752.83,51990.24,C200004773,2299.81,3062.4,0,0
560,TRANSFER,10095.85,C100002765,12660.665852217824,2564.82,C200004021,36164.44,46260.29,0,0
560,TRANSFER,2146.08,C100003066,99264.26,97118.18,C200004981,40210.25,42356.33,0,0
560,TRANSFER,2027.83,C100003329,173631.62,171603.79,C200002915,27853.68,29881.51,0,0
560,TRANSFER,472.92,C100003704,8113.93,7641.01,C200005242,8281.72,8754.64,0,0
560,TRANSFER,221.35,C100005162,59081.28,58859.93,C200003696,10623.46,10844.81,0,0
560,TRANSFER,256.99,C100005270,16039.91,15782.92,C200003641,2922.41,3179.4,0,0
560,TRANSFER,398.19,C100006744,36708.97,36310.78,C200005162,8418.12,8816.31,0,0
561,TRANSFER,1278.57,C100000045,20183.65,18905.08,C200002405,29865.77,31144.34,0,0
561,TRANSFER,653.62,C100000406,15410.09,14756.47,C200000097,179569.83,180223.45,0,0
561,TRANSFER,2988.88,C100001683,303814.37,300825.49,C200000926,41590.49,44579.37,0,0
561,TRANSFER,4468.18,C100001956,52146.02,47677.84,C200000280,23136.31,27604.49,0,0
561,TRANSFER,10254.49,C100002416,11282.279075920931,1027.79,C200003891,7369.7,17624.19,0,0
561,TRANSFER,17328.94,C100002659,21243.054544904702,3914.11,C200005694,45829.77,63158.71,0,0
561,TRANSFER,3480.37,C100002861,28877.3,25396.93,C200003006,25022.63,28503.0,0,0
561,TRANSFER,5965.35,C100003201,10058.54,4093.19,C200001368,266002.7,271968.05,0,0
561,TRANSFER,5875.06,C100003283,34254.57,28379.51,C200002390,59279.23,65154.29,0,0
561,TRANSFER,1672.43,C100003498,39858.84,38186.41,C200000596,56022.78,57695.21,0,0
561,TRANSFER,815.66,C100003621,20175.31,19359.65,C200000460,19520.77,20336.43,0,0
561,TRANSFER,9072.79,C100003763,33759.15,24686.36,C200004565,140073.28,149146.07,0,0
561,TRANSFER,493.81,C100003838,38681.24,38187.43,C200004444,10173.33,10667.14,0,0
561,TRANSFER,3316.13,C100004283,8007.89,4691.76,C200005371,566382.97,569699.1,0,0
561,TRANSFER,2241.17,C100004491,10824.33,8583.16,C200005560,19430.29,21671.46,0,0
561,TRANSFER,1923.68,C100005140,82143.54,80219.86,C200003248,39721.17,41644.85,0,0
561,TRANSFER,5660.52,C100005495,43823.06,38162.54,C200000122,55258.68,60919.2,0,0
561,TRANSFER,3999.38,C100005837,13582.62,9583.24,C200000358,28480.91,32480.29,0,0
561,TRANSFER,16061.95,C100006541,312995.71,296933.76,C200000480,7203.33,23265.28,0,0
561,TRANSFER,4752.71,C100006594,196593.53,191840.82,C200000198,41315.56,46068.27,0,0
561,TRANSFER,6798.33,C100006683,22627.53,15829.2,C200006296,34361.56,41159.89,0,0
562,TRANSFER,650.19,C100000521,51502.44,50852.25,C200000056,186704.0,187354.19,0,0
562,TRANSFER,894.2,C100001402,41348.19,40453.99,C200002766,208954.08,209848.28,0,0
562,TRANSFER,4035.1,C100002197,64743.84,60708.74,C200001320,60570.51,64605.61,0,0
562,TRANSFER,12941.29,C100002327,124239.68,111298.39,C200005553,10735.02,23676.31,0,0
562,TRANSFER,881.03,C100002676,16690.02,15808.99,C200000550,49455.22,50336.25,0,0
562,TRANSFER,1384.67,C100002745,17686.35,16301.68,C200006283,2331.19,3715.86,0,0
562,TRANSFER,4362.35,C100004283,7381.28,3018.93,C200001204,15621.49,19983.84,0,0
562,TRANSFER,1920.49,C100004533,4560.57234682807,2640.08,C200002500,23641.2,25561.69,0,0
562,TRANSFER,19126.34,C100004569,21983.91706925376,2857.58,C200003135,11236.95,30363.29,0,0
562,TRANSFER,3576.6,C100005278,92266.63,88690.03,C200001995,18718.56,22295.16,0,0
562,TRANSFER,881.93,C100005716,48060.87,47178.94,C200005263,19495.77,20377.7,0,0
563,TRANSFER,425.94,C100001108,24277.24,23851.3,C200000842,54471.45,54897.39,0,0
563,TRANSFER,17761.53,C100001545,70054.65,52293.12,C200006005,29239.34,47000.87,0,0
563,TRANSFER,1006.61,C100001878,6380.81,5374.2,C200005776,3059.08,4065.69,0,0
563,TRANSFER,6521.78,C100002076,17501.95,10980.17,C200000962,22473.82,28995.6,0,0
563,TRANSFER,9629.23,C100002259,85196.16,75566.93,C200005712,14406.58,24035.81,0,0
563,TRANSFER,218.4,C100002520,8223.23,8004.83,C200004468,159696.95,159915.35,0,0
563,TRANSFER,28469.27,C100002888,29412.322148422834,943.05,C200005857,7858.76,36328.03,0,0
563,TRANSFER,28318.97,C100003318,31978.52770628334,3659.56,C200002194,3418.37,31737.34,0,0
563,TRANSFER,903.44,C100003598,17775.22,16871.78,C200005689,68253.48,69156.92,0,0
563,TRANSFER,751.82,C100003603,9055.33,8303.51,C200005462,7086.47,7838.29,0,0
563,TRANSFER,1331.75,C100005228,32914.45,31582.7,C200001054,30412.45,31744.2,0,0
563,TRANSFER,531.58,C100006202,21160.33,20628.75,C200000128,17554.87,18086.45,0,0
563,TRANSFER,1221.97,C100006345,71525.4,70303.43,C200001792,285129.18,286351.15,0,0
564,TRANSFER,2390.09,C100000051,129103.0,126712.91,C200004179,30065.46,32455.55,0,0
564,TRANSFER,427.24,C100000216,42374.86,41947.62,C200003984,19035.21,19462.45,0,0
564,TRANSFER,2206.1,C100000387,478259.85,476053.75,C200004426,2051.15,4257.25,0,0
564,TRANSFER,2316.5,C100000972,80347.35,78030.85,C200001344,21955.75,24272.25,0,0
564,TRANSFER,3614.05,C100001675,28422.9,24808.85,C200000631,9775.21,13389.26,0,0
564,TRANSFER,2697.68,C100002131,142683.11,139985.43,C200004241,8667.25,11364.93,0,0
564,TRANSFER,1357.48,C100002623,21309.5,19952.02,C200004863,250563.86,251921.34,0,0
564,TRANSFER,1649.5,C100003140,191803.16,190153.66,C200002300,68464.42,70113.92,0,0
564,TRANSFER,1666.71,C100004428,15623.79,13957.08,C200000000,45347.32,47014.03,0,0
564,TRANSFER,1000.33,C100005554,12553.5,11553.17,C200000895,214511.08,215511.41,0,0
564,TRANSFER,4145.09,C100006096,29207.19,25062.1,C200002413,62231.24,66376.33,0,0
564,TRANSFER,3794.7,C100006146,22597.17,18802.47,C200002886,13353.86,17148.56,0,0
564,TRANSFER,9245.2,C100006577,11892.541650754507,2647.34,C200002672,20317.65,29562.85,0,0
565,TRANSFER,126.72,C100000571,68887.12,68760.4,C200003756,25821.66,25948.38,0,0
565,TRANSFER,1135.95,C100000808,27245.35,26109.4,C200002206,28921.08,30057.03,0,0
565,TRANSFER,11078.46,C100001353,11465.477126779348,387.02,C200003906,9148.62,20227.08,0,0
565,TRANSFER,594.18,C100003646,111152.66,110558.48,C200001868,136552.45,137146.63,0,0
565,TRANSFER,1410.77,C100003884,35473.15,34062.38,C200002177,39956.79,41367.56,0,0
565,TRANSFER,3742.95,C100004044,136975.64,133232.69,C200004863,30454.46,34197.41,0,0
565,TRANSFER,1534.73,C100004934,47822.8,46288.07,C200003055,279105.04,280639.77,0,0
565,TRANSFER,3184.39,C100005286,70217.07,67032.68,C200005303,14090.42,17274.81,0,0
565,TRANSFER,5349.72,C100005552,17938.36,12588.64,C200005517,15325.2,20674.92,0,0
566,TRANSFER,146.95,C100000188,40344.38,40197.43,C200002948,25878.35,26025.3,0,0
566,TRANSFER,6017.09,C100000595,7726.023322683274,1708.93,C200001847,5812.33,11829.42,0,0
566,TRANSFER,1408.18,C100000595,48359.85,46951.67,C200005252,566892.22,568300.4,0,0
566,TRANSFER,4281.29,C100001228,28562.47,24281.18,C200001771,19966.62,24247.91,0,0
566,TRANSFER,6217.6,C100002039,28520.58,22302.98,C200002483,35778.24,41995.84,0,0
566,TRANSFER,4759.26,C100002981,25158.91,20399.65,C200002372,14979.01,19738.27,0,0
566,TRANSFER,17461.82,C100004110,57880.82,40419.0,C200005270,333676.52,351138.34,0,0
566,TRANSFER,529.49,C100004111,6261.51,5732.02,C200005870,17510.97,18040.46,0,0
566,TRANSFER,4797.28,C100004324,188833.67,184036.39,C200006458,6843.56,11640.84,0,0
566,TRANSFER,6870.37,C100005153,27893.8,21023.43,C200006242,7577.9,14448.27,0,0
566,TRANSFER,3132.66,C100005232,104204.44,101071.78,C200000225,25846.58,28979.24,0,0
566,TRANSFER,8606.46,C100005355,9396.253402740356,789.79,C200004845,5337.7,13944.16,0,0
566,TRANSFER,2915.18,C100006206,30809.57,27894.39,C200004186,12746.26,15661.44,0,0
566,TRANSFER,3911.21,C100006273,18752.94,14841.73,C200002499,177852.12,181763.33,0,0
566,TRANSFER,844.56,C100006390,86422.66,85578.1,C200004070,8687.04,9531.6,0,0
566,TRANSFER,2203.75,C100006549,17928.64,15724.89,C200005907,105008.44,107212.19,0,0
566,TRANSFER,846.63,C100006935,8042.97,7196.34,C200005184,27283.56,28130.19,0,0
567,TRANSFER,3812.59,C100000231,82562.31,78749.72,C200002057,50306.06,54118.65,0,0
567,TRANSFER,9412.95,C100003092,52210.9,42797.95,C200002313,18502.44,27915.39,0,0
567,TRANSFER,3966.56,C100003664,9312.61,5346.05,C200002336,193737.67,197704.23,0,0
567,TRANSFER,14833.97,C100005160,166033.43,151199.46,C200001890,9031.33,23865.3,0,0
567,TRANSFER,676.15,C100005656,337261.22,336585.07,C200005550,63162.78,63838.93,0,0
567,TRANSFER,1705.28,C100006585,13318.71,11613.43,C200004544,4214.77,5920.05,0,0
568,TRANSFER,5737.57,C100000023,20280.66,14543.09,C200000993,15568.51,21306.08,0,0
568,TRANSFER,1413.26,C100000033,49925.93,48512.67,C200005372,11063.97,12477.23,0,0
568,TRANSFER,2649.6,C100000174,7502.49,4852.89,C200002405,34566.61,37216.21,0,0
568,TRANSFER,2490.44,C100001532,19237.56,16747.12,C200006452,279747.18,282237.62,0,0
568,TRANSFER,1584.1,C100001821,24752.85,23168.75,C200006231,8923.05,10507.15,0,0
568,TRANSFER,1209.77,C100001893,51830.83,50621.06,C200005706,11894.4,13104.17,0,0
568,TRANSFER,2307.34,C100001990,103492.92,101185.58,C200004702,195113.34,197420.68,0,0
568,TRANSFER,4818.4,C100002778,12096.21,7277.81,C200001348,11938.55,16756.95,0,0
568,TRANSFER,1132.08,C100003067,353143.68,352011.6,C200000008,30680.77,31812.85,0,0
568,TRANSFER,2015.69,C100003100,185584.86,183569.17,C200005270,5329.9,7345.59,0,0
568,TRANSFER,7957.54,C100003289,17785.18,9827.64,C200004681,25968.53,33926.07,0,0
568,TRANSFER,784.41,C100003927,5237.36,4452.95,C200002544,107229.18,108013.59,0,0
568,TRANSFER,935.32,C100004466,11460.95,10525.63,C200002279,36759.53,37694.85,0,0
568,TRANSFER,925.7,C100004504,9797.09,8871.39,C200005509,6200.45,7126.15,0,0
568,TRANSFER,1165.27,C100005788,13313.84,12148.57,C200004011,102955.28,104120.55,0,0
568,TRANSFER,991.77,C100006283,161656.2,160664.43,C200005939,180786.71,181778.48,0,0
568,TRANSFER,1933.9,C100006302,23145.7,21211.8,C200002809,68478.6,70412.5,0,0
568,TRANSFER,2604.94,C100006417,55177.86,52572.92,C200001015,10491.38,13096.32,0,0
568,TRANSFER,11803.97,C100006570,16635.43,4831.46,C200003249,8077.17,19881.14,0,0
568,TRANSFER,3257.8,C100006912,45288.68,42030.88,C200004184,5880.02,9137.82,0,0
569,TRANSFER,2808.84,C100000173,44716.25,41907.41,C200005712,13762.33,16571.17,0,0
569,TRANSFER,693.5,C100000208,38205.55,37512.05,C200004926,52639.84,53333.34,0,0
569,TRANSFER,853.18,C100001170,4505.9,3652.72,C200002705,51625.57,52478.75,0,0
569,TRANSFER,1310.04,C100001517,21282.94,19972.9,C200001528,116844.0,118154.04,0,0
569,TRANSFER,295.07,C100001900,8831.44,8536.37,C200004328,55537.12,55832.19,0,0
569,TRANSFER,4685.37,C100002154,39813.5,35128.13,C200002895,4436.99,9122.36,0,0
569,TRANSFER,849.49,C100003380,81127.18,80277.69,C200000101,34392.88,35242.37,0,0
569,TRANSFER,632.06,C100003504,10324.32,9692.26,C200002947,26911.67,27543.73,0,0
569,TRANSFER,1281.35,C100003513,6530.39,5249.04,C200003135,101870.59,103151.94,0,0
569,TRANSFER,1836.95,C100003769,11629.76,9792.81,C200003911,16197.54,18034.49,0,0
569,TRANSFER,2066.53,C100005126,7942.41,5875.88,C200000549,24970.49,27037.02,0,0
569,TRANSFER,1582.73,C100005262,15537.89,13955.16,C200005947,30439.43,32022.16,0,0
569,TRANSFER,343.74,C100005427,224289.03,223945.29,C200005534,5320.69,5664.43,0,0
569,TRANSFER,520.78,C100005777,31965.96,31445.18,C200006122,5508.68,6029.46,0,0
569,TRANSFER,971.72,C100005829,35680.71,34708.99,C200000060,11851.67,12823.39,0,0
569,TRANSFER,1456.04,C100006316,88870.25,87414.21,C200005373,121736.76,123192.8,0,0
569,TRANSFER,1067.5,C100006542,29985.16,28917.66,C200000028,5056.68,6124.18,0,0
569,TRANSFER,4611.84,C100006803,496083.97,491472.13,C200002422,24397.88,29009.72,0,0
569,TRANSFER,434.23,C100006838,34627.52,34193.29,C200002281,15579.0,16013.23,0,0
570,TRANSFER,602.1,C100000904,30907.61,30305.51,C200000867,7748.51,8350.61,0,0
570,TRANSFER,16245.13,C100001278,59037.57,42792.44,C200005085,340802.08,357047.21,0,0
570,TRANSFER,3388.97,C100001671,32982.93,29593.96,C200002830,47423.21,50812.18,0,0
570,TRANSFER,1735.56,C100002770,15953.39,14217.83,C200006359,3239.8,4975.36,0,0
570,TRANSFER,329.27,C100003367,117014.17,116684.9,C200003758,4040.96,4370.23,0,0
570,TRANSFER,729.91,C100004486,32729.34,31999.43,C200006393,13302.73,14032.64,0,0
570,TRANSFER,1262.83,C100004767,6519.83,5257.0,C200004595,89373.24,90636.07,0,0
570,TRANSFER,883.74,C100004780,6917.58,6033.84,C200001713,66685.04,67568.78,0,0
570,TRANSFER,8533.1,C100004918,11265.909079639263,2732.81,C200002734,32377.53,40910.63,0,0
570,TRANSFER,825.03,C100005438,80023.41,79198.38,C200002820,1059.02,1884.05,0,0
571,TRANSFER,3504.12,C100000358,92975.03,89470.91,C200004723,51857.78,55361.9,0,0
571,TRANSFER,4635.01,C100000540,8351.99,3716.98,C200005720,67360.58,71995.59,0,0
571,TRANSFER,5556.96,C100000644,9926.031871875008,4369.07,C200005394,99698.65,105255.61,0,0
571,TRANSFER,2896.38,C100001583,145462.81,142566.43,C200000222,1859.47,4755.85,0,0
571,TRANSFER,5048.12,C100002308,9156.203288166838,4108.08,C200000879,61440.34,66488.46,0,0
571,TRANSFER,1284.32,C100002765,58582.87,57298.55,C200002161,225873.09,227157.41,0,0
571,TRANSFER,6111.65,C100003729,83215.64,77103.99,C200005490,133995.48,140107.13,0,0
571,TRANSFER,8400.65,C100003903,14059.67,5659.02,C200003819,10922.39,19323.04,0,0
571,TRANSFER,494.8,C100004091,102612.18,102117.38,C200000193,31747.78,32242.58,0,0
571,TRANSFER,280.79,C100006666,14708.89,14428.1,C200001316,12142.58,12423.37,0,0
571,TRANSFER,3802.51,C100006803,8406.546302265706,4604.04,C900001807,126086.76,129889.27,1,0
571,TRANSFER,4807.15,C100006829,34772.68,29965.53,C200003142,114845.43,119652.58,0,0
571,TRANSFER,2276.35,C100006852,39575.85,37299.5,C200000807,448149.42,450425.77,0,0
572,TRANSFER,68913.86,C100000462,169745.78,100831.92,C200006039,18861.74,87775.6,0,0
572,TRANSFER,1943.35,C100000750,11612.72,9669.37,C200001876,23608.49,25551.84,0,0
572,TRANSFER,4233.33,C100001135,15626.04,11392.71,C200004855,15910.26,20143.59,0,0
572,TRANSFER,262.32,C100001338,16258.53,15996.21,C200005279,20076.17,20338.49,0,0
572,TRANSFER,2372.01,C100002076,34449.22,32077.21,C200004355,13910.22,16282.23,0,0
572,TRANSFER,568.36,C100002350,38875.31,38306.95,C200001098,5899.57,6467.93,0,0
572,TRANSFER,9532.42,C100003826,12725.825713104743,3193.41,C200000712,225679.73,235212.15,0,0
572,TRANSFER,6784.26,C100004601,16684.88,9900.62,C200003759,35922.78,42707.04,0,0
572,TRANSFER,12300.53,C100004748,19574.9,7274.37,C200004219,5836.58,18137.11,0,0
572,TRANSFER,6817.93,C100004780,11463.28,4645.35,C200003466,37237.39,44055.32,0,0
572,TRANSFER,4839.01,C100005543,14704.3,9865.29,C200000311,15128.6,19967.61,0,0
573,TRANSFER,120.54,C100000613,4049.03,3928.49,C200005582,80334.35,80454.89,0,0
573,TRANSFER,8565.61,C100000717,10151.060082068128,1585.45,C200001958,53444.94,62010.55,0,0
573,TRANSFER,2064.15,C100001155,5557.02,3492.87,C200002922,42042.68,44106.83,0,0
573,TRANSFER,743.32,C100001615,32353.66,31610.34,C200001861,21698.6,22441.92,0,0
573,TRANSFER,4653.84,C100001890,38661.71,34007.87,C200004556,12827.63,17481.47,0,0
573,TRANSFER,781.58,C100002651,39123.9,38342.32,C200000912,13902.29,14683.87,0,0
573,TRANSFER,2045.67,C100003769,23965.12,21919.45,C200001725,12547.34,14593.01,0,0
573,TRANSFER,12376.21,C100005112,31216.72,18840.51,C200002315,32340.45,44716.66,0,0
573,TRANSFER,4927.14,C100005348,7828.29983503758,2901.16,C200001684,2744.24,7671.38,0,0
573,TRANSFER,3884.03,C100005483,17470.45,13586.42,C200004802,56257.05,60141.08,0,0
573,TRANSFER,7043.35,C100005697,200655.2,193611.85,C200006179,52947.85,59991.2,0,0
573,TRANSFER,809.55,C100006109,16087.8,15278.25,C200003627,37307.89,38117.44,0,0
573,TRANSFER,1647.92,C100006144,7907.24,6259.32,C200000320,33289.66,34937.58,0,0
573,TRANSFER,1284.81,C100006686,46899.64,45614.83,C200002408,316974.4,318259.21,0,0
574,TRANSFER,3731.17,C100000297,70084.78,66353.61,C200004370,16742.86,20474.03,0,0
574,TRANSFER,6676.89,C100000626,129725.45,123048.56,C200000290,65935.42,72612.31,0,0
574,TRANSFER,2663.26,C100001023,8304.92,5641.66,C200002989,21803.56,24466.82,0,0
574,TRANSFER,12158.22,C100001690,94979.61,82821.39,C200001474,50313.07,62471.29,0,0
574,TRANSFER,2029.69,C100001710,10183.37,8153.68,C200004324,76417.74,78447.43,0,0
574,TRANSFER,481.09,C100001727,12004.43,11523.34,C200004010,21036.26,21517.35,0,0
574,TRANSFER,860.98,C100001915,90380.01,89519.03,C200002544,55658.99,56519.97,0,0
574,TRANSFER,1745.23,C100002550,13176.98,11431.75,C200002870,12530.81,14276.04,0,0
574,TRANSFER,10356.69,C100002594,13990.25,3633.56,C200003830,57462.57,67819.26,0,0
574,TRANSFER,11433.53,C100003934,23020.97,11587.44,C200005420,95390.72,106824.25,0,0
574,TRANSFER,1330.49,C100004829,4180.879914267968,2850.39,C200004900,264517.94,265848.43,0,0
574,TRANSFER,4786.51,C100005459,35243.07,30456.56,C200003209,136382.2,141168.71,0,0
574,TRANSFER,4096.14,C100006161,55806.97,51710.83,C200003861,27611.63,31707.77,0,0
575,TRANSFER,1577.98,C100000484,37245.63,35667.65,C200003686,15920.34,17498.32,0,0
575,TRANSFER,239.24,C100000525,5190.2,4950.96,C200003822,3784.95,4024.19,0,0
575,TRANSFER,3011.31,C100000675,11305.59,8294.28,C200002614,36972.14,39983.45,0,0
575,TRANSFER,6179.94,C100000999,195410.18,189230.24,C200006115,81646.12,87826.06,0,0
575,TRANSFER,2239.32,C100001377,106516.21,104276.89,C200001829,6498.7,8738.02,0,0
575,TRANSFER,1637.24,C100001687,28092.59,26455.35,C200005911,9973.84,11611.08,0,0
575,TRANSFER,3016.06,C100001719,63658.02,60641.96,C200001761,5039.89,8055.95,0,0
575,TRANSFER,643.31,C100001789,19874.06,19230.75,C200000003,9130.95,9774.26,0,0
575,TRANSFER,1141.24,C100002072,39473.12,38331.88,C200006372,35494.54,36635.78,0,0
575,TRANSFER,2230.13,C100002337,299121.15,296891.02,C200001621,8156.49,10386.62,0,0
575,TRANSFER,3854.36,C100002936,21550.14,17695.78,C200001120,33234.16,37088.52,0,0
575,TRANSFER,286.61,C100003261,16015.81,15729.2,C200001411,62072.23,62358.84,0,0
575,TRANSFER,2617.83,C100003334,140904.23,138286.4,C200000261,3711.06,6328.89,0,0
575,TRANSFER,161.44,C100003449,23679.43,23517.99,C200006310,843.68,1005.12,0,0
575,TRANSFER,1955.37,C100003630,125478.51,123523.14,C200002529,22407.61,24362.98,0,0
575,TRANSFER,3653.96,C100005657,46179.57,42525.61,C200002973,51411.1,55065.06,0,0
575,TRANSFER,13954.75,C100006161,47597.02,33642.27,C200000183,22409.3,36364.05,0,0
575,TRANSFER,2101.96,C100006709,56033.17,53931.21,C200001720,8658.28,10760.24,0,0
576,TRANSFER,28768.02,C100000099,33585.04851426391,4817.03,C200000894,51088.84,79856.86,0,0
576,TRANSFER,4033.83,C100000242,32866.73,28832.9,C200001202,44292.92,48326.75,0,0
576,TRANSFER,6452.18,C100000760,45747.71,39295.53,C200003155,27266.39,33718.57,0,0
576,TRANSFER,881.06,C100001010,12623.0,11741.94,C200002358,19506.77,20387.83,0,0
576,TRANSFER,94.88,C100001338,84491.27,84396.39,C200003075,21068.76,21163.64,0,0
576,TRANSFER,15882.91,C100002101,18189.74261619499,2306.83,C900005621,5053.97,20936.88,1,0
576,TRANSFER,13183.76,C100002222,85980.07,72796.31,C200005095,42939.67,56123.43,0,0
576,TRANSFER,4703.17,C100002819,137224.34,132521.17,C200005571,102304.02,107007.19,0,0
576,TRANSFER,1549.58,C100003223,13366.79,11817.21,C200005815,9615.39,11164.97,0,0
576,TRANSFER,1177.1,C100003238,101907.5,100730.4,C200003381,45046.47,46223.57,0,0
576,TRANSFER,4521.59,C100003386,16046.91,11525.32,C200005828,10991.81,15513.4,0,0
576,TRANSFER,2902.7,C100004357,83371.23,80468.53,C200001069,3080.77,5983.47,0,0
576,TRANSFER,742.93,C100004506,6238.92,5495.99,C200004362,9911.46,10654.39,0,0
576,TRANSFER,30819.88,C100005727,34666.9533056399,3847.07,C900006354,60471.3,91291.18,1,0
577,TRANSFER,2224.19,C100001648,103786.99,101562.8,C200003037,201563.05,203787.24,0,0
577,TRANSFER,951.04,C100002815,3325.966946798263,2374.93,C200004397,11145.98,12097.02,0,0
577,TRANSFER,27006.2,C100003071,31652.356927939523,4646.16,C200002650,11550.1,38556.3,0,0
577,TRANSFER,1785.25,C100003128,43511.58,41726.33,C200001502,54991.7,56776.95,0,0
577,TRANSFER,944.75,C100003202,19506.64,18561.89,C200003924,63128.39,64073.14,0,0
577,TRANSFER,8414.69,C100003625,49366.93,40952.24,C200003810,9610.93,18025.62,0,0
577,TRANSFER,719.65,C100004624,95996.63,95276.98,C200002780,4120.46,4840.11,0,0
577,TRANSFER,2790.45,C100004821,98243.85,95453.4,C200005190,150071.04,152861.49,0,0
577,TRANSFER,8887.23,C100004824,17991.49,9104.26,C200000553,13097.5,21984.73,0,0
577,TRANSFER,197.55,C100004995,21947.79,21750.24,C200003880,69094.66,69292.21,0,0
577,TRANSFER,641.01,C100005266,41180.44,40539.43,C200003060,46120.26,46761.27,0,0
577,TRANSFER,634.08,C100005611,20523.18,19889.1,C200001632,41398.9,42032.98,0,0
577,TRANSFER,1183.47,C100006970,6177.722941152697,4994.25,C200002377,42160.94,43344.41,0,0
578,TRANSFER,884.42,C100001311,30352.3,29467.88,C200000100,271142.43,272026.85,0,0
578,TRANSFER,407.43,C100001370,105614.68,105207.25,C200002988,5981.94,6389.37,0,0
578,TRANSFER,25.16,C100001755,57948.4,57923.24,C200004963,86624.33,86649.49,0,0
578,TRANSFER,5773.13,C100001944,50162.15,44389.02,C200001474,12654.03,18427.16,0,0
578,TRANSFER,4936.58,C100002647,21006.01,16069.43,C200003536,28053.97,32990.55,0,0
578,TRANSFER,2069.25,C100003093,327972.09,325902.84,C200001447,165246.22,167315.47,0,0
578,TRANSFER,2180.42,C100004290,137803.73,135623.31,C200003317,30138.76,32319.18,0,0
578,TRANSFER,769.73,C100005173,38915.77,38146.04,C200004172,23061.59,23831.32,0,0
578,TRANSFER,2242.35,C100005257,16553.94,14311.59,C200000596,84126.35,86368.7,0,0
578,TRANSFER,6879.04,C100005653,15798.7,8919.66,C200003059,4654.1,11533.14,0,0
578,TRANSFER,6826.76,C100005756,11319.12,4492.36,C200004753,29476.12,36302.88,0,0
578,TRANSFER,1974.93,C100006242,584310.66,582335.73,C200002453,36416.8,38391.73,0,0
579,TRANSFER,3031.45,C100000697,4788.247058075508,1756.8,C200001855,57470.1,60501.55,0,0
579,TRANSFER,9672.44,C100001096,66676.0,57003.56,C200003483,66366.07,76038.51,0,0
579,TRANSFER,6591.98,C100001550,8506.391814224475,1914.41,C200005814,15761.03,22353.01,0,0
579,TRANSFER,4305.39,C100002494,38496.5,34191.11,C200002631,25780.95,30086.34,0,0
579,TRANSFER,3771.97,C100003386,44231.11,40459.14,C200004236,128915.52,132687.49,0,0
579,TRANSFER,6328.73,C100003578,26675.25,20346.52,C200003941,11866.33,18195.06,0,0
579,TRANSFER,7121.43,C100003960,33684.34,26562.91,C200001492,17726.98,24848.41,0,0
579,TRANSFER,458.63,C100004163,4194.35,3735.72,C200004907,25742.72,26201.35,0,0
579,TRANSFER,2900.52,C100004447,8911.86,6011.34,C200002526,2817.43,5717.95,0,0
579,TRANSFER,687.57,C100005148,57501.63,56814.06,C200001919,169039.75,169727.32,0,0
579,TRANSFER,46460.05,C100005761,234147.61,187687.56,C200000101,3257.36,49717.41,0,0
579,TRANSFER,8606.5,C100006035,31086.46,22479.96,C200004977,7534.28,16140.78,0,0
579,TRANSFER,3938.12,C100006095,25045.98,21107.86,C200003651,121392.08,125330.2,0,0
579,TRANSFER,11219.95,C100006306,48084.59,36864.64,C200003220,31567.43,42787.38,0,0
579,TRANSFER,20223.14,C100006529,191606.19,171383.05,C200005533,10393.33,30616.47,0,0
579,TRANSFER,2683.26,C100006604,5612.636828678751,2929.38,C200004524,22612.55,25295.81,0,0
580,TRANSFER,413.22,C100001237,201946.1,201532.88,C200006141,45563.14,45976.36,0,0
580,TRANSFER,4958.41,C100001561,9191.833064593291,4233.42,C200000448,89697.44,94655.85,0,0
580,TRANSFER,1900.06,C100002621,69422.0,67521.94,C200005942,18762.37,20662.43,0,0
580,TRANSFER,48497.12,C100002637,49524.2026185792,1027.08,C200001306,275691.67,324188.79,0,0
580,TRANSFER,303.43,C100002845,7250.18,6946.75,C200005205,9449.74,9753.17,0,0
580,TRANSFER,881.31,C100003406,60985.68,60104.37,C200005157,32539.25,33420.56,0,0
580,TRANSFER,382.25,C100003741,28956.58,28574.33,C200005687,11936.31,12318.56,0,0
580,TRANSFER,5436.05,C100005079,24880.46,19444.41,C200004066,3258.32,8694.37,0,0
580,TRANSFER,1925.53,C100005553,24843.72,22918.19,C200001965,33913.13,35838.66,0,0
580,TRANSFER,6687.43,C100006093,61033.55,54346.12,C200005055,18937.3,25624.73,0,0
580,TRANSFER,10804.16,C100006352,104605.4,93801.24,C900002454,12463.91,23268.07,1,0
580,TRANSFER,3464.73,C100006628,120899.95,117435.22,C200000033,6163.21,9627.94,0,0
581,TRANSFER,2035.66,C100000631,20032.07,17996.41,C200000092,22346.91,24382.57,0,0
581,TRANSFER,349.02,C100000906,67200.28,66851.26,C200003133,10371.5,10720.52,0,0
581,TRANSFER,182.64,C100001102,169844.02,169661.38,C200002535,49282.02,49464.66,0,0
581,TRANSFER,375.02,C100001831,109948.56,109573.54,C200002697,46417.62,46792.64,0,0
581,TRANSFER,3533.4,C100002363,7271.620528048139,3738.22,C200004874,21343.2,24876.6,0,0
581,TRANSFER,761.81,C100002406,33112.64,32350.83,C200002873,25819.43,26581.24,0,0
581,TRANSFER,1900.34,C100002507,35321.27,33420.93,C200002070,18422.96,20323.3,0,0
581,TRANSFER,5610.88,C100005023,14764.31,9153.43,C200003964,3491.31,9102.19,0,0
581,TRANSFER,2393.27,C100005315,9448.04,7054.77,C200005109,27347.45,29740.72,0,0
581,TRANSFER,411.97,C100006309,50658.03,50246.06,C200004826,20978.56,21390.53,0,0
581,TRANSFER,1839.75,C100006401,14080.39,12240.64,C200002845,33756.33,35596.08,0,0
581,TRANSFER,3410.95,C100006744,44935.27,41524.32,C200006062,173383.2,176794.15,0,0
582,TRANSFER,307.16,C100000630,9864.72,9557.56,C200002663,144548.29,144855.45,0,0
582,TRANSFER,1226.1,C100001166,26320.48,25094.38,C200001291,145061.33,146287.43,0,0
582,TRANSFER,2718.97,C100001259,156460.79,153741.82,C200006150,50366.5,53085.47,0,0
582,TRANSFER,1410.76,C100001562,18978.91,17568.15,C200004898,18112.42,19523.18,0,0
582,TRANSFER,716.08,C100002645,43954.26,43238.18,C200003409,31187.57,31903.65,0,0
582,TRANSFER,2464.28,C100002711,169678.15,167213.87,C200005646,40590.56,43054.84,0,0
582,TRANSFER,1204.01,C100004103,18724.6,17520.59,C200003741,32228.52,33432.53,0,0
582,TRANSFER,1383.7,C100004322,34354.91,32971.21,C200006305,1952.27,3335.97,0,0
582,TRANSFER,3606.3,C100004501,16811.63,13205.33,C200000330,38207.47,41813.77,0,0
582,TRANSFER,929.98,C100004743,142270.31,141340.33,C200004735,17320.4,18250.38,0,0
582,TRANSFER,3169.74,C100005571,8020.703347247755,4850.96,C200004344,192023.42,195193.16,0,0
582,TRANSFER,7013.07,C100005720,65221.4,58208.33,C200004514,12395.73,19408.8,0,0
582,TRANSFER,2405.29,C100006423,14503.35,12098.06,C200000022,8469.09,10874.38,0,0
583,TRANSFER,3846.24,C100000436,86445.57,82599.33,C200003608,7157.59,11003.83,0,0
583,TRANSFER,58024.7,C100001437,238016.18,179991.48,C900004672,2321.26,60345.96,1,0
583,TRANSFER,2803.7,C100002304,65185.34,62381.64,C200003054,59884.22,62687.92,0,0
583,TRANSFER,1679.99,C100002317,13280.25,11600.26,C200002659,129718.67,131398.66,0,0
583,TRANSFER,2366.17,C100002824,20724.48,18358.31,C200005761,8489.54,10855.71,0,0
583,TRANSFER,894.8,C100002871,51887.54,50992.74,C200002410,27375.95,28270.75,0,0
583,TRANSFER,1254.85,C100003185,20968.45,19713.6,C200005241,150594.75,151849.6,0,0
583,TRANSFER,3652.67,C100003576,34139.07,30486.4,C200003896,32315.96,35968.63,0,0
583,TRANSFER,1625.95,C100004898,108159.62,106533.67,C200005332,16793.04,18418.99,0,0
583,TRANSFER,1473.95,C100005602,13438.36,11964.41,C200004991,7409.33,8883.28,0,0
583,TRANSFER,2889.16,C100006802,12783.35,9894.19,C200001965,9027.14,11916.3,0,0
584,TRANSFER,2003.72,C100000497,73446.18,71442.46,C200003710,34655.78,36659.5,0,0
584,TRANSFER,5330.74,C100001119,9031.97,3701.23,C200005778,7933.23,13263.97,0,0
584,TRANSFER,5810.13,C100001176,10796.49565876603,4986.37,C200004282,3987.81,9797.94,0,0
584,TRANSFER,302.71,C100001258,27199.28,26896.57,C200001603,25769.08,26071.79,0,0
584,TRANSFER,3220.56,C100001384,73759.34,70538.78,C200001586,46840.15,50060.71,0,0
584,TRANSFER,5622.68,C100002031,29785.73,24163.05,C200005159,29182.0,34804.68,0,0
584,TRANSFER,1509.68,C100003212,204981.38,203471.7,C200003244,37155.82,38665.5,0,0
584,TRANSFER,7453.07,C100003631,127008.52,119555.45,C200006221,255598.49,263051.56,0,0
584,TRANSFER,4661.45,C100004436,45330.12,40668.67,C200001024,206489.02,211150.47,0,0
584,TRANSFER,2608.12,C100004760,13031.57,10423.45,C200000675,13989.27,16597.39,0,0
584,TRANSFER,1783.03,C100004934,30090.86,28307.83,C200006134,5808.17,7591.2,0,0
584,TRANSFER,582.69,C100005692,36729.3,36146.61,C200006349,40784.8,41367.49,0,0
584,TRANSFER,1740.21,C100005746,88601.04,86860.83,C200005192,19314.28,21054.49,0,0
584,TRANSFER,1070.41,C100005756,25587.57,24517.16,C200000969,3414.28,4484.69,0,0
584,TRANSFER,18677.77,C100005874,22662.48819153858,3984.72,C200000834,6896.49,25574.26,0,0
584,TRANSFER,1176.66,C100006971,28324.77,27148.11,C200002909,38007.02,39183.68,0,0
585,TRANSFER,745.22,C100000913,19527.01,18781.79,C200002564,10218.57,10963.79,0,0
585,TRANSFER,7211.55,C100001113,21989.66,14778.11,C200006092,7688.63,14900.18,0,0
585,TRANSFER,688.52,C100004137,26919.49,26230.97,C200002858,17703.23,18391.75,0,0
585,TRANSFER,45096.56,C100004365,46981.03867108711,1884.48,C200003440,89703.58,134800.14,0,0
585,TRANSFER,48023.49,C100004415,51588.03236331863,3564.54,C200004182,100426.8,148450.29,0,0
585,TRANSFER,2542.02,C100004604,122849.8,120307.78,C200001617,16082.79,18624.81,0,0
585,TRANSFER,204.3,C100004650,22259.55,22055.25,C200001555,109907.0,110111.3,0,0
585,TRANSFER,8902.95,C100005112,9563.171257602786,660.22,C200006179,240152.16,249055.11,0,0
585,TRANSFER,1506.85,C100005530,58596.23,57089.38,C200003087,40614.3,42121.15,0,0
585,TRANSFER,2265.58,C100006545,6202.27,3936.69,C200002138,29114.7,31380.28,0,0
585,TRANSFER,3144.89,C100006730,517838.13,514693.24,C200002866,16491.2,19636.09,0,0
585,TRANSFER,846.95,C100006785,79401.59,78554.64,C200004895,3915.59,4762.54,0,0
586,TRANSFER,2289.18,C100002278,78693.1,76403.92,C200003179,7810.3,10099.48,0,0
586,TRANSFER,625.71,C100002357,100094.89,99469.18,C200003731,88825.02,89450.73,0,0
586,TRANSFER,17115.94,C100002388,34682.79,17566.85,C200005640,33054.03,50169.97,0,0
586,TRANSFER,1132.17,C100002725,36280.43,35148.26,C200002125,5189.1,6321.27,0,0
586,TRANSFER,1790.79,C100002743,24443.63,22652.84,C200003091,52775.9,54566.69,0,0
586,TRANSFER,783.25,C100002812,96735.64,95952.39,C200001958,8800.1,9583.35,0,0
586,TRANSFER,903.79,C100002852,182239.11,181335.32,C200001298,12211.09,13114.88,0,0
586,TRANSFER,2221.98,C100003021,43417.92,41195.94,C200000173,16726.75,18948.73,0,0
586,TRANSFER,8766.67,C100003374,10736.37,1969.7,C200000631,81202.96,89969.63,0,0
586,TRANSFER,8174.63,C100004545,77307.9,69133.27,C200003277,70728.47,78903.1,0,0
586,TRANSFER,415.49,C100004766,21117.39,20701.9,C200001106,137948.71,138364.2,0,0
586,TRANSFER,16892.31,C100004876,206860.68,189968.37,C200004173,31797.12,48689.43,0,0
586,TRANSFER,6674.63,C100004895,23827.8,17153.17,C200003598,15244.82,21919.45,0,0
586,TRANSFER,5836.23,C100005465,7240.206470603249,1403.98,C200001703,19812.37,25648.6,0,0
586,TRANSFER,269.46,C100005553,7162.31,6892.85,C200002447,35040.19,35309.65,0,0
586,TRANSFER,4589.5,C100005564,62996.58,58407.08,C200004569,5197.97,9787.47,0,0
586,TRANSFER,3027.75,C100006017,17362.65,14334.9,C200000561,14529.7,17557.45,0,0
586,TRANSFER,1035.01,C100006750,4753.92,3718.91,C200004571,55034.09,56069.1,0,0
586,TRANSFER,2947.14,C100006926,18965.59,16018.45,C200005464,25638.19,28585.33,0,0
586,TRANSFER,39337.5,C100006939,59045.29,19707.79,C200002863,58893.78,98231.28,0,0
587,TRANSFER,921.41,C100000619,114710.98,113789.57,C200005564,19505.79,20427.2,0,0
587,TRANSFER,1152.69,C100002475,23618.81,22466.12,C200004514,117320.7,118473.39,0,0
587,TRANSFER,5370.97,C100003036,43204.22,37833.25,C200002272,21008.87,26379.84,0,0
587,TRANSFER,1611.66,C100003949,51807.27,50195.61,C200003692,279595.76,281207.42,0,0
587,TRANSFER,15480.68,C100004481,25897.5,10416.82,C200005540,53402.59,68883.27,0,0
587,TRANSFER,17886.23,C100004792,22536.78327613736,4650.55,C200005781,6086.92,23973.15,0,0
587,TRANSFER,458.47,C100005379,19952.84,19494.37,C200000061,163249.99,163708.46,0,0
587,TRANSFER,2956.83,C100005417,57324.61,54367.78,C200005890,4855.37,7812.2,0,0
587,TRANSFER,10691.06,C100005541,20682.17,9991.11,C200004038,609667.46,620358.52,0,0
587,TRANSFER,1741.03,C100005832,54945.3,53204.27,C200002008,17207.91,18948.94,0,0
587,TRANSFER,3985.28,C100005895,29460.08,25474.8,C200004374,29590.99,33576.27,0,0
587,TRANSFER,1578.12,C100006108,174670.87,173092.75,C200004343,34775.73,36353.85,0,0
587,TRANSFER,2634.88,C100006590,19274.75,16639.87,C200004876,4887.97,7522.85,0,0
588,TRANSFER,1184.48,C100000295,9784.7,8600.22,C200000917,2684.95,3869.43,0,0
588,TRANSFER,5130.91,C100000797,37767.19,32636.28,C200001646,28065.26,33196.17,0,0
588,TRANSFER,7537.59,C100001896,100798.64,93261.05,C200005124,9134.27,16671.86,0,0
588,TRANSFER,1934.47,C100002633,8849.1,6914.63,C200005118,62000.1,63934.57,0,0
588,TRANSFER,1305.34,C100004617,4649.611996416149,3344.27,C200001638,3556.59,4861.93,0,0
588,TRANSFER,3536.75,C100005344,38557.5,35020.75,C200004794,18129.59,21666.34,0,0
588,TRANSFER,4066.42,C100005365,115641.03,111574.61,C200005122,19470.74,23537.16,0,0
588,TRANSFER,4732.42,C100005803,69650.57,64918.15,C200002559,1659.83,6392.25,0,0
588,TRANSFER,5549.71,C100006871,23640.91,18091.2,C200001044,225144.94,230694.65,0,0
589,TRANSFER,3895.92,C100000141,6769.59,2873.67,C200003054,255298.99,259194.91,0,0
589,TRANSFER,4001.67,C100001313,5337.723691806683,1336.05,C200001675,83813.63,87815.3,0,0
589,TRANSFER,1206.58,C100003288,78657.53,77450.95,C200000429,17775.75,18982.33,0,0
589,TRANSFER,3628.72,C100003596,27976.49,24347.77,C200002415,1448.17,5076.89,0,0
589,TRANSFER,11674.85,C100003943,13200.386887936873,1525.54,C200005773,8973.38,20648.23,0,0
589,TRANSFER,445.92,C100004297,14702.83,14256.91,C200003876,19725.14,20171.06,0,0
589,TRANSFER,1238.57,C100004426,13015.28,11776.71,C200005170,10862.85,12101.42,0,0
589,TRANSFER,713.79,C100005953,55770.54,55056.75,C200006025,2187.07,2900.86,0,0
590,TRANSFER,4676.03,C100000755,27626.22,22950.19,C200003187,60886.75,65562.78,0,0
590,TRANSFER,2756.2,C100000949,92339.04,89582.84,C200003067,18032.97,20789.17,0,0
590,TRANSFER,4564.88,C100001028,200915.26,196350.38,C200004798,26091.9,30656.78,0,0
590,TRANSFER,3186.92,C100001338,53771.83,50584.91,C200003772,48810.85,51997.77,0,0
590,TRANSFER,3550.45,C100001633,61565.65,58015.2,C200000456,108302.12,111852.57,0,0
590,TRANSFER,772.95,C100002421,57630.27,56857.32,C200001608,8764.22,9537.17,0,0
590,TRANSFER,3453.89,C100002499,20443.48,16989.59,C200001112,38099.06,41552.95,0,0
590,TRANSFER,14113.71,C100002734,63039.69,48925.98,C200003748,38422.66,52536.37,0,0
590,TRANSFER,8460.36,C100002919,65742.01,57281.65,C200003188,19829.45,28289.81,0,0
590,TRANSFER,22475.49,C100003315,24885.66,2410.17,C200000635,5495.23,27970.72,0,0
590,TRANSFER,2432.44,C100004184,75991.3,73558.86,C200004026,38008.75,40441.19,0,0
590,TRANSFER,1259.76,C100004499,313333.27,312073.51,C200005721,3745.79,5005.55,0,0
590,TRANSFER,2821.82,C100004551,20899.02,18077.2,C200000099,742.82,3564.64,0,0
590,TRANSFER,1948.25,C100004641,14315.95,12367.7,C200003567,16203.71,18151.96,0,0
590,TRANSFER,28325.1,C100004818,31563.53091976259,3238.43,C200001930,7439.63,35764.73,0,0
590,TRANSFER,2349.49,C100005093,7198.33,4848.84,C200000080,14289.1,16638.59,0,0
590,TRANSFER,1955.36,C100005228,114407.8,112452.44,C200000494,16944.63,18899.99,0,0
590,TRANSFER,5429.8,C100005991,21711.85,16282.05,C200002348,30625.65,36055.45,0,0
590,TRANSFER,4905.23,C100006038,25954.1,21048.87,C200000212,53532.49,58437.72,0,0
590,TRANSFER,309.85,C100006614,16517.06,16207.21,C200000414,192676.32,192986.17,0,0
590,TRANSFER,773.39,C100006664,48618.14,47844.75,C200002991,30259.46,31032.85,0,0
591,TRANSFER,3675.96,C100000333,32297.79,28621.83,C200000755,28353.99,32029.95,0,0
591,TRANSFER,1710.65,C100000851,19047.13,17336.48,C200004954,55934.43,57645.08,0,0
591,TRANSFER,20834.12,C100001384,75721.87,54887.75,C200005284,60666.15,81500.27,0,0
591,TRANSFER,6624.79,C100001620,38606.26,31981.47,C200003715,131292.21,137917.0,0,0
591,TRANSFER,1324.65,C100002131,120718.2,119393.55,C200002990,3813.61,5138.26,0,0
591,TRANSFER,8499.58,C100003416,161161.59,152662.01,C200002550,25121.98,33621.56,0,0
591,TRANSFER,1664.58,C100004623,6529.672728434103,4865.09,C200003487,23791.36,25455.94,0,0
591,TRANSFER,768.53,C100004632,4484.55,3716.02,C200005497,19626.22,20394.75,0,0
591,TRANSFER,1985.19,C100006399,328877.69,326892.5,C200004409,42429.48,44414.67,0,0
591,TRANSFER,3021.75,C100006642,27513.68,24491.93,C200005416,21639.14,24660.89,0,0
592,TRANSFER,1289.47,C100000305,31135.25,29845.78,C200004346,118213.03,119502.5,0,0
592,TRANSFER,1655.2,C100000316,65088.38,63433.18,C200002626,13158.19,14813.39,0,0
592,TRANSFER,4628.3,C100000462,26517.46,21889.16,C200003388,49577.87,54206.17,0,0
592,TRANSFER,4082.77,C100000634,172281.38,168198.61,C200002241,32243.92,36326.69,0,0
592,TRANSFER,9556.25,C100000990,105885.83,96329.58,C200001574,2695.89,12252.14,0,0
592,TRANSFER,1049.39,C100002112,12797.88,11748.49,C200002241,4040.8,5090.19,0,0
592,TRANSFER,2554.93,C100002134,7368.35,4813.42,C200003213,800373.33,802928.26,0,0
592,TRANSFER,1534.18,C100002156,22246.21,20712.03,C200003655,115380.34,116914.52,0,0
592,TRANSFER,408.47,C100002432,19319.31,18910.84,C200005140,57853.76,58262.23,0,0
592,TRANSFER,1486.11,C100002634,61011.41,59525.3,C200003179,4685.79,6171.9,0,0
592,TRANSFER,1271.16,C100002880,10047.98,8776.82,C200004504,37408.98,38680.14,0,0
592,TRANSFER,3007.07,C100003381,20848.24,17841.17,C200004098,31507.94,34515.01,0,0
592,TRANSFER,459.14,C100004365,113375.13,112915.99,C200000573,13459.71,13918.85,0,0
592,TRANSFER,434.49,C100004916,51404.57,50970.08,C200005167,4430.96,4865.45,0,0
592,TRANSFER,2457.18,C100005763,177637.48,175180.3,C200006217,24293.28,26750.46,0,0
592,TRANSFER,107.91,C100006114,7451.51,7343.6,C200006264,27090.43,27198.34,0,0
592,TRANSFER,422.92,C100006500,7802.99,7380.07,C200000503,13967.8,14390.72,0,0
593,TRANSFER,623.16,C100000260,20830.76,20207.6,C200005153,133861.03,134484.19,0,0
593,TRANSFER,3259.95,C100002095,56504.05,53244.1,C200002428,43771.09,47031.04,0,0
593,TRANSFER,1411.09,C100002100,53039.64,51628.55,C200005976,7215.34,8626.43,0,0
593,TRANSFER,817.17,C100002277,25651.19,24834.02,C200002607,15593.14,16410.31,0,0
593,TRANSFER,559.65,C100002343,51669.46,51109.81,C200001666,4280.99,4840.64,0,0
593,TRANSFER,2998.39,C100002437,21246.66,18248.27,C200002955,43843.6,46841.99,0,0
593,TRANSFER,3631.04,C100003020,7905.237831523873,4274.2,C200001276,372261.88,375892.92,0,0
593,TRANSFER,8908.7,C100003473,48703.17,39794.47,C200000808,43920.46,52829.16,0,0
593,TRANSFER,26827.97,C100003483,30449.31696076142,3621.35,C200006136,454578.3,481406.27,0,0
593,TRANSFER,15110.12,C100003622,43168.16,28058.04,C200001551,11523.2,26633.32,0,0
593,TRANSFER,2927.2,C100004175,1000000.0,997072.8,C200002998,20748.09,23675.29,0,0
593,TRANSFER,3306.99,C100005876,13840.44,10533.45,C200002224,165356.82,168663.81,0,0
593,TRANSFER,983.11,C100005941,27317.69,26334.58,C200004067,151899.12,152882.23,0,0
593,TRANSFER,22511.64,C100006261,26210.137702511405,3698.5,C200002661,30904.18,53415.82,0,0
593,TRANSFER,2464.84,C100006418,30518.29,28053.45,C200001841,182429.21,184894.05,0,0
593,TRANSFER,3006.75,C100006553,37745.41,34738.66,C200004032,4792.3,7799.05,0,0
593,TRANSFER,1512.47,C100006973,5362.805891561764,3850.34,C200005246,238556.23,240068.7,0,0
594,TRANSFER,2104.19,C100000312,211590.27,209486.08,C200005534,80624.65,82728.84,0,0
594,TRANSFER,3677.35,C100002562,10617.15,6939.8,C200005598,51775.23,55452.58,0,0
594,TRANSFER,1524.93,C100003364,5245.43,3720.5,C200002118,27086.86,28611.79,0,0
594,TRANSFER,9767.94,C100003456,9988.8350451755,220.9,C200003402,73608.73,83376.67,0,0
594,TRANSFER,1078.31,C100004444,931928.85,930850.54,C200003401,5767.02,6845.33,0,0
594,TRANSFER,326.75,C100004830,29604.22,29277.47,C200006161,17444.51,17771.26,0,0
594,TRANSFER,667.23,C100004961,90491.07,89823.84,C200002533,21974.66,22641.89,0,0
594,TRANSFER,7695.35,C100006209,13510.54,5815.19,C200001061,60408.33,68103.68,0,0
594,TRANSFER,5765.34,C100006613,9621.62,3856.28,C200000160,58171.94,63937.28,0,0
595,TRANSFER,1921.72,C100000426,4469.46,2547.74,C200000271,5796.54,7718.26,0,0
595,TRANSFER,6000.91,C100000834,68054.28,62053.37,C200002208,11641.49,17642.4,0,0
595,TRANSFER,1375.71,C100001030,89683.5,88307.79,C200000464,11134.38,12510.09,0,0
595,TRANSFER,1630.4,C100001159,96481.9,94851.5,C200004310,60693.26,62323.66,0,0
595,TRANSFER,584.75,C100001317,99442.64,98857.89,C200004781,18277.23,18861.98,0,0
595,TRANSFER,977.58,C100001554,15653.14,14675.56,C200001243,8212.94,9190.52,0,0
595,TRANSFER,166.75,C100001766,20564.58,20397.83,C200002689,33088.77,33255.52,0,0
595,TRANSFER,1066.84,C100002653,15329.78,14262.94,C200004816,1414.43,2481.27,0,0
595,TRANSFER,3043.11,C100003242,10080.41,7037.3,C200000459,1333.78,4376.89,0,0
595,TRANSFER,2731.38,C100003346,16418.61,13687.23,C200006335,58409.89,61141.27,0,0
595,TRANSFER,2475.06,C100003375,19400.5,16925.44,C200005240,51648.73,54123.79,0,0
595,TRANSFER,1048.23,C100003755,12674.59,11626.36,C200003493,41620.25,42668.48,0,0
595,TRANSFER,14518.64,C100004469,329020.65,314502.01,C200004365,11486.4,26005.04,0,0
595,TRANSFER,2138.47,C100004477,22397.64,20259.17,C200005154,48067.77,50206.24,0,0
595,TRANSFER,1468.3,C100005905,41210.04,39741.74,C200001385,5313.25,6781.55,0,0
595,TRANSFER,3951.41,C100006099,143492.73,139541.32,C200002764,14411.84,18363.25,0,0
595,TRANSFER,2152.68,C100006952,6019.99,3867.31,C200002772,13156.41,15309.09,0,0
596,TRANSFER,21534.82,C100000575,25249.69,3714.87,C200003151,93134.79,114669.61,0,0
596,TRANSFER,2016.15,C100001409,8403.91,6387.76,C200003691,19041.69,21057.84,0,0
596,TRANSFER,3969.68,C100001554,6788.806791253556,2819.13,C200005398,52695.36,56665.04,0,0
596,TRANSFER,1034.9,C100001784,268844.92,267810.02,C200003941,21124.02,22158.92,0,0
596,TRANSFER,2583.33,C100002324,23274.46,20691.13,C200001063,4845.92,7429.25,0,0
596,TRANSFER,5389.4,C100002905,53595.04,48205.64,C200003477,23088.49,28477.89,0,0
596,TRANSFER,1042.87,C100003142,21065.22,20022.35,C200004172,9587.46,10630.33,0,0
596,TRANSFER,589.28,C100003189,89300.26,88710.98,C200005338,9738.1,10327.38,0,0
596,TRANSFER,1445.98,C100003637,60835.0,59389.02,C200000369,169364.23,170810.21,0,0
596,TRANSFER,8691.8,C100004209,16547.35,7855.55,C200001503,4022.26,12714.06,0,0
596,TRANSFER,2077.66,C100004334,13428.96,11351.3,C200001430,30562.72,32640.38,0,0
596,TRANSFER,590.64,C100004421,15293.91,14703.27,C200001105,15358.33,15948.97,0,0
596,TRANSFER,703.79,C100005453,5625.947581379623,4922.16,C200006004,44920.71,45624.5,0,0
596,TRANSFER,3477.72,C100005720,20407.53,16929.81,C200002934,297915.12,301392.84,0,0
596,TRANSFER,229.01,C100005788,31379.21,31150.2,C200002765,17309.19,17538.2,0,0
596,TRANSFER,1771.62,C100006195,375838.26,374066.64,C200000902,42879.38,44651.0,0,0
596,TRANSFER,4747.22,C100006609,39375.63,34628.41,C200002002,12510.71,17257.93,0,0
597,TRANSFER,1220.49,C100000117,15683.47,14462.98,C200002781,19670.11,20890.6,0,0
597,TRANSFER,7125.8,C100000273,18184.18,11058.38,C200005134,173053.2,180179.0,0,0
597,TRANSFER,7263.43,C100000724,8116.38984523868,852.96,C200004485,8000.51,15263.94,0,0
597,TRANSFER,4866.29,C100001432,98293.58,93427.29,C200003167,8724.07,13590.36,0,0
597,TRANSFER,1283.69,C100002732,31753.55,30469.86,C200002872,12003.46,13287.15,0,0
597,TRANSFER,1936.02,C100003129,21639.87,19703.85,C200000679,41243.91,43179.93,0,0
597,TRANSFER,2678.94,C100003785,174258.6,171579.66,C200003385,19191.59,21870.53,0,0
597,TRANSFER,457.09,C100004297,220788.7,220331.61,C200006157,238660.62,239117.71,0,0
597,TRANSFER,798.49,C100004689,10388.32,9589.83,C200000368,9836.13,10634.62,0,0
597,TRANSFER,1476.5,C100004819,12343.93,10867.43,C200006070,259754.0,261230.5,0,0
597,TRANSFER,1462.2,C100004845,21559.84,20097.64,C200002979,56343.71,57805.91,0,0
597,TRANSFER,852.0,C100005777,39751.74,38899.74,C200000545,29109.21,29961.21,0,0
597,TRANSFER,3001.26,C100006282,8055.48,5054.22,C200004163,12313.92,15315.18,0,0
597,TRANSFER,5599.83,C100006430,24774.44,19174.61,C200003655,8480.84,14080.67,0,0
597,TRANSFER,1467.54,C100006567,56226.03,54758.49,C200005892,19169.54,20637.08,0,0
597,TRANSFER,1578.99,C100006878,42937.5,41358.51,C200001089,34753.17,36332.16,0,0
598,TRANSFER,8920.93,C100001892,19565.83,10644.9,C200001532,102990.82,111911.75,0,0
598,TRANSFER,1195.92,C100001980,79887.24,78691.32,C200001401,34580.09,35776.01,0,0
598,TRANSFER,2593.61,C100002031,121829.35,119235.74,C200002344,1902.0,4495.61,0,0
598,TRANSFER,4101.6,C100002161,66686.26,62584.66,C200000707,43864.78,47966.38,0,0
598,TRANSFER,5006.48,C100002190,30987.17,25980.69,C200002269,9147.02,14153.5,0,0
598,TRANSFER,728.58,C100002301,20175.55,19446.97,C200004993,11575.36,12303.94,0,0
598,TRANSFER,2503.11,C100002479,47697.37,45194.26,C200003208,45468.42,47971.53,0,0
598,TRANSFER,1405.26,C100003735,8154.75,6749.49,C200001212,21741.31,23146.57,0,0
598,TRANSFER,5124.11,C100003991,10924.12,5800.01,C200004738,27326.29,32450.4,0,0
598,TRANSFER,1112.56,C100004926,28192.47,27079.91,C200002697,2257.67,3370.23,0,0
598,TRANSFER,13159.56,C100004988,41183.89,28024.33,C200003319,76619.03,89778.59,0,0
598,TRANSFER,2784.38,C100005171,48877.81,46093.43,C200002552,81397.01,84181.39,0,0
598,TRANSFER,3906.57,C100005289,29853.99,25947.42,C200003317,69656.15,73562.72,0,0
598,TRANSFER,351.71,C100006285,30966.66,30614.95,C200001388,34406.28,34757.99,0,0
598,TRANSFER,2487.95,C100006647,311686.48,309198.53,C200003965,383230.84,385718.79,0,0
599,TRANSFER,1556.6,C100000309,7715.75,6159.15,C200003818,19357.42,20914.02,0,0
599,TRANSFER,451.46,C100001802,9305.19,8853.73,C200005004,30418.07,30869.53,0,0
599,TRANSFER,48167.01,C100001810,51268.09796161736,3101.09,C900007044,111011.55,159178.56,1,0
599,TRANSFER,5481.98,C100002228,108955.02,103473.04,C200004944,22081.04,27563.02,0,0
599,TRANSFER,2351.48,C100002370,58429.24,56077.76,C200003182,15003.52,17355.0,0,0
599,TRANSFER,1374.28,C100003347,49768.79,48394.51,C200004089,25038.63,26412.91,0,0
599,TRANSFER,8201.13,C100003528,62921.22,54720.09,C200004395,6464.48,14665.61,0,0
599,TRANSFER,18617.97,C100003549,22373.297080938017,3755.33,C200004028,11476.69,30094.66,0,0
599,TRANSFER,3986.49,C100004182,16909.35,12922.86,C200001231,2242.11,6228.6,0,0
599,TRANSFER,1052.74,C100005189,38491.49,37438.75,C200006273,151857.78,152910.52,0,0
599,TRANSFER,1796.29,C100005454,67284.69,65488.4,C200005120,5085.76,6882.05,0,0
599,TRANSFER,309.92,C100006450,43754.0,43444.08,C200003939,6686.57,6996.49,0,0
599,TRANSFER,1718.1,C100006551,28370.58,26652.48,C200000390,23827.35,25545.45,0,0
599,TRANSFER,1504.43,C100006833,52600.85,51096.42,C200002832,30588.38,32092.81,0,0
600,TRANSFER,1828.15,C100000134,8593.07,6764.92,C200005730,1000000.0,1001828.15,0,0
600,TRANSFER,3162.51,C100000558,75297.28,72134.77,C200001888,38963.43,42125.94,0,0
600,TRANSFER,3703.0,C100000778,53514.35,49811.35,C200005208,16211.63,19914.63,0,0
600,TRANSFER,1196.87,C100001548,36151.27,34954.4,C200005683,53215.23,54412.1,0,0
600,TRANSFER,1610.34,C100002601,6803.21,5192.87,C200000074,54146.92,55757.26,0,0
600,TRANSFER,15618.89,C100003151,39684.19,24065.3,C900004607,10488.51,26107.4,1,0
600,TRANSFER,1347.23,C100003306,2589.67,1242.44,C200004021,665821.84,667169.07,0,0
600,TRANSFER,5728.2,C100004662,40130.26,34402.06,C200005888,222669.31,228397.51,0,0
600,TRANSFER,658.88,C100004797,23418.6,22759.72,C200005684,15129.67,15788.55,0,0
600,TRANSFER,1691.93,C100005301,26637.11,24945.18,C200005877,13959.65,15651.58,0,0
600,TRANSFER,976.62,C100005624,136946.01,135969.39,C200003153,18193.52,19170.14,0,0
600,TRANSFER,5382.19,C100006061,40580.13,35197.94,C200005030,251040.2,256422.39,0,0
600,TRANSFER,1076.54,C100006633,253156.55,252080.01,C200000788,8737.8,9814.34,0,0
600,TRANSFER,20911.83,C100006903,61816.31,40904.48,C200003472,33799.04,54710.87,0,0
601,TRANSFER,501.39,C100001065,85628.66,85127.27,C200003134,4237.79,4739.18,0,0
601,TRANSFER,3851.44,C100001540,24031.35,20179.91,C200004452,41180.21,45031.65,0,0
601,TRANSFER,1695.54,C100002337,79526.61,77831.07,C200005793,7986.58,9682.12,0,0
601,TRANSFER,1215.81,C100003002,43704.32,42488.51,C200002602,3599.19,4815.0,0,0
601,TRANSFER,2872.86,C100003049,85730.59,82857.73,C200004609,67271.87,70144.73,0,0
601,TRANSFER,2006.21,C100003452,5918.538189088005,3912.33,C200005487,11964.72,13970.93,0,0
601,TRANSFER,1221.99,C100003953,81264.3,80042.31,C200002058,14937.73,16159.72,0,0
601,TRANSFER,2223.67,C100005023,20222.17,17998.5,C200005964,6368.22,8591.89,0,0
601,TRANSFER,2794.75,C100005282,30521.03,27726.28,C200000486,27328.87,30123.62,0,0
601,TRANSFER,1519.57,C100006217,146168.67,144649.1,C200000541,5639.93,7159.5,0,0
602,TRANSFER,9206.14,C100000392,84634.1,75427.96,C200002749,84337.36,93543.5,0,0
602,TRANSFER,11120.03,C100000491,16055.433146392752,4935.4,C200003606,3632.92,14752.95,0,0
602,TRANSFER,483.81,C100000511,107165.07,106681.26,C200005007,5207.22,5691.03,0,0
602,TRANSFER,1018.01,C100000751,34338.46,33320.45,C200001010,26992.67,28010.68,0,0
602,TRANSFER,4586.3,C100001617,116161.41,111575.11,C200005735,61440.26,66026.56,0,0
602,TRANSFER,839.71,C100001726,46877.1,46037.39,C200000839,4232.71,5072.42,0,0
602,TRANSFER,3799.21,C100002331,27311.53,23512.32,C200005746,15030.57,18829.78,0,0
602,TRANSFER,1562.13,C100002554,63062.26,61500.13,C200003978,2966.62,4528.75,0,0
602,TRANSFER,402.56,C100002951,3810.97,3408.41,C200005750,15109.44,15512.0,0,0
602,TRANSFER,2672.67,C100003330,110003.83,107331.16,C200003682,696444.43,699117.1,0,0
602,TRANSFER,2807.77,C100004026,29944.06,27136.29,C200002657,13088.5,15896.27,0,0
602,TRANSFER,1560.65,C100005069,146762.79,145202.14,C200006274,48974.76,50535.41,0,0
602,TRANSFER,18951.58,C100005930,19381.37148332267,429.79,C200006203,16225.02,35176.6,0,0
602,TRANSFER,202.26,C100006914,6833.65,6631.39,C200001487,175431.09,175633.35,0,0
603,TRANSFER,10033.36,C100000190,49638.66,39605.3,C200005296,15950.81,25984.17,0,0
603,TRANSFER,10882.49,C100001096,79411.69,68529.2,C900007530,142042.05,152924.54,1,0
603,TRANSFER,7123.62,C100001343,25599.53,18475.91,C200000777,17902.54,25026.16,0,0
603,TRANSFER,1323.96,C100001615,5831.858283242444,4507.9,C200006125,37116.74,38440.7,0,0
603,TRANSFER,23219.1,C100001630,142876.72,119657.62,C200002590,70584.6,93803.7,0,0
603,TRANSFER,674.76,C100002414,90302.65,89627.89,C200000959,45509.9,46184.66,0,0
603,TRANSFER,3631.23,C100002529,6397.04,2765.81,C200004086,23773.79,27405.02,0,0
603,TRANSFER,385.16,C100002994,16831.26,16446.1,C200002151,29333.58,29718.74,0,0
603,TRANSFER,4716.87,C100003149,60303.69,55586.82,C200005617,8394.29,13111.16,0,0
603,TRANSFER,4794.36,C100004234,9667.785070167125,4873.43,C200004178,76055.0,80849.36,0,0
603,TRANSFER,18885.59,C100004894,19572.127295749568,686.54,C200003746,160606.21,179491.8,0,0
603,TRANSFER,2255.75,C100005707,13791.88,11536.13,C200003418,14760.62,17016.37,0,0
603,TRANSFER,1020.34,C100005720,11928.54,10908.2,C200001387,4752.36,5772.7,0,0
603,TRANSFER,5423.73,C100005768,89331.89,83908.16,C200005021,26097.02,31520.75,0,0
603,TRANSFER,38371.9,C100006855,44335.24,5963.34,C200001501,28240.55,66612.45,0,0
604,TRANSFER,776.08,C100000512,17550.7,16774.62,C200000937,9328.16,10104.24,0,0
604,TRANSFER,2745.18,C100002642,49026.26,46281.08,C200002695,32096.44,34841.62,0,0
604,TRANSFER,17981.23,C100002654,33249.12,15267.89,C200002771,133496.59,151477.82,0,0
604,TRANSFER,396.94,C100003996,20678.6,20281.66,C200003560,22843.1,23240.04,0,0
604,TRANSFER,1071.02,C100004904,89373.58,88302.56,C200005962,32875.23,33946.25,0,0
604,TRANSFER,2261.57,C100006372,22335.48,20073.91,C200004546,11460.99,13722.56,0,0
604,TRANSFER,960.25,C100006929,85784.37,84824.12,C200002376,12700.6,13660.85,0,0
605,TRANSFER,2315.46,C100001037,19298.31,16982.85,C200001368,8134.75,10450.21,0,0
605,TRANSFER,18649.74,C100001507,23185.336039727,4535.6,C200005487,400859.99,419509.73,0,0
605,TRANSFER,14812.03,C100001799,17717.149569336154,2905.12,C200006447,55631.54,70443.57,0,0
605,TRANSFER,413.51,C100001919,11176.8,10763.29,C200002718,4710.48,5123.99,0,0
605,TRANSFER,6198.87,C100003445,14081.57,7882.7,C200002393,12137.35,18336.22,0,0
605,TRANSFER,4640.89,C100004510,14427.04,9786.15,C200005281,93107.03,97747.92,0,0
605,TRANSFER,2907.73,C100005971,34465.43,31557.7,C200004967,132745.63,135653.36,0,0
605,TRANSFER,5544.85,C100006228,10200.265920035985,4655.42,C200001161,49219.03,54763.88,0,0
606,TRANSFER,1005.7,C100001200,10481.54,9475.84,C200006380,87309.85,88315.55,0,0
606,TRANSFER,7124.3,C100001526,36824.18,29699.88,C200003151,23657.99,30782.29,0,0
606,TRANSFER,8538.61,C100002445,12267.938409841614,3729.33,C200002610,10736.79,19275.4,0,0
606,TRANSFER,2405.78,C100003691,31436.28,29030.5,C200001355,133157.03,135562.81,0,0
606,TRANSFER,1077.22,C100003737,21758.88,20681.66,C200006463,47776.5,48853.72,0,0
606,TRANSFER,2266.1,C100004549,343775.24,341509.14,C200000339,92502.18,94768.28,0,0
606,TRANSFER,526.81,C100004789,7659.93,7133.12,C200006377,133071.98,133598.79,0,0
606,TRANSFER,6236.67,C100005008,55452.35,49215.68,C200001489,41425.12,47661.79,0,0
606,TRANSFER,5697.85,C100006399,36844.22,31146.37,C200005487,17701.71,23399.56,0,0
606,TRANSFER,1604.29,C100006848,9218.1,7613.81,C200002195,83312.05,84916.34,0,0
607,TRANSFER,177.53,C100000163,29366.49,29188.96,C200003846,3293.92,3471.45,0,0
607,TRANSFER,6091.89,C100000823,40581.47,34489.58,C200004994,9646.66,15738.55,0,0
607,TRANSFER,906.71,C100001145,37089.78,36183.07,C200001178,199485.14,200391.85,0,0
607,TRANSFER,1657.71,C100001264,7482.72,5825.01,C200002689,3200.6,4858.31,0,0
607,TRANSFER,557.13,C100003455,24414.34,23857.21,C200003375,144694.28,145251.41,0,0
607,TRANSFER,929.11,C100003645,49052.67,48123.56,C200000378,14836.07,15765.18,0,0
607,TRANSFER,21763.06,C100004220,40232.83,18469.77,C200003907,10999.57,32762.63,0,0
607,TRANSFER,1211.01,C100005055,75677.69,74466.68,C200002238,40265.37,41476.38,0,0
607,TRANSFER,10790.77,C100006236,19274.05,8483.28,C200002820,8075.88,18866.65,0,0
607,TRANSFER,3416.31,C100006545,29458.01,26041.7,C200004991,2725.47,6141.78,0,0
608,TRANSFER,899.51,C100000232,92563.55,91664.04,C200005643,25060.16,25959.67,0,0
608,TRANSFER,3276.67,C100000255,9277.61,6000.94,C200002605,12886.67,16163.34,0,0
608,TRANSFER,5991.41,C100000473,25120.44,19129.03,C200002540,16447.64,22439.05,0,0
608,TRANSFER,2780.87,C100002526,6875.274188265721,4094.4,C200004102,348233.53,351014.4,0,0
608,TRANSFER,19160.47,C100002740,27785.48,8625.01,C200003681,871.81,20032.28,0,0
608,TRANSFER,6866.18,C100002772,14401.42,7535.24,C200000586,68169.85,75036.03,0,0
608,TRANSFER,7488.42,C100002913,52753.31,45264.89,C200003367,10346.12,17834.54,0,0
608,TRANSFER,1070.48,C100003176,131734.38,130663.9,C200006341,7772.58,8843.06,0,0
608,TRANSFER,10973.58,C100003221,71634.53,60660.95,C200005518,36614.93,47588.51,0,0
608,TRANSFER,5999.99,C100003545,9920.886592210485,3920.9,C200001114,86149.28,92149.27,0,0
608,TRANSFER,885.85,C100003706,124615.32,123729.47,C200003910,6907.63,7793.48,0,0
608,TRANSFER,4464.81,C100005162,60373.65,55908.84,C200000964,33962.9,38427.71,0,0
608,TRANSFER,4596.76,C100006143,75701.42,71104.66,C200005295,44579.09,49175.85,0,0
608,TRANSFER,327.18,C100006899,959768.76,959441.58,C200000591,5864.75,6191.93,0,0
609,TRANSFER,360.37,C100000248,63674.5,63314.13,C200004871,43926.81,44287.18,0,0
609,TRANSFER,3683.09,C100001731,48372.92,44689.83,C200000896,48423.42,52106.51,0,0
609,TRANSFER,8145.08,C100002182,33930.03,25784.95,C200001768,14311.95,22457.03,0,0
609,TRANSFER,2640.1,C100002519,48680.0,46039.9,C200001535,34944.43,37584.53,0,0
609,TRANSFER,1989.86,C100002706,4233.92,2244.06,C200004870,5393.59,7383.45,0,0
609,TRANSFER,4680.54,C100003512,123863.2,119182.66,C200006163,32473.78,37154.32,0,0
609,TRANSFER,3563.07,C100003830,54015.67,50452.6,C200006177,12834.14,16397.21,0,0
609,TRANSFER,1920.43,C100004721,36571.88,34651.45,C200002287,95583.33,97503.76,0,0
609,TRANSFER,1728.07,C100005351,47806.16,46078.09,C200002006,2034.28,3762.35,0,0
609,TRANSFER,1575.94,C100005717,4760.77,3184.83,C200006049,27415.27,28991.21,0,0
610,TRANSFER,1223.87,C100001640,9665.6,8441.73,C200004504,7355.29,8579.16,0,0
610,TRANSFER,2422.8,C100003244,452814.31,450391.51,C200005094,362334.26,364757.06,0,0
610,TRANSFER,1389.57,C100003348,151439.35,150049.78,C200004545,8356.88,9746.45,0,0
610,TRANSFER,32663.42,C100004042,33496.086592866355,832.67,C200005131,66119.44,98782.86,0,0
610,TRANSFER,41165.41,C100004242,45019.66964955151,3854.26,C200003591,36874.6,78040.01,0,0
610,TRANSFER,833.92,C100004309,48227.29,47393.37,C200001268,11025.58,11859.5,0,0
610,TRANSFER,7349.53,C100004745,11708.75,4359.22,C200005383,35506.63,42856.16,0,0
610,TRANSFER,896.75,C100005295,13301.89,12405.14,C200005597,29345.28,30242.03,0,0
610,TRANSFER,3122.96,C100005588,124344.34,121221.38,C200000513,104804.89,107927.85,0,0
610,TRANSFER,1695.17,C100005605,77312.22,75617.05,C200003368,4720.87,6416.04,0,0
610,TRANSFER,4179.8,C100006106,49310.79,45130.99,C200003928,1507.72,5687.52,0,0
610,TRANSFER,485.25,C100006678,5982.88,5497.63,C200003490,54438.63,54923.88,0,0
610,TRANSFER,14913.15,C100006697,199606.87,184693.72,C200002734,303990.05,318903.2,0,0
611,TRANSFER,4096.09,C100001058,12978.07,8881.98,C200002428,18926.33,23022.42,0,0
611,TRANSFER,3262.24,C100001871,82223.29,78961.05,C200002219,2748.38,6010.62,0,0
611,TRANSFER,883.02,C100001978,103737.8,102854.78,C200005092,93335.87,94218.89,0,0
611,TRANSFER,20260.75,C100002133,24060.310782491724,3799.56,C200001453,173696.57,193957.32,0,0
611,TRANSFER,1298.9,C100002388,7929.44,6630.54,C200001184,337849.17,339148.07,0,0
611,TRANSFER,1087.55,C100002990,291152.48,290064.93,C200003368,86767.26,87854.81,0,0
611,TRANSFER,669.99,C100003078,7213.63,6543.64,C200003899,26242.86,26912.85,0,0
611,TRANSFER,1702.45,C100003199,6590.144599405088,4887.69,C200003771,58223.88,59926.33,0,0
611,TRANSFER,4895.43,C100004900,8196.152404586677,3300.72,C200002886,21862.2,26757.63,0,0
611,TRANSFER,1670.21,C100005526,31433.39,29763.18,C200002873,48334.14,50004.35,0,0
611,TRANSFER,2116.72,C100006251,5865.480326699037,3748.76,C200002018,12052.66,14169.38,0,0
611,TRANSFER,4070.11,C100006316,29993.09,25922.98,C200006019,24799.16,28869.27,0,0
611,TRANSFER,3604.47,C100006858,76846.5,73242.03,C200004343,13907.33,17511.8,0,0
612,TRANSFER,1630.67,C100000112,16435.23,14804.56,C200004988,6458.89,8089.56,0,0
612,TRANSFER,1596.09,C100001721,86974.63,85378.54,C200001372,783.18,2379.27,0,0
612,TRANSFER,255.31,C100001901,18589.74,18334.43,C200006400,14668.12,14923.43,0,0
612,TRANSFER,2934.86,C100001904,6725.92,3791.06,C200001309,1177.29,4112.15,0,0
612,TRANSFER,22878.5,C100002120,35510.75,12632.25,C200004312,16012.98,38891.48,0,0
612,TRANSFER,4485.06,C100002151,24929.04,20443.98,C200000045,5981.38,10466.44,0,0
612,TRANSFER,11823.89,C100003099,13285.673219180462,1461.78,C200001178,8094.02,19917.91,0,0
612,TRANSFER,12709.43,C100003640,115478.69,102769.26,C200004122,251013.67,263723.1,0,0
612,TRANSFER,3245.42,C100004314,73341.93,70096.51,C200004067,44172.46,47417.88,0,0
612,TRANSFER,7885.35,C100005821,22010.87,14125.52,C200000313,4656.42,12541.77,0,0
612,TRANSFER,434.56,C100006221,15451.21,15016.65,C200000419,13960.22,14394.78,0,0
612,TRANSFER,751.8,C100006705,16511.42,15759.62,C200001514,129902.66,130654.46,0,0
612,TRANSFER,235.48,C100006938,26104.82,25869.34,C200001640,9325.31,9560.79,0,0
613,TRANSFER,991.53,C100000262,9432.85,8441.32,C200001607,156709.17,157700.7,0,0
613,TRANSFER,1379.68,C100000910,105769.4,104389.72,C200005492,424929.67,426309.35,0,0
613,TRANSFER,5156.41,C100002338,11740.49,6584.08,C200003214,534273.62,539430.03,0,0
613,TRANSFER,5228.31,C100002444,29415.71,24187.4,C200005504,116451.34,121679.65,0,0
613,TRANSFER,569.86,C100002584,26909.66,26339.8,C200005255,113931.57,114501.43,0,0
613,TRANSFER,793.39,C100003139,1408.16,614.77,C200006036,11518.33,12311.72,0,0
613,TRANSFER,3502.57,C100003700,11421.72,7919.15,C200004189,242748.34,246250.91,0,0
613,TRANSFER,1816.12,C100003789,91288.39,89472.27,C200003605,3323.42,5139.54,0,0
613,TRANSFER,132.22,C100004803,35563.32,35431.1,C200000654,11359.56,11491.78,0,0
613,TRANSFER,3953.71,C100005126,53851.19,49897.48,C200006312,9629.37,13583.08,0,0
614,TRANSFER,5281.39,C100000218,8319.974425375349,3038.58,C200003857,203778.75,209060.14,0,0
614,TRANSFER,4187.23,C100000663,9185.14,4997.91,C200000203,7709.6,11896.83,0,0
614,TRANSFER,1372.24,C100000978,33038.66,31666.42,C200001304,10749.1,12121.34,0,0
614,TRANSFER,13115.57,C100002447,196587.2,183471.63,C200005502,8701.64,21817.21,0,0
614,TRANSFER,7297.17,C100002913,16119.91,8822.74,C200004097,30649.38,37946.55,0,0
614,TRANSFER,3387.33,C100004080,18274.43,14887.1,C200002577,25200.08,28587.41,0,0
614,TRANSFER,272.73,C100004305,35247.24,34974.51,C200003221,7555.5,7828.23,0,0
614,TRANSFER,5633.33,C100005351,37085.9,31452.57,C200002521,44478.81,50112.14,0,0
614,TRANSFER,1440.5,C100005507,10700.65,9260.15,C200004583,2243.55,3684.05,0,0
614,TRANSFER,1618.33,C100005678,6010.856319696653,4392.53,C200002277,159784.28,161402.61,0,0
614,TRANSFER,1840.6,C100005761,121558.36,119717.76,C200003330,284664.61,286505.21,0,0
614,TRANSFER,4900.97,C100006365,121553.78,116652.81,C200001926,36748.75,41649.72,0,0
615,TRANSFER,1861.4,C100000273,100571.71,98710.31,C200002455,278104.36,279965.76,0,0
615,TRANSFER,1348.68,C100000373,12588.62,11239.94,C200002804,161329.67,162678.35,0,0
615,TRANSFER,294.36,C100000555,5016.613387308058,4722.25,C200002162,91743.53,92037.89,0,0
615,TRANSFER,3255.09,C100001661,4858.9128327641765,1603.82,C200004276,9667.87,12922.96,0,0
615,TRANSFER,7613.79,C100001749,12346.415444500333,4732.63,C200001811,41120.26,48734.05,0,0
615,TRANSFER,1315.29,C100002078,48504.78,47189.49,C200002403,35826.79,37142.08,0,0
615,TRANSFER,1988.78,C100002702,20908.23,18919.45,C900003518,33722.31,35711.09,1,0
615,TRANSFER,2343.15,C100003926,98349.99,96006.84,C200005387,280948.81,283291.96,0,0
615,TRANSFER,4078.73,C100004095,400449.08,396370.35,C200005017,193630.55,197709.28,0,0
615,TRANSFER,3143.01,C100004531,3786.455948798979,643.45,C200002542,1328.51,4471.52,0,0
615,TRANSFER,1982.68,C100004950,29316.22,27333.54,C200001045,32860.51,34843.19,0,0
615,TRANSFER,6373.02,C100004963,37037.17,30664.15,C200002789,2249.29,8622.31,0,0
615,TRANSFER,26497.18,C100005025,30823.41884775132,4326.24,C200002934,667395.71,693892.89,0,0
615,TRANSFER,3118.75,C100005089,117419.26,114300.51,C200005408,97166.31,100285.06,0,0
616,TRANSFER,1894.54,C100000827,12738.7,10844.16,C200001458,36116.75,38011.29,0,0
616,TRANSFER,27547.53,C100000912,29669.1309434386,2121.6,C200004279,198061.1,225608.63,0,0
616,TRANSFER,917.16,C100001030,36653.15,35735.99,C200001792,95804.58,96721.74,0,0
616,TRANSFER,83086.06,C100001267,86016.3901892296,2930.33,C200002533,25180.62,108266.68,0,0
616,TRANSFER,6344.23,C100001556,63194.36,56850.13,C200003203,19469.75,25813.98,0,0
616,TRANSFER,4687.51,C100001613,21853.25,17165.74,C900001600,18285.49,22973.0,1,0
616,TRANSFER,1535.66,C100001723,68067.38,66531.72,C200003032,21525.74,23061.4,0,0
616,TRANSFER,2112.44,C100002132,63401.03,61288.59,C200001492,34146.25,36258.69,0,0
616,TRANSFER,1238.4,C100002672,7600.76,6362.36,C200002789,79341.16,80579.56,0,0
616,TRANSFER,309.24,C100002968,501679.52,501370.28,C200005209,29608.29,29917.53,0,0
616,TRANSFER,5189.69,C100003130,8908.598702733629,3718.91,C200004083,2594.28,7783.97,0,0
616,TRANSFER,412.22,C100003257,6667.53,6255.31,C200005457,34922.25,35334.47,0,0
616,TRANSFER,2658.93,C100004185,6722.28,4063.35,C200005060,10304.49,12963.42,0,0
616,TRANSFER,38915.8,C100004524,41580.545713218446,2664.75,C200001616,59671.89,98587.69,0,0
616,TRANSFER,13109.47,C100004735,14341.035786755689,1231.57,C200000668,6626.75,19736.22,0,0
616,TRANSFER,7210.3,C100005555,18038.48,10828.18,C200002372,10227.46,17437.76,0,0
616,TRANSFER,5312.8,C100005597,8415.74007448687,3102.94,C200005235,10276.47,15589.27,0,0
616,TRANSFER,282.35,C100006390,13076.19,12793.84,C200004901,4380.47,4662.82,0,0
616,TRANSFER,202.7,C100006491,43287.51,43084.81,C200001103,24326.36,24529.06,0,0
617,TRANSFER,2092.41,C100000323,74831.23,72738.82,C200004574,29714.12,31806.53,0,0
617,TRANSFER,6132.13,C100000350,39716.44,33584.31,C200004317,31627.69,37759.82,0,0
617,TRANSFER,3214.14,C100000497,29971.48,26757.34,C200000987,129451.04,132665.18,0,0
617,TRANSFER,726.09,C100002156,45045.82,44319.73,C200003661,3907.57,4633.66,0,0
617,TRANSFER,509.99,C100002408,40055.89,39545.9,C200000342,21067.89,21577.88,0,0
617,TRANSFER,376.24,C100002442,259030.33,258654.09,C200000223,32284.44,32660.68,0,0
617,TRANSFER,1104.89,C100002545,34549.95,33445.06,C200002638,30644.55,31749.44,0,0
617,TRANSFER,3004.71,C100002595,10260.68,7255.97,C200003189,45041.5,48046.21,0,0
617,TRANSFER,2612.13,C100004139,14604.91,11992.78,C200002918,18271.04,20883.17,0,0
617,TRANSFER,663.26,C100004578,15972.99,15309.73,C200005461,233886.67,234549.93,0,0
617,TRANSFER,934.99,C100005083,87324.18,86389.19,C200004195,2528.05,3463.04,0,0
617,TRANSFER,12762.73,C100006122,28985.64,16222.91,C200000980,9015.98,21778.71,0,0
617,TRANSFER,1668.01,C100006238,13686.87,12018.86,C200000827,13433.12,15101.13,0,0
617,TRANSFER,3643.83,C100006657,22530.42,18886.59,C200004964,7272.13,10915.96,0,0
617,TRANSFER,956.4,C100006971,90500.05,89543.65,C200001804,36458.6,37415.0,0,0
618,TRANSFER,2373.54,C100000061,11603.83,9230.29,C200000995,12169.92,14543.46,0,0
618,TRANSFER,355.42,C100001795,12981.3,12625.88,C200002117,23862.55,24217.97,0,0
618,TRANSFER,2160.54,C100002141,42138.44,39977.9,C200005713,1116.93,3277.47,0,0
618,TRANSFER,1935.25,C100002229,50101.3,48166.05,C200003709,43209.7,45144.95,0,0
618,TRANSFER,1060.28,C100002629,100013.8,98953.52,C200001992,3065.43,4125.71,0,0
618,TRANSFER,2547.29,C100003246,7776.99,5229.7,C200002947,4409.51,6956.8,0,0
618,TRANSFER,1730.18,C100004133,62772.16,61041.98,C200004289,6735.45,8465.63,0,0
618,TRANSFER,4295.4,C100005553,7076.505070901252,2781.11,C200002145,28177.32,32472.72,0,0
618,TRANSFER,1016.19,C100005595,51132.82,50116.63,C200002361,27918.08,28934.27,0,0
618,TRANSFER,241.09,C100005598,2493.54,2252.45,C200002926,17416.97,17658.06,0,0
619,TRANSFER,3221.77,C100000461,23206.1,19984.33,C200000519,13455.64,16677.41,0,0
619,TRANSFER,1608.74,C100000586,41526.74,39918.0,C200004383,16915.78,18524.52,0,0
619,TRANSFER,917.91,C100003870,13941.94,13024.03,C200004407,42537.86,43455.77,0,0
619,TRANSFER,4642.43,C100004112,6112.3780880922895,1469.95,C200003019,26727.19,31369.62,0,0
619,TRANSFER,10928.53,C100005000,77200.58,66272.05,C200005331,185366.59,196295.12,0,0
619,TRANSFER,2131.8,C100005216,99621.85,97490.05,C200005186,29739.12,31870.92,0,0
619,TRANSFER,6627.37,C100005365,57848.52,51221.15,C200006257,30111.5,36738.87,0,0
619,TRANSFER,11562.68,C100005433,32442.09,20879.41,C200004241,35902.66,47465.34,0,0
619,TRANSFER,21292.18,C100005457,62886.64,41594.46,C200002714,76105.38,97397.56,0,0
620,TRANSFER,1412.48,C100000075,58644.93,57232.45,C200001159,1930.59,3343.07,0,0
620,TRANSFER,286.9,C100000162,4890.16,4603.26,C200003434,11436.55,11723.45,0,0
620,TRANSFER,1534.82,C100000313,151963.86,150429.04,C200005471,15546.96,17081.78,0,0
620,TRANSFER,938.19,C100001214,101579.55,100641.36,C200005485,155379.75,156317.94,0,0
620,TRANSFER,917.85,C100001344,3070.8689231529215,2153.02,C200005084,6479.75,7397.6,0,0
620,TRANSFER,1067.46,C100001855,61436.45,60368.99,C200004865,138999.11,140066.57,0,0
620,TRANSFER,5726.19,C100001877,119483.64,113757.45,C200004568,1006.38,6732.57,0,0
620,TRANSFER,741.76,C100001937,234621.31,233879.55,C200004416,118732.61,119474.37,0,0
620,TRANSFER,29793.89,C100002091,66890.79,37096.9,C200004500,33986.54,63780.43,0,0
620,TRANSFER,14630.44,C100002139,31702.82,17072.38,C200004077,13767.83,28398.27,0,0
620,TRANSFER,6433.84,C100002368,19600.31,13166.47,C200002338,147560.55,153994.39,0,0
620,TRANSFER,7441.55,C100002932,23867.45,16425.9,C200003192,30288.65,37730.2,0,0
620,TRANSFER,794.05,C100002998,11070.5,10276.45,C200006263,8564.12,9358.17,0,0
620,TRANSFER,7123.49,C100003914,31152.76,24029.27,C200004824,15244.37,22367.86,0,0
620,TRANSFER,2051.28,C100004022,23928.72,21877.44,C200004886,24793.79,26845.07,0,0
620,TRANSFER,4227.21,C100004517,104259.48,100032.27,C200004748,11925.12,16152.33,0,0
620,TRANSFER,2917.39,C100004617,87272.77,84355.38,C200005722,192687.95,195605.34,0,0
621,TRANSFER,196.01,C100000469,14205.48,14009.47,C200003403,12931.36,13127.37,0,0
621,TRANSFER,2873.19,C100000747,11797.83,8924.64,C200006140,50942.7,53815.89,0,0
621,TRANSFER,7716.8,C100000782,8952.158413726753,1235.36,C200002870,100916.26,108633.06,0,0
621,TRANSFER,2317.66,C100001131,23665.39,21347.73,C200004249,27746.08,30063.74,0,0
621,TRANSFER,1291.9,C100002952,25967.65,24675.75,C200001799,51476.24,52768.14,0,0
621,TRANSFER,2549.49,C100003000,5164.825769609179,2615.34,C200002085,6402.23,8951.72,0,0
621,TRANSFER,531.63,C100003324,62627.04,62095.41,C200006219,84285.32,84816.95,0,0
621,TRANSFER,1670.77,C100003533,6590.75,4919.98,C200004006,8749.33,10420.1,0,0
621,TRANSFER,3441.21,C100003654,27507.62,24066.41,C200005196,24297.13,27738.34,0,0
621,TRANSFER,432.27,C100006039,31725.41,31293.14,C200006406,105465.85,105898.12,0,0
621,TRANSFER,1052.45,C100006981,38243.74,37191.29,C200004919,24150.63,25203.08,0,0
622,TRANSFER,2045.52,C100002152,44301.98,42256.46,C200002197,111707.87,113753.39,0,0
622,TRANSFER,2676.06,C100002417,9596.08,6920.02,C200003032,39205.54,41881.6,0,0
622,TRANSFER,18443.62,C100002972,43809.01,25365.39,C200005445,158060.5,176504.12,0,0
622,TRANSFER,918.83,C100003500,28188.86,27270.03,C200004634,8817.62,9736.45,0,0
622,TRANSFER,1114.56,C100004303,29622.9,28508.34,C200003758,39674.96,40789.52,0,0
622,TRANSFER,3031.0,C100004513,117910.38,114879.38,C200004370,1416.23,4447.23,0,0
622,TRANSFER,1692.98,C100005103,47490.8,45797.82,C200004462,1028.31,2721.29,0,0
622,TRANSFER,1581.21,C100005468,21823.5,20242.29,C200005948,2679.56,4260.77,0,0
622,TRANSFER,2176.45,C100006238,8450.76,6274.31,C200002925,211783.79,213960.24,0,0
622,TRANSFER,1769.83,C100006362,61105.28,59335.45,C200000229,63377.41,65147.24,0,0
622,TRANSFER,6579.3,C100006910,30208.75,23629.45,C200002849,15161.3,21740.6,0,0
622,TRANSFER,8098.08,C100006960,10997.600198209224,2899.52,C200005248,99203.66,107301.74,0,0
623,TRANSFER,1247.08,C100000109,8999.58,7752.5,C200003211,270293.6,271540.68,0,0
623,TRANSFER,1214.07,C100000390,7009.65,5795.58,C200006388,7596.18,8810.25,0,0
623,TRANSFER,1454.83,C100000742,36983.78,35528.95,C200001110,38977.08,40431.91,0,0
623,TRANSFER,748.37,C100000853,14692.72,13944.35,C200001630,14471.83,15220.2,0,0
623,TRANSFER,3553.1,C100000934,187396.73,183843.63,C200003946,89881.05,93434.15,0,0
623,TRANSFER,1377.29,C100001049,51413.76,50036.47,C200006061,2812.55,4189.84,0,0
623,TRANSFER,8759.24,C100001379,95028.67,86269.43,C200001076,13221.9,21981.14,0,0
623,TRANSFER,1197.24,C100001520,8152.32,6955.08,C200000846,3929.23,5126.47,0,0
623,TRANSFER,1181.94,C100002129,65460.27,64278.33,C200006392,8949.91,10131.85,0,0
623,TRANSFER,3244.38,C100003431,20730.99,17486.61,C200005760,4481.6,7725.98,0,0
623,TRANSFER,7744.8,C100004345,8905.424254887832,1160.62,C200003128,63827.37,71572.17,0,0
623,TRANSFER,4118.98,C100004449,12025.14,7906.16,C200003563,53036.05,57155.03,0,0
623,TRANSFER,1306.22,C100004518,196858.52,195552.3,C200000487,7562.48,8868.7,0,0
623,TRANSFER,3356.55,C100004844,7342.38,3985.83,C200006257,7796.73,11153.28,0,0
623,TRANSFER,6373.66,C100005481,10158.194221008274,3784.53,C200004753,136875.4,143249.06,0,0
623,TRANSFER,1267.21,C100005551,147924.38,146657.17,C200002254,34829.9,36097.11,0,0
623,TRANSFER,3184.32,C100006322,143559.96,140375.64,C200003913,11082.08,14266.4,0,0
624,TRANSFER,276.74,C100000062,100681.88,100405.14,C200003808,39964.52,40241.26,0,0
624,TRANSFER,1749.12,C100000289,41239.42,39490.3,C200004645,179652.29,181401.41,0,0
624,TRANSFER,3493.79,C100000814,18648.0,15154.21,C200004673,13156.91,16650.7,0,0
624,TRANSFER,2189.02,C100000829,6780.955800796244,4591.94,C200000803,42541.65,44730.67,0,0
624,TRANSFER,7420.79,C100001218,39355.24,31934.45,C200002343,8288.9,15709.69,0,0
624,TRANSFER,1030.19,C100001392,6050.4,5020.21,C200005003,57851.85,58882.04,0,0
624,TRANSFER,620.17,C100002932,39667.31,39047.14,C200001924,48923.26,49543.43,0,0
624,TRANSFER,1048.07,C100002967,6482.64,5434.57,C200006129,26351.31,27399.38,0,0
624,TRANSFER,813.63,C100003243,69060.56,68246.93,C200002427,39937.68,40751.31,0,0
624,TRANSFER,495.99,C100003347,1000000.0,999504.01,C200000673,900.5,1396.49,0,0
624,TRANSFER,3770.2,C100003545,34080.48,30310.28,C200002776,30179.16,33949.36,0,0
624,TRANSFER,93.28,C100004760,38785.02,38691.74,C200001996,18909.81,19003.09,0,0
624,TRANSFER,2984.47,C100005218,62428.97,59444.5,C200003477,489640.09,492624.56,0,0
624,TRANSFER,1168.41,C100005274,56081.77,54913.36,C200004010,9916.31,11084.72,0,0
624,TRANSFER,557.3,C100006138,63247.34,62690.04,C200001633,50375.55,50932.85,0,0
624,TRANSFER,4238.49,C100006242,367297.26,363058.77,C200004522,9431.14,13669.63,0,0
624,TRANSFER,1991.28,C100006612,23569.2,21577.92,C200002799,423194.06,425185.34,0,0
625,TRANSFER,2639.03,C100000321,488748.94,486109.91,C200003643,14797.91,17436.94,0,0
625,TRANSFER,6278.36,C100000478,90479.07,84200.71,C200001575,25183.87,31462.23,0,0
625,TRANSFER,426.87,C100000811,29630.61,29203.74,C200002764,26848.11,27274.98,0,0
625,TRANSFER,3076.26,C100002329,9609.65,6533.39,C200001875,65568.83,68645.09,0,0
625,TRANSFER,3048.11,C100002943,24978.08,21929.97,C200001237,10427.35,13475.46,0,0
625,TRANSFER,10692.6,C100003064,14059.660834806356,3367.06,C200004739,8893.05,19585.65,0,0
625,TRANSFER,1139.05,C100003903,61416.36,60277.31,C200000931,10485.07,11624.12,0,0
625,TRANSFER,2856.81,C100003919,175003.69,172146.88,C200001156,76630.65,79487.46,0,0
625,TRANSFER,1091.33,C100005127,26359.34,25268.01,C200002652,34329.06,35420.39,0,0
625,TRANSFER,1740.91,C100005629,27469.82,25728.91,C200003794,12627.52,14368.43,0,0
626,TRANSFER,838.74,C100000340,3488.3836346129683,2649.64,C200001307,31427.08,32265.82,0,0
626,TRANSFER,11859.07,C100001333,57947.67,46088.6,C200000778,10027.23,21886.3,0,0
626,TRANSFER,10395.92,C100001664,152931.36,142535.44,C200003261,66702.06,77097.98,0,0
626,TRANSFER,1399.02,C100002119,74712.79,73313.77,C200000412,267265.99,268665.01,0,0
626,TRANSFER,1356.51,C100002608,20324.42,18967.91,C200003118,16222.89,17579.4,0,0
626,TRANSFER,190.12,C100003354,100280.05,100089.93,C200002370,10597.5,10787.62,0,0
626,TRANSFER,7100.91,C100004557,28388.17,21287.26,C200004080,1000000.0,1007100.91,0,0
626,TRANSFER,4416.94,C100004922,9028.625212810759,4611.69,C200003112,3108.59,7525.53,0,0
626,TRANSFER,6029.54,C100005282,43347.16,37317.62,C200003186,19152.74,25182.28,0,0
626,TRANSFER,1188.65,C100005506,73618.79,72430.14,C200002540,14776.63,15965.28,0,0
626,TRANSFER,6005.11,C100006045,23958.38,17953.27,C200006243,146780.42,152785.53,0,0
626,TRANSFER,7519.17,C100006277,225222.21,217703.04,C200001779,23328.68,30847.85,0,0
626,TRANSFER,1021.62,C100006312,92655.71,91634.09,C200005207,18897.4,19919.02,0,0
626,TRANSFER,809.78,C100006938,85013.89,84204.11,C200000636,8234.57,9044.35,0,0
627,TRANSFER,181.6,C100000562,130327.08,130145.48,C200002382,50803.79,50985.39,0,0
627,TRANSFER,7506.39,C100001062,172461.25,164954.86,C200005024,44321.33,51827.72,0,0
627,TRANSFER,1782.54,C100001071,6004.722762001328,4222.18,C200002489,22330.33,24112.87,0,0
627,TRANSFER,1145.78,C100002327,436594.43,435448.65,C200002734,13078.07,14223.85,0,0
627,TRANSFER,2847.25,C100002373,40919.91,38072.66,C200004033,130456.51,133303.76,0,0
627,TRANSFER,603.08,C100003073,15968.99,15365.91,C200005917,72997.79,73600.87,0,0
627,TRANSFER,928.02,C100004542,17055.91,16127.89,C200006081,83082.25,84010.27,0,0
627,TRANSFER,677.47,C100004623,10311.12,9633.65,C200006242,102610.87,103288.34,0,0
627,TRANSFER,4348.77,C100004826,34561.83,30213.06,C200001874,34751.58,39100.35,0,0
627,TRANSFER,850.51,C100005520,6249.46,5398.95,C200001032,9124.44,9974.95,0,0
627,TRANSFER,16957.38,C100005753,21591.630606471408,4634.25,C900004280,35212.89,52170.27,1,0
627,TRANSFER,654.43,C100006166,188746.1,188091.67,C200004305,43936.55,44590.98,0,0
627,TRANSFER,723.95,C100006524,17948.37,17224.42,C200002665,27895.32,28619.27,0,0
628,TRANSFER,1012.63,C100001886,38111.28,37098.65,C200006012,22048.75,23061.38,0,0
628,TRANSFER,3997.89,C100001929,142638.26,138640.37,C900006275,3130.01,7127.9,1,0
628,TRANSFER,2644.06,C100002209,43795.45,41151.39,C200001697,18320.45,20964.51,0,0
628,TRANSFER,1875.02,C100002818,49186.78,47311.76,C200001796,15061.71,16936.73,0,0
628,TRANSFER,7588.63,C100002932,9475.041015287114,1886.41,C200005831,69743.49,77332.12,0,0
628,TRANSFER,568.13,C100003533,7241.04,6672.91,C200005416,2128.71,2696.84,0,0
628,TRANSFER,6262.23,C100003863,7373.746554266946,1111.52,C200001377,56932.64,63194.87,0,0
628,TRANSFER,13424.8,C100004316,17177.62,3752.82,C200006375,8196.65,21621.45,0,0
628,TRANSFER,3440.28,C100004335,31204.6,27764.32,C200000019,6929.34,10369.62,0,0
628,TRANSFER,1084.21,C100004596,9681.01,8596.8,C200001940,46360.17,47444.38,0,0
628,TRANSFER,861.07,C100004640,52041.59,51180.52,C200003302,160970.61,161831.68,0,0
628,TRANSFER,3983.97,C100004734,8956.36,4972.39,C200004125,15611.59,19595.56,0,0
628,TRANSFER,636.83,C100004794,160348.64,159711.81,C200001351,6985.83,7622.66,0,0
628,TRANSFER,3501.44,C100005205,6757.177764819024,3255.74,C200003055,1777.86,5279.3,0,0
629,TRANSFER,1046.08,C100000519,44161.18,43115.1,C200003332,894.65,1940.73,0,0
629,TRANSFER,5619.31,C100000529,29456.23,23836.92,C200006357,41860.5,47479.81,0,0
629,TRANSFER,61006.75,C100001354,78176.18,17169.43,C200006280,233978.0,294984.75,0,0
629,TRANSFER,1216.33,C100001674,15632.74,14416.41,C200003787,262158.14,263374.47,0,0
629,TRANSFER,9474.18,C100003446,10939.078096278196,1464.9,C200000760,53891.31,63365.49,0,0
629,TRANSFER,1083.34,C100003674,70180.76,69097.42,C200005100,5238.0,6321.34,0,0
629,TRANSFER,1170.6,C100003865,10299.29,9128.69,C200000405,13294.31,14464.91,0,0
629,TRANSFER,24955.15,C100005615,33118.38,8163.23,C200003331,31616.91,56572.06,0,0
629,TRANSFER,4469.22,C100006100,8527.00125401964,4057.78,C200003942,15710.35,20179.57,0,0
629,TRANSFER,342.72,C100006503,116144.22,115801.5,C200001835,16066.46,16409.18,0,0
629,TRANSFER,220.64,C100006515,137735.8,137515.16,C200003685,5721.64,5942.28,0,0
630,TRANSFER,763.29,C100000233,14138.89,13375.6,C200004682,12485.8,13249.09,0,0
630,TRANSFER,10766.92,C100000708,24356.62,13589.7,C200001032,6523.12,17290.04,0,0
630,TRANSFER,7229.55,C100001303,34182.63,26953.08,C200004372,37030.53,44260.08,0,0
630,TRANSFER,447.02,C100001558,133450.58,133003.56,C200004501,43697.38,44144.4,0,0
630,TRANSFER,14497.18,C100002149,15217.420329643712,720.24,C200001186,10880.73,25377.91,0,0
630,TRANSFER,1750.4,C100002311,15704.95,13954.55,C200000527,8287.97,10038.37,0,0
630,TRANSFER,331.9,C100002914,43980.21,43648.31,C200000765,55786.38,56118.28,0,0
630,TRANSFER,2731.42,C100003606,74946.63,72215.21,C200003613,20983.94,23715.36,0,0
630,TRANSFER,1669.33,C100005454,33724.01,32054.68,C200001541,10018.43,11687.76,0,0
630,TRANSFER,962.75,C100006003,33911.87,32949.12,C200003289,28724.14,29686.89,0,0
630,TRANSFER,1117.81,C100006260,14133.81,13016.0,C200004021,12337.38,13455.19,0,0
630,TRANSFER,1293.98,C100006384,141513.51,140219.53,C200004905,194935.67,196229.65,0,0
631,TRANSFER,1840.35,C100000593,57769.86,55929.51,C200003177,13291.3,15131.65,0,0
631,TRANSFER,3726.77,C100001018,10447.87,6721.1,C200000118,7905.52,11632.29,0,0
631,TRANSFER,1352.04,C100001509,32384.47,31032.43,C200004932,7941.19,9293.23,0,0
631,TRANSFER,1639.05,C100002161,18385.59,16746.54,C200000163,24507.17,26146.22,0,0
631,TRANSFER,2685.98,C100002741,22467.5,19781.52,C200003066,165249.17,167935.15,0,0
631,TRANSFER,4190.4,C100002755,6981.997777234994,2791.6,C200001746,90224.84,94415.24,0,0
631,TRANSFER,2051.71,C100002978,32526.64,30474.93,C200002476,17477.4,19529.11,0,0
631,TRANSFER,761.0,C100003067,14977.86,14216.86,C200005081,36986.09,37747.09,0,0
631,TRANSFER,5866.57,C100003644,20366.6,14500.03,C200004349,15261.57,21128.14,0,0
631,TRANSFER,5108.18,C100003906,21112.78,16004.6,C200003085,9794.9,14903.08,0,0
631,TRANSFER,16071.38,C100005706,97335.67,81264.29,C200006233,10900.36,26971.74,0,0
631,TRANSFER,24767.29,C100005838,25260.770976115742,493.48,C200004647,3332.89,28100.18,0,0
631,TRANSFER,786.25,C100005864,20048.59,19262.34,C200006425,12431.9,13218.15,0,0
632,TRANSFER,961.38,C100000002,5760.596613949298,4799.22,C200004157,43760.86,44722.24,0,0
632,TRANSFER,1966.92,C100000859,12869.4,10902.48,C200003835,10663.71,12630.63,0,0
632,TRANSFER,3862.34,C100000925,5276.184469591819,1413.84,C200000437,15808.53,19670.87,0,0
632,TRANSFER,16913.46,C100001139,30959.58,14046.12,C200004884,21682.16,38595.62,0,0
632,TRANSFER,4794.08,C100001710,35824.72,31030.64,C200002725,39749.77,44543.85,0,0
632,TRANSFER,2104.26,C100001784,76356.65,74252.39,C200006179,25504.81,27609.07,0,0
632,TRANSFER,1239.31,C100002327,37524.02,36284.71,C200003811,140388.07,141627.38,0,0
632,TRANSFER,2970.7,C100002359,24235.13,21264.43,C200005752,22115.59,25086.29,0,0
632,TRANSFER,14576.56,C100003545,57644.44,43067.88,C200005570,2231.87,16808.43,0,0
632,TRANSFER,142.14,C100003595,86716.85,86574.71,C200000434,19293.06,19435.2,0,0
632,TRANSFER,914.09,C100003893,61315.26,60401.17,C200000872,136158.71,137072.8,0,0
632,TRANSFER,9773.36,C100004446,22619.05,12845.69,C200000576,8770.22,18543.58,0,0
632,TRANSFER,1584.74,C100005690,24574.22,22989.48,C200004020,7115.43,8700.17,0,0
632,TRANSFER,19286.06,C100005873,19991.452789108007,705.39,C200001902,77563.3,96849.36,0,0
632,TRANSFER,700.13,C100006269,15455.78,14755.65,C200004170,716179.43,716879.56,0,0
632,TRANSFER,13424.5,C100006720,105128.98,91704.48,C200000803,56250.14,69674.64,0,0
632,TRANSFER,1190.04,C100006926,112601.97,111411.93,C200002950,894524.22,895714.26,0,0
632,TRANSFER,51078.48,C100006982,61786.32,10707.84,C900007388,10406.26,61484.74,1,0
633,TRANSFER,2360.56,C100000221,78418.32,76057.76,C200004725,4992.99,7353.55,0,0
633,TRANSFER,591.06,C100001011,42026.88,41435.82,C200003699,88378.52,88969.58,0,0
633,TRANSFER,4127.95,C100002089,144500.53,140372.58,C200006397,13729.3,17857.25,0,0
633,TRANSFER,5652.12,C100002137,36662.34,31010.22,C200003252,2718.49,8370.61,0,0
633,TRANSFER,2701.8,C100002449,7329.04,4627.24,C200003840,57814.09,60515.89,0,0
633,TRANSFER,1071.44,C100002706,188164.66,187093.22,C200000543,61825.3,62896.74,0,0
633,TRANSFER,1253.0,C100002809,54288.27,53035.27,C200001841,20798.69,22051.69,0,0
633,TRANSFER,245.43,C100002841,15911.46,15666.03,C200005162,25492.91,25738.34,0,0
633,TRANSFER,454.36,C100002976,46925.64,46471.28,C200004134,145854.65,146309.01,0,0
633,TRANSFER,8762.15,C100005079,28207.82,19445.67,C200002879,59862.29,68624.44,0,0
633,TRANSFER,2223.76,C100005461,17489.01,15265.25,C200004010,96066.15,98289.91,0,0
633,TRANSFER,2891.0,C100005858,16661.02,13770.02,C200004061,9198.11,12089.11,0,0
633,TRANSFER,2469.02,C100006121,81109.44,78640.42,C200005772,11203.07,13672.09,0,0
633,TRANSFER,668.35,C100006585,1000000.0,999331.65,C200004367,1527.11,2195.46,0,0
633,TRANSFER,1323.61,C100006817,18036.95,16713.34,C200002313,86570.74,87894.35,0,0
633,TRANSFER,9887.44,C100006955,74158.39,64270.95,C200005591,19534.79,29422.23,0,0
634,TRANSFER,481.64,C100000035,4058.0,3576.36,C200005832,34357.02,34838.66,0,0
634,TRANSFER,2521.83,C100000224,14177.95,11656.12,C200005055,102146.08,104667.91,0,0
634,TRANSFER,249.25,C100000303,117728.52,117479.27,C200005012,144785.83,145035.08,0,0
634,TRANSFER,3652.13,C100000518,24875.2,21223.07,C200002199,147400.31,151052.44,0,0
634,TRANSFER,1557.37,C100000577,119903.75,118346.38,C200002779,8281.75,9839.12,0,0
634,TRANSFER,8862.13,C100001401,111134.57,102272.44,C200005663,82141.8,91003.93,0,0
634,TRANSFER,1448.6,C100001408,133185.61,131737.01,C200005697,30419.69,31868.29,0,0
634,TRANSFER,2215.72,C100001432,58376.83,56161.11,C200001105,10598.75,12814.47,0,0
634,TRANSFER,1478.65,C100001732,4382.174600860435,2903.52,C200001048,21084.93,22563.58,0,0
634,TRANSFER,2829.8,C100003764,33325.65,30495.85,C200000493,1806.08,4635.88,0,0
634,TRANSFER,5052.74,C100003952,28755.01,23702.27,C200004750,1046.12,6098.86,0,0
634,TRANSFER,506.14,C100004687,49672.89,49166.75,C200003924,93518.32,94024.46,0,0
634,TRANSFER,2039.15,C100004704,193229.13,191189.98,C200002779,52060.81,54099.96,0,0
634,TRANSFER,14741.59,C100004714,61370.36,46628.77,C200001318,399.54,15141.13,0,0
634,TRANSFER,6050.78,C100005307,9598.738773161655,3547.96,C200005165,34769.94,40820.72,0,0
634,TRANSFER,1727.57,C100005902,6966.33,5238.76,C200001435,2887.1,4614.67,0,0
634,TRANSFER,5395.38,C100006029,17806.83,12411.45,C200006380,341491.61,346886.99,0,0
634,TRANSFER,3565.57,C100006571,143013.35,139447.78,C200006036,76363.2,79928.77,0,0
634,TRANSFER,3051.18,C100006938,6159.411663614243,3108.23,C200002521,32511.42,35562.6,0,0
635,TRANSFER,1261.43,C100000263,9389.37,8127.94,C200002279,37854.54,39115.97,0,0
635,TRANSFER,587.71,C100000656,11410.72,10823.01,C200006273,48087.86,48675.57,0,0
635,TRANSFER,2183.94,C100001529,139523.76,137339.82,C200000423,22692.36,24876.3,0,0
635,TRANSFER,1964.32,C100001848,202229.46,200265.14,C200004529,8881.74,10846.06,0,0
635,TRANSFER,11882.22,C100002607,354914.21,343031.99,C200000109,8096.11,19978.33,0,0
635,TRANSFER,1136.75,C100002781,68246.1,67109.35,C200006186,8782.39,9919.14,0,0
635,TRANSFER,6993.69,C100002783,8371.600455871492,1377.91,C200000609,4803.38,11797.07,0,0
635,TRANSFER,2627.77,C100002828,56350.67,53722.9,C200001927,47904.27,50532.04,0,0
635,TRANSFER,10342.43,C100002953,15139.826735715611,4797.4,C200002539,31227.54,41569.97,0,0
635,TRANSFER,10092.69,C100003963,44802.5,34709.81,C200000174,15375.36,25468.05,0,0
635,TRANSFER,2886.93,C100004137,24485.43,21598.5,C200006446,25717.98,28604.91,0,0
635,TRANSFER,3822.86,C100005709,7897.53,4074.67,C200005080,76788.56,80611.42,0,0
636,TRANSFER,1284.01,C100000416,9946.09,8662.08,C200001167,6275.01,7559.02,0,0
636,TRANSFER,376.38,C100001970,69715.85,69339.47,C200003495,20925.25,21301.63,0,0
636,TRANSFER,9254.49,C100002229,19761.43,10506.94,C200001284,136519.27,145773.76,0,0
636,TRANSFER,1976.95,C100002470,47931.32,45954.37,C200002312,4576.93,6553.88,0,0
636,TRANSFER,266.57,C100002916,17995.13,17728.56,C200005399,75090.22,75356.79,0,0
636,TRANSFER,6020.18,C100003295,34404.55,28384.37,C200006483,172077.94,178098.12,0,0
636,TRANSFER,179.8,C100003417,10406.53,10226.73,C200006431,12498.68,12678.48,0,0
636,TRANSFER,916.42,C100003913,43338.22,42421.8,C200000915,38544.54,39460.96,0,0
636,TRANSFER,3863.95,C100004381,94040.27,90176.32,C200000100,26318.11,30182.06,0,0
636,TRANSFER,7933.76,C100005809,35058.79,27125.03,C200002952,9822.72,17756.48,0,0
636,TRANSFER,2741.3,C100005996,8606.51,5865.21,C200001435,33363.58,36104.88,0,0
636,TRANSFER,4089.08,C100006971,69266.05,65176.97,C200003467,5328.43,9417.51,0,0
637,TRANSFER,1967.38,C100000739,33118.72,31151.34,C200003034,24826.41,26793.79,0,0
637,TRANSFER,13784.41,C100001217,112315.72,98531.31,C200002238,15213.02,28997.43,0,0
637,TRANSFER,5152.87,C100001449,292240.2,287087.33,C200006142,13034.89,18187.76,0,0
637,TRANSFER,1430.13,C100002102,61653.34,60223.21,C200003661,45428.18,46858.31,0,0
637,TRANSFER,1234.48,C100004223,39317.55,38083.07,C200003005,26585.82,27820.3,0,0
637,TRANSFER,2914.48,C100004924,31535.17,28620.69,C200001800,7395.38,10309.86,0,0
637,TRANSFER,2083.06,C100005000,178846.12,176763.06,C200004324,26390.26,28473.32,0,0
637,TRANSFER,17732.96,C100005327,62985.78,45252.82,C200001195,192413.03,210145.99,0,0
637,TRANSFER,1570.85,C100005497,20133.66,18562.81,C200001364,6946.01,8516.86,0,0
637,TRANSFER,3800.47,C100005947,40690.01,36889.54,C200005475,4631.04,8431.51,0,0
637,TRANSFER,333.29,C100006322,25063.56,24730.27,C200003001,6994.56,7327.85,0,0
638,TRANSFER,1138.34,C100000168,197143.66,196005.32,C200005674,46101.99,47240.33,0,0
638,TRANSFER,555.94,C100002489,61717.16,61161.22,C200000318,31036.52,31592.46,0,0
638,TRANSFER,3561.52,C100002883,16913.27,13351.75,C200005791,127566.65,131128.17,0,0
638,TRANSFER,383.52,C100003199,9184.36,8800.84,C200006237,70317.63,70701.15,0,0
638,TRANSFER,1138.61,C100003740,11579.88,10441.27,C200005052,12818.97,13957.58,0,0
638,TRANSFER,2051.32,C100004451,7160.42,5109.1,C200004269,192182.82,194234.14,0,0
638,TRANSFER,1418.87,C100004601,170117.21,168698.34,C200000051,4695.35,6114.22,0,0
638,TRANSFER,1139.59,C100004733,123558.08,122418.49,C200006163,1487.93,2627.52,0,0
638,TRANSFER,147.07,C100005005,8260.55,8113.48,C200004118,8600.16,8747.23,0,0
638,TRANSFER,4711.87,C100005684,13946.01,9234.14,C200002383,32855.8,37567.67,0,0
638,TRANSFER,1494.1,C100005850,12773.86,11279.76,C200004640,20447.56,21941.66,0,0
638,TRANSFER,2033.96,C100006490,7273.5,5239.54,C200003469,37823.74,39857.7,0,0
638,TRANSFER,1521.34,C100006663,59668.24,58146.9,C200002354,140626.97,142148.31,0,0
639,TRANSFER,885.19,C100000244,11878.49,10993.3,C200002025,119069.08,119954.27,0,0
639,TRANSFER,4146.68,C100001157,128626.04,124479.36,C200003691,58941.76,63088.44,0,0
639,TRANSFER,5202.19,C100001428,115100.66,109898.47,C200003156,179521.49,184723.68,0,0
639,TRANSFER,1238.74,C100002128,9229.82,7991.08,C200001308,517907.9,519146.64,0,0
639,TRANSFER,17370.97,C100002176,21676.24992567048,4305.28,C200005763,8597.65,25968.62,0,0
639,TRANSFER,3371.18,C100003012,12655.8,9284.62,C200005511,35673.91,39045.09,0,0
639,TRANSFER,1141.95,C100004243,13102.6,11960.65,C200000948,167570.27,168712.22,0,0
639,TRANSFER,10968.67,C100004551,15409.692853905513,4441.02,C200000040,24402.22,35370.89,0,0
639,TRANSFER,819.98,C100004945,22097.55,21277.57,C200001395,1648.73,2468.71,0,0
639,TRANSFER,4552.78,C100005440,36076.8,31524.02,C200002725,40818.53,45371.31,0,0
639,TRANSFER,4657.93,C100005512,50481.27,45823.34,C200000412,912981.7,917639.63,0,0
639,TRANSFER,2398.92,C100005685,47382.47,44983.55,C200005659,14519.52,16918.44,0,0
639,TRANSFER,298.21,C100005958,68940.94,68642.73,C200003542,177314.47,177612.68,0,0
639,TRANSFER,51.95,C100006341,31716.1,31664.15,C200002314,10960.22,11012.17,0,0
639,TRANSFER,539.75,C100006542,18330.54,17790.79,C200000846,12356.39,12896.14,0,0
639,TRANSFER,4184.93,C100006727,195069.77,190884.84,C200005189,32510.82,36695.75,0,0
640,TRANSFER,1585.53,C100000912,5274.02,3688.49,C200003526,4009.61,5595.14,0,0
640,TRANSFER,1103.58,C100001777,23871.97,22768.39,C200002439,143106.8,144210.38,0,0
640,TRANSFER,5187.88,C100001966,25644.0,20456.12,C200001317,34971.35,40159.23,0,0
640,TRANSFER,860.03,C100002500,21202.11,20342.08,C200002910,9213.88,10073.91,0,0
640,TRANSFER,2016.54,C100003255,40096.34,38079.8,C200005576,30071.88,32088.42,0,0
640,TRANSFER,3411.74,C100003863,98121.56,94709.82,C200004902,3649.88,7061.62,0,0
640,TRANSFER,5187.24,C100004871,42664.19,37476.95,C200003513,34574.18,39761.42,0,0
640,TRANSFER,1289.81,C100004971,18088.55,16798.74,C200002206,16990.25,18280.06,0,0
640,TRANSFER,7844.91,C100005125,72506.68,64661.77,C200001250,19324.45,27169.36,0,0
640,TRANSFER,3189.46,C100005362,20266.68,17077.22,C200000007,7995.1,11184.56,0,0
641,TRANSFER,1243.24,C100000099,10386.07,9142.83,C200004716,143277.56,144520.8,0,0
641,TRANSFER,1486.34,C100000404,772804.36,771318.02,C200001241,16094.45,17580.79,0,0
641,TRANSFER,3211.36,C100000600,46424.69,43213.33,C200005718,51013.0,54224.36,0,0
641,TRANSFER,15544.36,C100000885,22223.65,6679.29,C200006448,21606.49,37150.85,0,0
641,TRANSFER,1174.9,C100000945,57153.91,55979.01,C200004885,14777.04,15951.94,0,0
641,TRANSFER,1832.69,C100001450,9189.69,7357.0,C200004050,2986.04,4818.73,0,0
641,TRANSFER,45471.8,C100001540,45762.984173351775,291.18,C200004169,62805.09,108276.89,0,0
641,TRANSFER,11027.65,C100001913,101827.65,90800.0,C200005188,40522.31,51549.96,0,0
641,TRANSFER,997.44,C100001988,65257.53,64260.09,C200002208,61050.82,62048.26,0,0
641,TRANSFER,1255.71,C100002992,22201.23,20945.52,C200004634,60339.78,61595.49,0,0
641,TRANSFER,332.92,C100003221,171852.92,171520.0,C200001934,29476.96,29809.88,0,0
641,TRANSFER,1016.74,C100003293,155515.98,154499.24,C200000276,42149.56,43166.3,0,0
641,TRANSFER,2206.24,C100004348,90888.21,88681.97,C200000036,32502.39,34708.63,0,0
641,TRANSFER,416.96,C100004616,24711.32,24294.36,C200004719,10513.23,10930.19,0,0
641,TRANSFER,758.09,C100004648,3220.9193725503865,2462.83,C200001985,33924.98,34683.07,0,0
641,TRANSFER,2365.18,C100004666,304027.75,301662.57,C200000669,34850.6,37215.78,0,0
641,TRANSFER,3003.71,C100004704,67682.27,64678.56,C200005502,2187.86,5191.57,0,0
641,TRANSFER,2659.23,C100004805,6337.3612224064955,3678.13,C200000010,27582.69,30241.92,0,0
641,TRANSFER,603.05,C100005242,49207.86,48604.81,C200005335,20998.84,21601.89,0,0
641,TRANSFER,1254.88,C100005301,6324.98,5070.1,C200004849,18431.17,19686.05,0,0
641,TRANSFER,33202.17,C100006128,38369.01,5166.84,C200000428,16391.31,49593.48,0,0
641,TRANSFER,1009.36,C100006245,24274.07,23264.71,C200001516,39729.09,40738.45,0,0
641,TRANSFER,775.14,C100006346,18270.05,17494.91,C200001211,4173.14,4948.28,0,0
641,TRANSFER,3649.46,C100006583,34891.88,31242.42,C200001696,73999.1,77648.56,0,0
642,TRANSFER,1326.37,C100000409,31046.04,29719.67,C200003425,34006.36,35332.73,0,0
642,TRANSFER,353.84,C100000573,86072.12,85718.28,C200004765,24344.99,24698.83,0,0
642,TRANSFER,2393.43,C100000629,3948.143223545361,1554.71,C200002737,23383.02,25776.45,0,0
642,TRANSFER,884.74,C100003107,13390.34,12505.6,C200003762,27759.0,28643.74,0,0
642,TRANSFER,2911.85,C100003146,46896.01,43984.16,C200001667,8468.38,11380.23,0,0
642,TRANSFER,2610.88,C100003833,5803.602662166644,3192.72,C200005140,46281.91,48892.79,0,0
642,TRANSFER,1647.72,C100004741,11690.46,10042.74,C200004799,8586.45,10234.17,0,0
642,TRANSFER,888.83,C100004769,4056.97,3168.14,C200000056,76756.53,77645.36,0,0
642,TRANSFER,3818.46,C100005084,29440.89,25622.43,C200001212,3441.58,7260.04,0,0
642,TRANSFER,509.63,C100005092,8741.68,8232.05,C200002310,29671.14,30180.77,0,0
642,TRANSFER,2887.75,C100005393,21500.76,18613.01,C200002090,32478.92,35366.67,0,0
642,TRANSFER,10744.31,C100005697,12648.119576903813,1903.81,C200001228,13244.02,23988.33,0,0
642,TRANSFER,1353.18,C100006956,18961.78,17608.6,C200004846,36533.15,37886.33,0,0
643,TRANSFER,380.66,C100000250,66467.86,66087.2,C200000348,52784.83,53165.49,0,0
643,TRANSFER,9040.52,C100000429,59790.44,50749.92,C200004670,70285.9,79326.42,0,0
643,TRANSFER,757.05,C100001204,186326.25,185569.2,C200006259,22721.48,23478.53,0,0
643,TRANSFER,4140.96,C100001507,125963.88,121822.92,C200005858,2800.93,6941.89,0,0
643,TRANSFER,435.2,C100001606,36276.75,35841.55,C200003231,12357.2,12792.4,0,0
643,TRANSFER,1966.74,C100001665,13387.16,11420.42,C200005728,21173.04,23139.78,0,0
643,TRANSFER,19885.28,C100003108,53116.26,33230.98,C200001496,49970.64,69855.92,0,0
643,TRANSFER,2292.89,C100003253,7381.01,5088.12,C200005174,50367.18,52660.07,0,0
643,TRANSFER,2014.33,C100003666,8195.58,6181.25,C200003596,39584.53,41598.86,0,0
643,TRANSFER,527.71,C100003866,45591.18,45063.47,C200002119,12347.58,12875.29,0,0
643,TRANSFER,6447.15,C100004342,70282.07,63834.92,C200003843,10111.36,16558.51,0,0
643,TRANSFER,4761.98,C100004931,87145.62,82383.64,C200006299,44208.83,48970.81,0,0
643,TRANSFER,4162.59,C100005264,14000.15,9837.56,C200002031,24572.0,28734.59,0,0
643,TRANSFER,707.43,C100006015,50598.13,49890.7,C200002303,53373.47,54080.9,0,0
643,TRANSFER,553.43,C100006259,170235.57,169682.14,C200003386,51778.35,52331.78,0,0
643,TRANSFER,787.62,C100006688,4040.1,3252.48,C200005053,11655.35,12442.97,0,0
644,TRANSFER,6929.01,C100000269,8712.473933039395,1783.46,C200001622,91887.0,98816.01,0,0
644,TRANSFER,5939.66,C100000470,10396.774992994262,4457.11,C200004010,25145.29,31084.95,0,0
644,TRANSFER,1068.79,C100001582,69696.45,68627.66,C200000957,953.64,2022.43,0,0
644,TRANSFER,536.21,C100002457,52023.5,51487.29,C200002934,22338.39,22874.6,0,0
644,TRANSFER,6019.36,C100002809,117831.87,111812.51,C200001058,73939.3,79958.66,0,0
644,TRANSFER,631.02,C100004042,15199.52,14568.5,C200002854,17489.95,18120.97,0,0
644,TRANSFER,1346.6,C100004221,11926.58,10579.98,C200005982,55708.95,57055.55,0,0
644,TRANSFER,13987.94,C100004618,326424.25,312436.31,C900007278,13008.68,26996.62,1,0
644,TRANSFER,1509.95,C100004725,18605.77,17095.82,C200002675,120077.7,121587.65,0,0
644,TRANSFER,2872.96,C100005035,5587.48,2714.52,C200001304,11779.94,14652.9,0,0
644,TRANSFER,8460.91,C100005101,31780.98,23320.07,C200003072,4680.88,13141.79,0,0
644,TRANSFER,5352.64,C100006405,7277.7,1925.06,C200001213,9001.3,14353.94,0,0
645,TRANSFER,22309.36,C100000301,72036.24,49726.88,C200001171,8825.34,31134.7,0,0
645,TRANSFER,1086.63,C100001052,51600.04,50513.41,C200002655,139336.21,140422.84,0,0
645,TRANSFER,1284.13,C100001100,15561.31,14277.18,C200003720,388490.98,389775.11,0,0
645,TRANSFER,34964.5,C100002267,83425.81,48461.31,C200001442,24735.28,59699.78,0,0
645,TRANSFER,15619.11,C100002352,17165.767566530223,1546.66,C200002532,9062.3,24681.41,0,0
645,TRANSFER,916.1,C100003641,78398.0,77481.9,C200005180,32123.84,33039.94,0,0
645,TRANSFER,12713.5,C100004730,16110.481255297083,3396.98,C200002344,88466.59,101180.09,0,0
645,TRANSFER,2229.18,C100005005,5600.113502573153,3370.93,C200000979,52902.51,55131.69,0,0
645,TRANSFER,11352.01,C100006865,365143.05,353791.04,C200005280,20795.07,32147.08,0,0
646,TRANSFER,857.51,C100000001,49693.7,48836.19,C200001501,137695.5,138553.01,0,0
646,TRANSFER,10564.51,C100000093,16653.53,6089.02,C200000916,81569.65,92134.16,0,0
646,TRANSFER,7321.13,C100000216,85496.93,78175.8,C200003359,97839.96,105161.09,0,0
646,TRANSFER,7240.22,C100000694,10280.23,3040.01,C200002935,437456.41,444696.63,0,0
646,TRANSFER,2735.8,C100002427,16724.3,13988.5,C200003617,2522.85,5258.65,0,0
646,TRANSFER,4079.31,C100002608,10077.72,5998.41,C200003769,154338.92,158418.23,0,0
646,TRANSFER,1273.52,C100002794,95723.92,94450.4,C200001812,62884.19,64157.71,0,0
646,TRANSFER,7824.05,C100003242,9497.574451513721,1673.52,C200000616,26668.79,34492.84,0,0
646,TRANSFER,590.02,C100003339,31774.03,31184.01,C200003139,20644.03,21234.05,0,0
646,TRANSFER,1460.29,C100004171,42302.37,40842.08,C200004669,98152.41,99612.7,0,0
646,TRANSFER,1112.32,C100004344,21030.14,19917.82,C200002940,28003.45,29115.77,0,0
646,TRANSFER,1750.19,C100004805,441002.49,439252.3,C200002715,12330.81,14081.0,0,0
646,TRANSFER,5871.94,C100005451,39318.27,33446.33,C900006731,28161.92,34033.86,1,0
646,TRANSFER,11219.83,C100005826,13486.4,2266.57,C200000027,8169.51,19389.34,0,0
646,TRANSFER,6956.25,C100006478,187899.3,180943.05,C200001415,117408.59,124364.84,0,0
646,TRANSFER,6416.37,C100006598,18408.01,11991.64,C200004123,12667.72,19084.09,0,0
647,TRANSFER,11245.24,C100000711,46896.24,35651.0,C200003201,6805.25,18050.49,0,0
647,TRANSFER,9402.27,C100001125,66369.63,56967.36,C200005882,40386.11,49788.38,0,0
647,TRANSFER,1327.83,C100001308,148749.79,147421.96,C200003577,33528.12,34855.95,0,0
647,TRANSFER,12231.16,C100002407,86427.5,74196.34,C200006210,8475.59,20706.75,0,0
647,TRANSFER,6128.45,C100002652,20741.89,14613.44,C200001571,49836.41,55964.86,0,0
647,TRANSFER,1445.77,C100003373,116744.73,115298.96,C200002089,14286.61,15732.38,0,0
647,TRANSFER,757.73,C100003854,6415.43,5657.7,C200000627,104714.51,105472.24,0,0
647,TRANSFER,3780.88,C100004143,5129.601833153117,1348.72,C200000206,26093.34,29874.22,0,0
647,TRANSFER,9945.4,C100004387,322886.21,312940.81,C200006334,136721.34,146666.74,0,0
647,TRANSFER,1227.64,C100005003,5701.43,4473.79,C200004093,3169.29,4396.93,0,0
647,TRANSFER,3339.21,C100005255,32768.18,29428.97,C200005848,43542.38,46881.59,0,0
648,TRANSFER,3997.84,C100001328,10640.49,6642.65,C200001054,7305.44,11303.28,0,0
648,TRANSFER,2463.0,C100002170,3988.4926607466205,1525.49,C200006413,250385.67,252848.67,0,0
648,TRANSFER,2385.72,C100005611,11847.71,9461.99,C200000029,316.55,2702.27,0,0
648,TRANSFER,16253.05,C100005803,28054.66,11801.61,C200004125,98835.52,115088.57,0,0
648,TRANSFER,1945.47,C100005889,59970.22,58024.75,C200002176,36710.41,38655.88,0,0
648,TRANSFER,2196.29,C100006136,41280.72,39084.43,C200000732,30709.07,32905.36,0,0
648,TRANSFER,2757.32,C100006306,62472.79,59715.47,C200004726,64445.67,67202.99,0,0
649,TRANSFER,3502.19,C100000485,20799.96,17297.77,C200002003,79161.22,82663.41,0,0
649,TRANSFER,8258.41,C100000573,16964.93,8706.52,C200003072,920370.46,928628.87,0,0
649,TRANSFER,2309.29,C100000927,40150.4,37841.11,C200004555,47219.53,49528.82,0,0
649,TRANSFER,450.12,C100001028,21750.67,21300.55,C200001989,12518.44,12968.56,0,0
649,TRANSFER,7126.56,C100001030,24098.73,16972.17,C200001533,21395.13,28521.69,0,0
649,TRANSFER,6604.55,C100001282,98892.36,92287.81,C200000520,30114.12,36718.67,0,0
649,TRANSFER,3741.58,C100001311,69227.76,65486.18,C200002219,30328.75,34070.33,0,0
649,TRANSFER,3037.4,C100001519,96298.0,93260.6,C200004327,6782.0,9819.4,0,0
649,TRANSFER,3931.25,C100002451,105509.55,101578.3,C200004500,62773.52,66704.77,0,0
649,TRANSFER,47772.08,C100002621,107605.27,59833.19,C200006242,7640.25,55412.33,0,0
649,TRANSFER,585.56,C100003527,109918.35,109332.79,C200001615,56287.93,56873.49,0,0
649,TRANSFER,2613.19,C100003755,32799.06,30185.87,C200003160,7630.83,10244.02,0,0
649,TRANSFER,1585.01,C100003953,11076.54,9491.53,C200002452,4391.95,5976.96,0,0
649,TRANSFER,274.23,C100004303,46933.07,46658.84,C200000456,7088.57,7362.8,0,0
649,TRANSFER,5415.94,C100004465,56331.61,50915.67,C200005500,5109.83,10525.77,0,0
649,TRANSFER,10619.28,C100004772,15277.260122075191,4657.98,C200002518,23636.36,34255.64,0,0
649,TRANSFER,578.64,C100005184,10607.89,10029.25,C200003012,58505.06,59083.7,0,0
649,TRANSFER,2809.65,C100005405,18798.95,15989.3,C200004580,9830.0,12639.65,1,0
650,TRANSFER,2133.43,C100000267,18298.44,16165.01,C200001181,88687.74,90821.17,0,0
650,TRANSFER,3037.78,C100001349,23232.73,20194.95,C200005964,25889.71,28927.49,0,0
650,TRANSFER,986.09,C100001860,3862.71,2876.62,C200003107,203765.23,204751.32,0,0
650,TRANSFER,3116.22,C100002102,62404.96,59288.74,C200005301,35161.14,38277.36,0,0
650,TRANSFER,9877.95,C100002193,10267.64295804363,389.69,C200000203,48816.33,58694.28,0,0
650,TRANSFER,2993.31,C100002615,6777.651907162572,3784.34,C200006001,33699.01,36692.32,0,0
650,TRANSFER,3961.9,C100003612,150176.63,146214.73,C200000384,8719.54,12681.44,0,0
650,TRANSFER,1196.64,C100004184,70490.59,69293.95,C200005130,150354.31,151550.95,0,0
650,TRANSFER,2122.18,C100005132,10564.74,8442.56,C200003544,9763.32,11885.5,0,0
650,TRANSFER,2767.63,C100005371,88927.75,86160.12,C200004262,33408.0,36175.63,0,0
650,TRANSFER,2019.04,C100005491,13719.72,11700.68,C200003648,28644.12,30663.16,0,0
650,TRANSFER,2633.2,C100006190,174680.16,172046.96,C200000653,27603.1,30236.3,0,0
650,TRANSFER,442.22,C100006240,18897.87,18455.65,C200001342,4832.8,5275.02,0,0
650,TRANSFER,716.53,C100006585,621556.21,620839.68,C200001729,43335.54,44052.07,0,0
650,TRANSFER,5302.83,C100006844,95503.64,90200.81,C200004889,104351.4,109654.23,0,0
650,TRANSFER,2488.37,C100006893,10232.05,7743.68,C200003618,48713.46,51201.83,0,0
650,TRANSFER,540.09,C100006934,5690.59,5150.5,C200005821,888973.15,889513.24,0,0
651,TRANSFER,967.21,C100000664,12274.25,11307.04,C200001597,27450.12,28417.33,0,0
651,TRANSFER,3343.82,C100000755,25229.67,21885.85,C200004636,30175.15,33518.97,0,0
651,TRANSFER,825.29,C100000860,5720.243309874435,4894.95,C200002862,57316.07,58141.36,0,0
651,TRANSFER,5513.66,C100001687,28699.23,23185.57,C200005311,91807.65,97321.31,0,0
651,TRANSFER,1440.77,C100002898,117394.2,115953.43,C200002245,57149.96,58590.73,0,0
651,TRANSFER,1202.59,C100003211,26512.57,25309.98,C200003307,6697.09,7899.68,0,0
651,TRANSFER,726.01,C100003466,62327.57,61601.56,C200003588,220772.39,221498.4,0,0
651,TRANSFER,16472.42,C100003708,20713.449615612135,4241.03,C200000934,13935.67,30408.09,0,0
651,TRANSFER,683.65,C100004273,22703.22,22019.57,C200005521,7719.3,8402.95,0,0
651,TRANSFER,649.31,C100005798,20083.28,19433.97,C200004971,176284.29,176933.6,0,0
652,TRANSFER,9230.25,C100000878,20734.61,11504.36,C200001599,15600.38,24830.63,0,0
652,TRANSFER,336.57,C100000931,51609.71,51273.14,C200003999,168211.11,168547.68,0,0
652,TRANSFER,1706.81,C100001573,171999.94,170293.13,C200003349,65431.55,67138.36,0,0
652,TRANSFER,1052.51,C100002656,78579.76,77527.25,C200003207,21946.89,22999.4,0,0
652,TRANSFER,8784.19,C100002816,34150.44,25366.25,C200002688,11243.93,20028.12,0,0
652,TRANSFER,261.87,C100003249,40004.47,39742.6,C200002515,13531.24,13793.11,0,0
652,TRANSFER,420.42,C100003660,8991.51,8571.09,C200002008,8091.35,8511.77,0,0
652,TRANSFER,2887.21,C100005550,4384.629130146175,1497.42,C200001747,2357.51,5244.72,0,0
652,TRANSFER,2015.3,C100006764,15616.35,13601.05,C200006012,59382.93,61398.23,0,0
652,TRANSFER,9963.94,C100006835,21148.96,11185.02,C200005799,7290.2,17254.14,0,0
653,TRANSFER,755.76,C100001620,4566.953295962792,3811.19,C200001803,171244.66,172000.42,0,0
653,TRANSFER,2975.36,C100001943,50513.46,47538.1,C200004282,39766.22,42741.58,0,0
653,TRANSFER,1265.54,C100002033,6240.2,4974.66,C200002953,11213.4,12478.94,0,0
653,TRANSFER,517.11,C100002575,42151.31,41634.2,C200000550,5342.94,5860.05,0,0
653,TRANSFER,2221.87,C100002792,39986.92,37765.05,C200002089,6905.49,9127.36,0,0
653,TRANSFER,8470.0,C100003911,16949.37,8479.37,C200005387,68072.49,76542.49,0,0
653,TRANSFER,4168.5,C100004113,20782.65,16614.15,C200003204,6121.46,10289.96,0,0
653,TRANSFER,3657.57,C100004659,83708.83,80051.26,C200003738,168667.28,172324.85,0,0
653,TRANSFER,1818.98,C100005157,23004.89,21185.91,C200003462,28557.66,30376.64,0,0
654,TRANSFER,2532.83,C100000409,21441.25,18908.42,C200006395,7350.5,9883.33,0,0
654,TRANSFER,3249.58,C100000547,66080.06,62830.48,C200003018,135769.88,139019.46,0,0
654,TRANSFER,882.78,C100001779,1000000.0,999117.22,C200003406,10105.42,10988.2,0,0
654,TRANSFER,2077.23,C100002489,25268.19,23190.96,C200002677,94708.08,96785.31,0,0
654,TRANSFER,755.45,C100003913,4438.486743513101,3683.04,C200001533,4263.53,5018.98,0,0
654,TRANSFER,445.06,C100004080,42183.97,41738.91,C200002701,7680.14,8125.2,0,0
654,TRANSFER,3090.64,C100004399,23181.15,20090.51,C200005551,38330.28,41420.92,0,0
654,TRANSFER,456.2,C100004435,21740.49,21284.29,C200001349,7547.32,8003.52,0,0
654,TRANSFER,7301.16,C100005665,678074.71,670773.55,C200005302,11575.72,18876.88,0,0
654,TRANSFER,5638.01,C100005820,14747.69,9109.68,C200005145,35895.77,41533.78,0,0
654,TRANSFER,1690.48,C100006299,6601.646253335448,4911.17,C200006051,21364.58,23055.06,0,0
654,TRANSFER,1272.29,C100006637,8431.49,7159.2,C200005658,29438.81,30711.1,0,0
655,TRANSFER,1384.51,C100000935,28163.05,26778.54,C200003558,5377.79,6762.3,0,0
655,TRANSFER,3261.6,C100001130,57660.4,54398.8,C200000318,27075.99,30337.59,0,0
655,TRANSFER,2352.05,C100001249,28681.66,26329.61,C200002017,200267.72,202619.77,0,0
655,TRANSFER,3409.79,C100001789,16303.19,12893.4,C200003055,48227.84,51637.63,0,0
655,TRANSFER,3502.28,C100002764,47964.32,44462.04,C200001879,56257.2,59759.48,0,0
655,TRANSFER,771.07,C100003223,11260.68,10489.61,C200001599,13334.91,14105.98,0,0
655,TRANSFER,3143.22,C100003632,15330.14,12186.92,C200005045,26353.04,29496.26,0,0
655,TRANSFER,433.22,C100003798,27581.13,27147.91,C200005984,62559.41,62992.63,0,0
655,TRANSFER,4069.76,C100004816,33745.86,29676.1,C200006033,2135.3,6205.06,0,0
655,TRANSFER,3926.01,C100004950,42820.53,38894.52,C200000337,3387.8,7313.81,0,0
655,TRANSFER,849.18,C100005109,23558.96,22709.78,C200003858,85276.94,86126.12,0,0
655,TRANSFER,14285.98,C100006093,18914.477838374034,4628.5,C200004370,104377.81,118663.79,0,0
655,TRANSFER,811.95,C100006410,14856.25,14044.3,C200001266,14042.52,14854.47,0,0
656,TRANSFER,500.81,C100000264,30543.35,30042.54,C200006265,29134.75,29635.56,0,0
656,TRANSFER,4801.34,C100000861,9695.593351741743,4894.25,C200002268,24087.21,28888.55,0,0
656,TRANSFER,433.48,C100000956,10746.87,10313.39,C200005741,9204.11,9637.59,0,0
656,TRANSFER,647.51,C100001087,74879.24,74231.73,C200002664,141437.24,142084.75,0,0
656,TRANSFER,137.17,C100001198,8228.01,8090.84,C200005904,110143.98,110281.15,0,0
656,TRANSFER,2010.92,C100001763,16239.66,14228.74,C200001392,16866.55,18877.47,0,0
656,TRANSFER,2586.22,C100002546,82803.95,80217.73,C200000570,45552.64,48138.86,0,0
656,TRANSFER,4246.65,C100003206,82407.02,78160.37,C200003777,8393.93,12640.58,0,0
656,TRANSFER,13789.34,C100003693,15928.464404905122,2139.12,C200005478,57102.47,70891.81,0,0
656,TRANSFER,2780.69,C100004017,46782.57,44001.88,C200000836,12990.58,15771.27,0,0
656,TRANSFER,4802.84,C100004046,8768.47,3965.63,C200006458,51168.22,55971.06,0,0
656,TRANSFER,824.28,C100004851,106859.76,106035.48,C200003689,72185.52,73009.8,0,0
656,TRANSFER,951.94,C100005202,22403.33,21451.39,C200003246,218958.01,219909.95,0,0
656,TRANSFER,6834.28,C100005203,148548.3,141714.02,C200000569,9679.56,16513.84,0,0
656,TRANSFER,1867.49,C100005667,6649.94,4782.45,C200000658,90789.02,92656.51,0,0
656,TRANSFER,21466.14,C100005863,22868.350342707512,1402.21,C200002937,9640.15,31106.29,0,0
656,TRANSFER,405.86,C100006122,92880.61,92474.75,C200001915,4317.73,4723.59,0,0
656,TRANSFER,408.58,C100006559,169952.97,169544.39,C200003717,3916.74,4325.32,0,0
657,TRANSFER,52878.8,C100000154,105393.64,52514.84,C200000915,15870.66,68749.46,0,0
657,TRANSFER,674.71,C100000899,102979.48,102304.77,C200004094,5445.36,6120.07,0,0
657,TRANSFER,457.33,C100002042,168902.85,168445.52,C200006095,37409.42,37866.75,0,0
657,TRANSFER,19683.37,C100004676,52057.31,32373.94,C200005028,19767.22,39450.59,0,0
657,TRANSFER,992.2,C100005224,25296.27,24304.07,C200001148,13984.57,14976.77,0,0
657,TRANSFER,1202.47,C100006382,14484.63,13282.16,C200003062,4069.2,5271.67,0,0
657,TRANSFER,4096.16,C100006780,69975.06,65878.9,C200002687,123054.25,127150.41,0,0
658,TRANSFER,401.94,C100000175,28978.47,28576.53,C200005159,20334.87,20736.81,0,0
658,TRANSFER,5096.52,C100000416,10252.71,5156.19,C200000916,39930.29,45026.81,0,0
658,TRANSFER,18047.62,C100001604,66230.49,48182.87,C200001967,5350.09,23397.71,0,0
658,TRANSFER,1215.43,C100001932,72354.33,71138.9,C200003658,36552.84,37768.27,0,0
658,TRANSFER,264.01,C100002215,76217.87,75953.86,C200002906,9048.86,9312.87,0,0
658,TRANSFER,1747.6,C100002834,59882.35,58134.75,C200005187,61440.55,63188.15,0,0
658,TRANSFER,940.03,C100003338,10964.0,10023.97,C200002763,44331.46,45271.49,0,0
658,TRANSFER,1194.8,C100003658,19761.51,18566.71,C200000632,8492.61,9687.41,0,0
658,TRANSFER,529.73,C100003777,16703.95,16174.22,C200003977,74081.15,74610.88,0,0
658,TRANSFER,10456.86,C100005177,19177.34,8720.48,C200003289,438017.2,448474.06,0,0
658,TRANSFER,6535.48,C100005250,292615.68,286080.2,C200005005,23658.62,30194.1,0,0
658,TRANSFER,692.96,C100005909,17063.41,16370.45,C200002011,94706.09,95399.05,0,0
658,TRANSFER,6855.65,C100006444,20696.14,13840.49,C200002707,3710.05,10565.7,0,0
659,TRANSFER,2199.7,C100002068,123088.28,120888.58,C200002565,1979.1,4178.8,0,0
659,TRANSFER,1716.25,C100002238,17205.65,15489.4,C200003735,53507.45,55223.7,0,0
659,TRANSFER,908.0,C100002394,79524.6,78616.6,C200006175,1357.7,2265.7,0,0
659,TRANSFER,743.94,C100002433,26576.61,25832.67,C200004137,6021.77,6765.71,0,0
659,TRANSFER,1197.68,C100003212,117451.03,116253.35,C200002351,54418.89,55616.57,0,0
659,TRANSFER,312.77,C100003281,6441.86,6129.09,C200005587,76265.82,76578.59,0,0
659,TRANSFER,2876.51,C100003312,55037.93,52161.42,C200001924,180522.22,183398.73,0,0
659,TRANSFER,392.18,C100004864,81791.72,81399.54,C200006268,44199.98,44592.16,0,0
659,TRANSFER,13662.63,C100005055,17876.438277569367,4213.81,C200000380,32181.02,45843.65,0,0
659,TRANSFER,929.03,C100005251,8689.94,7760.91,C200001429,5667.99,6597.02,0,0
660,TRANSFER,8717.31,C100002465,21781.68,13064.37,C200004565,24826.8,33544.11,0,0
660,TRANSFER,660.06,C100002780,228437.91,227777.85,C200003219,129083.48,129743.54,0,0
660,TRANSFER,1997.84,C100002910,19869.0,17871.16,C200006484,8426.58,10424.42,0,0
660,TRANSFER,1400.05,C100002938,109508.91,108108.86,C200001126,9639.94,11039.99,0,0
660,TRANSFER,4450.42,C100003222,81225.9,76775.48,C200006199,5573.9,10024.32,0,0
660,TRANSFER,11836.25,C100004007,61993.86,50157.61,C200006234,161419.5,173255.75,0,0
660,TRANSFER,185.29,C100004086,51210.88,51025.59,C200000309,12979.51,13164.8,0,0
660,TRANSFER,11683.58,C100004376,25935.87,14252.29,C200001800,15108.23,26791.81,0,0
660,TRANSFER,18355.42,C100005311,22756.418061942473,4401.0,C200005597,109727.3,128082.72,0,0
660,TRANSFER,994.88,C100006182,8818.04,7823.16,C200006155,118174.56,119169.44,0,0
660,TRANSFER,3379.01,C100006695,141806.33,138427.32,C200006093,21052.46,24431.47,0,0
661,TRANSFER,12066.71,C100001347,100365.81,88299.1,C200003070,43456.76,55523.47,0,0
661,TRANSFER,9276.29,C100001714,19696.35,10420.06,C200002659,12754.58,22030.87,0,0
661,TRANSFER,18975.0,C100002337,22331.05124108424,3356.05,C200006123,9360.18,28335.18,0,0
661,TRANSFER,3747.19,C100002926,52558.86,48811.67,C200002290,27124.88,30872.07,0,0
661,TRANSFER,7786.93,C100003240,79700.16,71913.23,C200002084,2606.34,10393.27,0,0
661,TRANSFER,38071.35,C100003953,40475.93896763163,2404.59,C200005487,4451.45,42522.8,0,0
661,TRANSFER,767.15,C100004524,5244.2,4477.05,C200002421,21233.34,22000.49,0,0
661,TRANSFER,3429.23,C100005560,95664.92,92235.69,C200000402,46361.18,49790.41,0,0
661,TRANSFER,1380.36,C100005605,205151.51,203771.15,C200001934,4848.07,6228.43,0,0
661,TRANSFER,740.7,C100006363,6630.16,5889.46,C200005854,129414.94,130155.64,0,0
661,TRANSFER,1902.97,C100006669,791513.93,789610.96,C200005245,21330.96,23233.93,0,0
662,TRANSFER,17538.63,C100000210,18901.208631227717,1362.58,C200003269,22860.29,40398.92,0,0
662,TRANSFER,2731.69,C100000575,41092.61,38360.92,C200001195,57706.53,60438.22,0,0
662,TRANSFER,13871.78,C100000609,70847.5,56975.72,C200003565,11640.74,25512.52,0,0
662,TRANSFER,223.4,C100001402,19152.0,18928.6,C200006194,9232.65,9456.05,0,0
662,TRANSFER,1166.19,C100001872,4433.59,3267.4,C200003244,5413.85,6580.04,0,0
662,TRANSFER,4403.09,C100001929,55616.65,51213.56,C200006440,58212.95,62616.04,0,0
662,TRANSFER,12062.3,C100002018,75017.93,62955.63,C200003909,60659.62,72721.92,0,0
662,TRANSFER,514.46,C100002194,11151.04,10636.58,C200000731,5069.6,5584.06,0,0
662,TRANSFER,3391.31,C100002510,28701.94,25310.63,C200004384,3788.94,7180.25,0,0
662,TRANSFER,2428.32,C100002937,18891.23,16462.91,C200005863,169664.2,172092.52,0,0
662,TRANSFER,1007.09,C100004296,190632.11,189625.02,C200001618,3939.59,4946.68,0,0
662,TRANSFER,2791.66,C100005429,21269.53,18477.87,C200001549,27833.99,30625.65,0,0
662,TRANSFER,2103.12,C100005981,62897.58,60794.46,C200004660,4211.37,6314.49,0,0
662,TRANSFER,442.19,C100006444,16588.72,16146.53,C200005256,23974.55,24416.74,0,0
662,TRANSFER,6017.4,C100006981,18707.56,12690.16,C200004305,9597.34,15614.74,0,0
663,TRANSFER,1893.17,C100000395,30700.97,28807.8,C200003608,53310.45,55203.62,0,0
663,TRANSFER,893.92,C100000612,49850.28,48956.36,C200000328,22211.78,23105.7,0,0
663,TRANSFER,1635.8,C100001762,15968.77,14332.97,C200002243,49922.32,51558.12,0,0
663,TRANSFER,1772.45,C100001769,8064.18,6291.73,C200002012,13395.88,15168.33,0,0
663,TRANSFER,1204.18,C100003120,4852.638307143696,3648.46,C200004671,10988.61,12192.79,0,0
663,TRANSFER,1469.12,C100003211,27304.47,25835.35,C200004260,176697.83,178166.95,0,0
663,TRANSFER,14902.35,C100003435,60680.97,45778.62,C200006185,3138.78,18041.13,0,0
663,TRANSFER,1590.74,C100003674,10629.27,9038.53,C200005398,20183.39,21774.13,0,0
663,TRANSFER,4485.2,C100004339,48336.98,43851.78,C200000351,1000000.0,1004485.2,0,0
663,TRANSFER,15783.62,C100004846,86731.21,70947.59,C200000353,40503.33,56286.95,0,0
663,TRANSFER,5785.27,C100006248,14143.36,8358.09,C200005537,329415.05,335200.32,0,0
664,TRANSFER,332.26,C100001927,14193.78,13861.52,C200002246,2930.64,3262.9,0,0
664,TRANSFER,673.64,C100002301,49072.07,48398.43,C200001349,4392.46,5066.1,0,0
664,TRANSFER,12041.47,C100004387,86958.32,74916.85,C200005717,32392.54,44434.01,0,0
664,TRANSFER,11178.79,C100005565,42927.33,31748.54,C200002787,120042.64,131221.43,0,0
664,TRANSFER,1961.43,C100005799,55698.1,53736.67,C200005179,7693.71,9655.14,0,0
664,TRANSFER,1706.77,C100005877,22405.95,20699.18,C200001006,10117.3,11824.07,0,0
664,TRANSFER,10869.67,C100006481,52201.22,41331.55,C200004094,38940.31,49809.98,0,0
664,TRANSFER,226.77,C100006727,13392.48,13165.71,C200000084,20107.31,20334.08,0,0
664,TRANSFER,190.37,C100006953,19364.48,19174.11,C200004110,14187.41,14377.78,0,0
665,TRANSFER,1140.93,C100000503,9647.08,8506.15,C200005144,22797.97,23938.9,0,0
665,TRANSFER,482.75,C100000965,13244.55,12761.8,C200001083,41349.08,41831.83,0,0
665,TRANSFER,1966.53,C100001850,105989.82,104023.29,C200004196,6895.74,8862.27,0,0
665,TRANSFER,5995.67,C100001926,258081.43,252085.76,C200003540,7329.03,13324.7,0,0
665,TRANSFER,1943.72,C100002447,23777.2,21833.48,C200002130,76548.93,78492.65,0,0
665,TRANSFER,1380.77,C100003061,10074.4,8693.63,C200001363,533.38,1914.15,0,0
665,TRANSFER,553.27,C100004244,32158.98,31605.71,C200004490,7546.36,8099.63,0,0
665,TRANSFER,11456.61,C100006361,29286.49,17829.88,C200003392,32382.86,43839.47,0,0
665,TRANSFER,13877.03,C100006982,34285.52,20408.49,C200005246,12944.71,26821.74,0,0
666,TRANSFER,19857.23,C100000292,56610.15,36752.92,C200003025,11453.34,31310.57,0,0
666,TRANSFER,6276.09,C100000553,33366.69,27090.6,C200004868,281206.44,287482.53,0,0
666,TRANSFER,2090.47,C100001329,25114.5,23024.03,C200000053,87027.98,89118.45,0,0
666,TRANSFER,5409.92,C100001346,94706.8,89296.88,C200000945,32822.91,38232.83,0,0
666,TRANSFER,12693.06,C100002470,14733.515505112922,2040.46,C200003931,124073.15,136766.21,0,0
666,TRANSFER,2565.26,C100002888,5301.84,2736.58,C200005732,130526.7,133091.96,0,0
666,TRANSFER,8212.01,C100005319,19790.19,11578.18,C200005717,8438.13,16650.14,0,0
666,TRANSFER,14084.05,C100006004,63149.97,49065.92,C200006253,331509.99,345594.04,0,0
666,TRANSFER,8980.38,C100006854,17250.16,8269.78,C200000543,16385.64,25366.02,0,0
666,TRANSFER,3105.55,C100006872,28925.85,25820.3,C200005572,14308.37,17413.92,0,0
667,TRANSFER,893.61,C100000925,16641.47,15747.86,C200000939,533557.84,534451.45,0,0
667,TRANSFER,4310.98,C100001165,25070.65,20759.67,C200001004,21735.68,26046.66,0,0
667,TRANSFER,694.65,C100001214,17571.12,16876.47,C200003681,8055.45,8750.1,0,0
667,TRANSFER,3415.81,C100001409,80891.02,77475.21,C200001127,52474.62,55890.43,0,0
667,TRANSFER,3945.91,C100001479,8142.009712191969,4196.1,C200006185,84964.83,88910.74,0,0
667,TRANSFER,1447.09,C100001823,10066.62,8619.53,C200001180,16913.17,18360.26,0,0
667,TRANSFER,2692.85,C100002011,13116.23,10423.38,C200000369,55276.24,57969.09,0,0
667,TRANSFER,1256.97,C100006358,44101.49,42844.52,C200005490,48461.2,49718.17,0,0
667,TRANSFER,539.59,C100006390,86118.97,85579.38,C200000751,7740.18,8279.77,0,0
668,TRANSFER,2163.4,C100000237,14663.08,12499.68,C200000262,75864.75,78028.15,0,0
668,TRANSFER,4687.26,C100000446,77754.8,73067.54,C200005228,19219.96,23907.22,0,0
668,TRANSFER,2394.03,C100000518,10630.8,8236.77,C200003776,190815.02,193209.05,0,0
668,TRANSFER,1781.39,C100000832,24368.49,22587.1,C200000941,104454.61,106236.0,0,0
668,TRANSFER,16274.88,C100000970,41825.09,25550.21,C200000665,22077.72,38352.6,0,0
668,TRANSFER,1933.45,C100001528,14322.91,12389.46,C200003930,20957.54,22890.99,0,0
668,TRANSFER,4988.89,C100002041,93401.81,88412.92,C200003566,31353.94,36342.83,0,0
668,TRANSFER,20469.85,C100002165,23859.025985895452,3389.18,C200005773,41079.23,61549.08,0,0
668,TRANSFER,12672.6,C100003419,22133.8,9461.2,C200001357,3663.71,16336.31,0,0
668,TRANSFER,790.95,C100003482,24837.73,24046.78,C200000781,59926.46,60717.41,0,0
668,TRANSFER,1566.04,C100003773,73840.85,72274.81,C200004249,1082.86,2648.9,0,0
668,TRANSFER,3344.13,C100004379,530627.78,527283.65,C200003933,99694.81,103038.94,0,0
668,TRANSFER,1994.74,C100005021,14349.79,12355.05,C200006176,2511.88,4506.62,0,0
669,TRANSFER,2973.04,C100000609,111513.48,108540.44,C200005462,27716.71,30689.75,0,0
669,TRANSFER,772.72,C100000757,23297.56,22524.84,C200000541,14661.85,15434.57,0,0
669,TRANSFER,5259.58,C100000830,96561.01,91301.43,C200001251,24513.47,29773.05,0,0
669,TRANSFER,6540.47,C100000867,7589.49,1049.02,C200005848,5393.23,11933.7,0,0
669,TRANSFER,2012.97,C100000918,414487.65,412474.68,C200003971,18349.38,20362.35,0,0
669,TRANSFER,3757.46,C100001281,99195.81,95438.35,C200003349,52288.23,56045.69,0,0
669,TRANSFER,6155.69,C100002175,66275.71,60120.02,C200003634,57142.92,63298.61,0,0
669,TRANSFER,25008.21,C100003031,25776.397645671004,768.19,C200003780,15521.85,40530.06,0,0
669,TRANSFER,3512.64,C100003089,18047.62,14534.98,C200002620,15049.36,18562.0,0,0
669,TRANSFER,4059.08,C100003556,43087.11,39028.03,C200001690,248248.9,252307.98,0,0
669,TRANSFER,16334.62,C100003899,18584.789741519144,2250.17,C200001851,15364.21,31698.83,0,0
669,TRANSFER,12945.81,C100004309,28829.65,15883.84,C200001973,67585.42,80531.23,0,0
669,TRANSFER,3930.0,C100005803,118370.05,114440.05,C200004637,37102.32,41032.32,0,0
669,TRANSFER,125.61,C100006928,24744.18,24618.57,C200004698,28021.57,28147.18,0,0
670,TRANSFER,792.0,C100000023,62688.96,61896.96,C200004581,9399.74,10191.74,0,0
670,TRANSFER,2648.03,C100002416,164755.61,162107.58,C200005779,157773.13,160421.16,0,0
670,TRANSFER,2031.65,C100002889,28215.74,26184.09,C200005053,1000000.0,1002031.65,0,0
670,TRANSFER,689.36,C100002912,4979.34,4289.98,C200002191,33450.36,34139.72,0,0
670,TRANSFER,7445.97,C100003353,168191.28,160745.31,C200004789,1220.42,8666.39,0,0
670,TRANSFER,378.67,C100006101,23504.03,23125.36,C200005391,32472.3,32850.97,0,0
671,TRANSFER,2906.87,C100001365,5961.136010445503,3054.27,C200005007,9771.69,12678.56,0,0
671,TRANSFER,1626.96,C100002033,36326.67,34699.71,C200001696,96455.86,98082.82,0,0
671,TRANSFER,6869.85,C100002471,17197.57,10327.72,C200003505,18004.62,24874.47,0,0
671,TRANSFER,129.26,C100002698,5029.134458083594,4899.87,C200000882,52568.9,52698.16,0,0
671,TRANSFER,3013.61,C100003462,8003.49,4989.88,C200001745,37672.76,40686.37,0,0
671,TRANSFER,3448.8,C100004841,66412.36,62963.56,C200006338,22009.19,25457.99,0,0
671,TRANSFER,5388.37,C100004985,8551.83,3163.46,C200003589,31252.01,36640.38,0,0
671,TRANSFER,6032.05,C100006329,419954.32,413922.27,C200001703,18207.17,24239.22,0,0
671,TRANSFER,1163.46,C100006428,41058.03,39894.57,C200003487,14374.18,15537.64,0,0
671,TRANSFER,3231.53,C100006678,18887.74,15656.21,C200005561,12024.19,15255.72,0,0
671,TRANSFER,20740.54,C100006999,24182.227150506988,3441.69,C200003053,54898.72,75639.26,0,0
672,TRANSFER,2860.61,C100000806,46033.7,43173.09,C200002774,101091.41,103952.02,0,0
672,TRANSFER,1944.16,C100001554,29350.7,27406.54,C200003514,553062.07,555006.23,0,0
672,TRANSFER,4434.73,C100001687,117033.73,112599.0,C200004721,167835.3,172270.03,0,0
672,TRANSFER,1047.87,C100002935,19690.96,18643.09,C200002400,107812.74,108860.61,0,0
672,TRANSFER,1317.35,C100002942,5999.435349409423,4682.09,C200005382,62532.32,63849.67,0,0
672,TRANSFER,484.04,C100003597,31532.77,31048.73,C200005595,60501.09,60985.13,0,0
672,TRANSFER,532.28,C100004145,63291.53,62759.25,C200004967,5739.52,6271.8,0,0
672,TRANSFER,687.81,C100004570,141163.62,140475.81,C200002526,19452.28,20140.09,0,0
672,TRANSFER,383.34,C100004706,270203.46,269820.12,C200001108,97600.9,97984.24,0,0
672,TRANSFER,5074.22,C100004949,159211.98,154137.76,C200006286,9551.36,14625.58,0,0
672,TRANSFER,4136.43,C100005014,49291.64,45155.21,C200001868,9223.2,13359.63,0,0
672,TRANSFER,22099.86,C100005299,26480.19,4380.33,C200005525,15853.76,37953.62,1,0
672,TRANSFER,572.05,C100005781,7971.8,7399.75,C200002498,5534.61,6106.66,0,0
672,TRANSFER,2206.78,C100005839,18807.64,16600.86,C200002040,26454.8,28661.58,0,0
672,TRANSFER,791.93,C100006377,46261.55,45469.62,C200002828,7111.18,7903.11,0,0
672,TRANSFER,2343.53,C100006851,310668.94,308325.41,C200006387,134936.17,137279.7,0,0
673,TRANSFER,6854.57,C100001120,278319.73,271465.16,C900004085,40393.6,47248.17,1,0
673,TRANSFER,3641.68,C100002227,28762.77,25121.09,C200000031,81780.11,85421.79,0,0
673,TRANSFER,584.63,C100002412,57493.77,56909.14,C200003920,9876.99,10461.62,0,0
673,TRANSFER,8141.65,C100002446,55857.71,47716.06,C200003610,21931.95,30073.6,0,0
673,TRANSFER,6729.51,C100002957,172713.12,165983.61,C200005316,18232.35,24961.86,0,0
673,TRANSFER,27178.28,C100003185,50429.56,23251.28,C200000158,30414.48,57592.76,0,0
673,TRANSFER,1930.93,C100003515,22745.67,20814.74,C200005977,39991.18,41922.11,0,0
673,TRANSFER,2632.36,C100003852,5491.21,2858.85,C200002983,44049.8,46682.16,0,0
673,TRANSFER,2093.94,C100004941,71448.84,69354.9,C200004683,4988.44,7082.38,0,0
673,TRANSFER,330.29,C100005273,18423.64,18093.35,C200006428,45561.06,45891.35,0,0
673,TRANSFER,2246.81,C100005795,49378.13,47131.32,C200001765,41292.48,43539.29,0,0
674,TRANSFER,1230.47,C100000166,2565.5752049090415,1335.11,C200004240,36468.04,37698.51,0,0
674,TRANSFER,4474.28,C100001681,45096.63,40622.35,C200004223,226482.77,230957.05,0,0
674,TRANSFER,56479.96,C100001967,61259.72302479152,4779.76,C200003313,10086.44,66566.4,0,0
674,TRANSFER,7252.59,C100002082,409875.51,402622.92,C200005641,41700.88,48953.47,0,0
674,TRANSFER,1957.13,C100002699,12402.93,10445.8,C200005163,7046.85,9003.98,0,0
674,TRANSFER,2273.51,C100003768,48814.22,46540.71,C200002164,20477.6,22751.11,0,0
674,TRANSFER,353.21,C100005439,49407.83,49054.62,C200001582,7642.81,7996.02,0,0
674,TRANSFER,10351.38,C100006844,20673.21,10321.83,C200002147,28378.88,38730.26,0,0
675,TRANSFER,2585.65,C100000001,28182.06,25596.41,C200002652,77912.16,80497.81,0,0
675,TRANSFER,1585.32,C100001111,28738.65,27153.33,C200002628,27712.56,29297.88,0,0
675,TRANSFER,16900.67,C100003208,40795.75,23895.08,C200003947,51225.99,68126.66,0,0
675,TRANSFER,8559.73,C100003344,13182.823759591904,4623.09,C200004704,49379.65,57939.38,0,0
675,TRANSFER,3719.41,C100003449,28632.67,24913.26,C200003168,5446.62,9166.03,0,0
675,TRANSFER,3145.13,C100003926,46795.35,43650.22,C200001067,3151.46,6296.59,0,0
675,TRANSFER,1477.77,C100004267,195577.36,194099.59,C200005880,131956.33,133434.1,0,0
675,TRANSFER,2111.02,C100004284,76859.43,74748.41,C200000538,2129.71,4240.73,0,0
675,TRANSFER,2345.64,C100004288,22233.23,19887.59,C200005668,25308.97,27654.61,0,0
675,TRANSFER,2022.07,C100004666,18039.24,16017.17,C200000038,3515.86,5537.93,0,0
675,TRANSFER,2509.19,C100005849,49060.08,46550.89,C200001553,17929.77,20438.96,0,0
676,TRANSFER,1250.04,C100000070,84591.55,83341.51,C200001412,43117.85,44367.89,0,0
676,TRANSFER,26825.46,C100000587,29948.312749684043,3122.85,C900002768,17517.02,44342.48,1,0
676,TRANSFER,9163.95,C100002454,153157.44,143993.49,C200004584,17456.42,26620.37,0,0
676,TRANSFER,8603.16,C100002882,46809.45,38206.29,C200004654,5658.95,14262.11,0,0
676,TRANSFER,3346.54,C100003230,37202.31,33855.77,C200000547,26371.63,29718.17,0,0
676,TRANSFER,1482.9,C100004801,6500.59,5017.69,C200002152,5964.83,7447.73,0,0
676,TRANSFER,18345.92,C100004864,20775.28092663573,2429.36,C200001600,25055.66,43401.58,0,0
676,TRANSFER,2856.87,C100005126,77114.5,74257.63,C200002970,79270.7,82127.57,0,0
676,TRANSFER,2099.57,C100005656,13650.18,11550.61,C200005294,11636.48,13736.05,0,0
676,TRANSFER,7707.06,C100006751,155117.24,147410.18,C200002209,22754.76,30461.82,0,0
677,TRANSFER,3661.98,C100000191,7567.983068628692,3906.0,C200006412,9280.76,12942.74,0,0
677,TRANSFER,656.88,C100000481,70552.11,69895.23,C200002925,29396.49,30053.37,0,0
677,TRANSFER,3473.98,C100000780,30725.34,27251.36,C200000769,11153.21,14627.19,0,0
677,TRANSFER,1142.82,C100001210,37354.58,36211.76,C200005937,66720.01,67862.83,0,0
677,TRANSFER,1642.64,C100001452,327362.35,325719.71,C200003660,16105.43,17748.07,0,0
677,TRANSFER,1109.54,C100001837,8943.26,7833.72,C200002022,37568.53,38678.07,0,0
677,TRANSFER,532.45,C100002509,3900.426918356913,3367.98,C200002710,55430.2,55962.65,0,0
677,TRANSFER,2820.85,C100003014,13495.43,10674.58,C200004047,12152.96,14973.81,0,0
677,TRANSFER,1025.56,C100003650,6583.47,5557.91,C200002929,19622.84,20648.4,0,0
677,TRANSFER,1771.07,C100004079,31679.35,29908.28,C200005948,23814.57,25585.64,0,0
677,TRANSFER,2278.39,C100004128,11287.77,9009.38,C200005591,13509.77,15788.16,0,0
677,TRANSFER,146.16,C100005129,25338.73,25192.57,C200004660,11650.31,11796.47,0,0
677,TRANSFER,334.05,C100005154,21177.73,20843.68,C200000207,33107.23,33441.28,0,0
677,TRANSFER,1932.41,C100005943,28942.55,27010.14,C200001360,18824.03,20756.44,0,0
677,TRANSFER,3000.12,C100006638,8625.46,5625.34,C200001053,56758.29,59758.41,0,0
678,TRANSFER,1136.9,C100000821,16935.97,15799.07,C200003541,17891.35,19028.25,0,0
678,TRANSFER,1342.73,C100001253,236736.58,235393.85,C200006202,5878.74,7221.47,0,0
678,TRANSFER,5476.32,C100002195,23250.4,17774.08,C200000437,8451.43,13927.75,0,0
678,TRANSFER,9826.91,C100004283,29672.71,19845.8,C200002993,51962.5,61789.41,0,0
678,TRANSFER,2110.93,C100005465,431993.87,429882.94,C200001336,119512.08,121623.01,0,0
678,TRANSFER,12321.74,C100005478,59843.32,47521.58,C200005052,12322.66,24644.4,0,0
678,TRANSFER,1984.19,C100005611,11464.35,9480.16,C200003686,11751.46,13735.65,0,0
679,TRANSFER,3480.81,C100000316,35186.96,31706.15,C200002781,21798.78,25279.59,0,0
679,TRANSFER,1611.46,C100000567,17301.93,15690.47,C200003643,18027.99,19639.45,0,0
679,TRANSFER,1619.29,C100001692,201221.39,199602.1,C200004404,2364.77,3984.06,0,0
679,TRANSFER,8951.2,C100002048,41571.19,32619.99,C200004178,14503.17,23454.37,0,0
679,TRANSFER,1515.72,C100002510,37431.23,35915.51,C200000538,16245.36,17761.08,0,0
679,TRANSFER,353.64,C100002898,13413.23,13059.59,C200001106,31706.49,32060.13,0,0
679,TRANSFER,1606.82,C100004317,138419.54,136812.72,C200005560,88915.71,90522.53,0,0
679,TRANSFER,1378.17,C100004879,23813.08,22434.91,C200002447,5438.58,6816.75,0,0
679,TRANSFER,1357.05,C100005903,57688.53,56331.48,C200005438,137239.57,138596.62,0,0
679,TRANSFER,691.17,C100006042,8031.57,7340.4,C200005392,3081.45,3772.62,0,0
679,TRANSFER,7554.96,C100006252,52838.55,45283.59,C200004844,96085.18,103640.14,0,0
679,TRANSFER,9839.08,C100006501,50774.99,40935.91,C200004495,54226.92,64066.0,0,0
679,TRANSFER,927.4,C100006512,9916.26,8988.86,C200004129,4244.23,5171.63,0,0
679,TRANSFER,382.77,C100006622,24861.6,24478.83,C200003673,23176.59,23559.36,0,0
679,TRANSFER,1062.13,C100006984,44969.87,43907.74,C200005377,39880.65,40942.78,0,0
680,TRANSFER,115.72,C100000559,36314.02,36198.3,C200001908,230942.98,231058.7,0,0
680,TRANSFER,992.72,C100001107,8072.21,7079.49,C200005577,13401.6,14394.32,0,0
680,TRANSFER,28293.67,C100001351,95755.97,67462.3,C200001684,36467.08,64760.75,0,0
680,TRANSFER,3331.7,C100001836,6309.628752311119,2977.93,C200005341,68461.35,71793.05,0,0
680,TRANSFER,457.45,C100001936,8582.83,8125.38,C200004988,54106.95,54564.4,0,0
680,TRANSFER,829.81,C100002064,14846.81,14017.0,C200002488,20755.02,21584.83,0,0
680,TRANSFER,2118.48,C100002349,611934.44,609815.96,C200004343,32543.96,34662.44,0,0
680,TRANSFER,2902.53,C100002861,83368.66,80466.13,C200002842,11948.95,14851.48,0,0
680,TRANSFER,267.55,C100003475,33309.47,33041.92,C200004259,52213.34,52480.89,0,0
680,TRANSFER,4352.39,C100003643,8256.67,3904.28,C200000777,32788.44,37140.83,0,0
680,TRANSFER,546.45,C100004501,73510.03,72963.58,C200004742,13073.72,13620.17,0,0
680,TRANSFER,435.53,C100005218,114207.56,113772.03,C200000876,13270.39,13705.92,0,0
680,TRANSFER,412.89,C100005523,46958.57,46545.68,C200002275,44919.65,45332.54,0,0
680,TRANSFER,1075.2,C100005734,9352.91,8277.71,C200001739,5565.85,6641.05,0,0
680,TRANSFER,383.78,C100005934,6954.38,6570.6,C200005612,59533.43,59917.21,0,0
680,TRANSFER,126.94,C100006061,20026.21,19899.27,C200003984,24289.94,24416.88,0,0
680,TRANSFER,742.67,C100006217,30479.21,29736.54,C200003582,14587.86,15330.53,0,0
680,TRANSFER,5184.59,C100006451,25194.99,20010.4,C200001741,58747.55,63932.14,0,0
680,TRANSFER,2101.86,C100006867,51676.63,49574.77,C200003581,47043.49,49145.35,0,0
681,TRANSFER,4003.48,C100000307,119055.56,115052.08,C200004995,19351.37,23354.85,0,0
681,TRANSFER,670.23,C100000695,31828.07,31157.84,C200001499,50985.15,51655.38,0,0
681,TRANSFER,2619.75,C100001109,57391.19,54771.44,C200000956,106897.93,109517.68,0,0
681,TRANSFER,2025.78,C100001591,16163.02,14137.24,C200006187,8229.54,10255.32,0,0
681,TRANSFER,3524.1,C100001727,31902.4,28378.3,C200001528,23510.74,27034.84,0,0
681,TRANSFER,1304.82,C100005346,48848.67,47543.85,C200002264,12546.3,13851.12,0,0
681,TRANSFER,4980.52,C100006405,35563.79,30583.27,C200005307,11787.93,16768.45,0,0
681,TRANSFER,1684.31,C100006725,44044.82,42360.51,C200005367,44024.13,45708.44,0,0
682,TRANSFER,479.55,C100000390,4512.41,4032.86,C200000551,52558.68,53038.23,0,0
682,TRANSFER,2458.18,C100002131,41611.62,39153.44,C200003222,12231.74,14689.92,0,0
682,TRANSFER,3772.9,C100003347,112334.02,108561.12,C200001443,34441.23,38214.13,0,0
682,TRANSFER,990.54,C100005048,69225.34,68234.8,C200006362,132083.9,133074.44,0,0
682,TRANSFER,6979.55,C100005506,142651.18,135671.63,C200005781,35329.16,42308.71,0,0
682,TRANSFER,396.34,C100006213,6575.64,6179.3,C200004669,100597.45,100993.79,0,0
682,TRANSFER,446.23,C100006234,42515.66,42069.43,C200005564,5046.07,5492.3,0,0
682,TRANSFER,8681.89,C100006945,151459.17,142777.28,C200005270,178157.74,186839.63,0,0
683,TRANSFER,35.64,C100000779,73899.56,73863.92,C200002940,865804.61,865840.25,0,0
683,TRANSFER,1728.85,C100000865,206139.75,204410.9,C200005737,7218.11,8946.96,0,0
683,TRANSFER,5492.17,C100000942,102634.72,97142.55,C200001025,56845.2,62337.37,0,0
683,TRANSFER,2094.37,C100001468,22223.27,20128.9,C200002875,17249.67,19344.04,0,0
683,TRANSFER,1491.04,C100002521,2342.7,851.66,C200000208,58225.7,59716.74,0,0
683,TRANSFER,5006.28,C100003289,33210.79,28204.51,C200004447,10703.25,15709.53,0,0
683,TRANSFER,1038.57,C100003320,11188.96,10150.39,C200001232,22711.47,23750.04,0,0
683,TRANSFER,1548.3,C100004290,20388.06,18839.76,C200000724,10025.45,11573.75,0,0
683,TRANSFER,2241.41,C100004803,187664.39,185422.98,C200006183,11487.46,13728.87,0,0
683,TRANSFER,1034.5,C100005075,71052.72,70018.22,C200001594,2536.82,3571.32,0,0
683,TRANSFER,2788.49,C100005214,14762.55,11974.06,C200001543,134035.4,136823.89,0,0
683,TRANSFER,6854.95,C100005688,55296.16,48441.21,C200005724,4286.13,11141.08,0,0
683,TRANSFER,762.34,C100006372,8553.38,7791.04,C200003261,85208.08,85970.42,0,0
684,TRANSFER,4404.75,C100000249,8636.797674020141,4232.05,C200003681,31811.15,36215.9,0,0
684,TRANSFER,10584.0,C100001196,24600.6,14016.6,C200002294,162440.3,173024.3,0,0
684,TRANSFER,5206.71,C100001227,41433.29,36226.58,C200001793,488.1,5694.81,0,0
684,TRANSFER,395.88,C100001651,9018.03,8622.15,C200004445,26182.61,26578.49,0,0
684,TRANSFER,2376.22,C100001949,72904.54,70528.32,C200005931,3053.08,5429.3,0,0
684,TRANSFER,1313.45,C100002102,7838.01,6524.56,C200002628,5144.01,6457.46,0,0
684,TRANSFER,5832.74,C100002108,14012.72,8179.98,C200004111,7271.88,13104.62,0,0
684,TRANSFER,22776.39,C100002237,34896.83,12120.44,C200004962,29385.73,52162.12,0,0
684,TRANSFER,1345.85,C100003162,16696.79,15350.94,C200000089,33458.82,34804.67,0,0
684,TRANSFER,3778.22,C100003657,57620.02,53841.8,C200002508,16361.38,20139.6,0,0
684,TRANSFER,2056.62,C100004448,11802.07,9745.45,C200005783,26557.93,28614.55,0,0
684,TRANSFER,5308.02,C100005972,23105.15,17797.13,C200005647,27634.11,32942.13,0,0
684,TRANSFER,486.57,C100006177,49298.07,48811.5,C200005545,5571.96,6058.53,0,0
684,TRANSFER,721.01,C100006435,44521.05,43800.04,C200002695,11408.54,12129.55,0,0
684,TRANSFER,19702.25,C100006912,54027.4,34325.15,C200001833,13795.8,33498.05,0,0
685,TRANSFER,2364.55,C100000095,62004.94,59640.39,C200005867,59708.98,62073.53,0,0
685,TRANSFER,3710.18,C100001439,26015.94,22305.76,C200000693,7901.35,11611.53,0,0
685,TRANSFER,2914.17,C100001663,23370.44,20456.27,C200002382,94365.47,97279.64,0,0
685,TRANSFER,3365.14,C100002119,6209.517074748972,2844.38,C200002302,11612.12,14977.26,0,0
685,TRANSFER,185.43,C100002180,9298.24,9112.81,C200005515,208252.95,208438.38,0,0
685,TRANSFER,32915.61,C100002463,35852.83433246772,2937.22,C200001468,9437.23,42352.84,0,0
685,TRANSFER,544.34,C100002723,20341.81,19797.47,C200004607,7139.13,7683.47,0,0
685,TRANSFER,3837.32,C100003822,41869.98,38032.66,C200005733,17220.51,21057.83,0,0
685,TRANSFER,2633.61,C100004238,198979.96,196346.35,C200005876,25380.85,28014.46,0,0
685,TRANSFER,3178.96,C100004457,28743.33,25564.37,C200002416,158839.84,162018.8,0,0
685,TRANSFER,608.68,C100005368,36036.74,35428.06,C200004343,303211.35,303820.03,0,0
685,TRANSFER,665.46,C100005769,8466.93,7801.47,C200001389,37945.44,38610.9,0,0
686,TRANSFER,9339.7,C100000941,13977.808949349348,4638.11,C200001388,67905.77,77245.47,0,0
686,TRANSFER,1417.08,C100000968,615596.22,614179.14,C200002888,97749.05,99166.13,0,0
686,TRANSFER,434.63,C100000992,81255.96,80821.33,C200000845,127682.8,128117.43,0,0
686,TRANSFER,3928.14,C100001288,44190.79,40262.65,C200004745,54069.65,57997.79,0,0
686,TRANSFER,818.61,C100001605,12383.88,11565.27,C200001001,175491.03,176309.64,0,0
686,TRANSFER,4347.04,C100001627,25220.23,20873.19,C200004217,8517.77,12864.81,0,0
686,TRANSFER,4440.43,C100001849,45865.58,41425.15,C200005761,33180.15,37620.58,0,0
686,TRANSFER,1074.94,C100001948,13477.68,12402.74,C200002748,20897.74,21972.68,0,0
686,TRANSFER,1691.06,C100003271,17285.38,15594.32,C200002382,140976.54,142667.6,0,0
686,TRANSFER,5627.7,C100003442,117853.58,112225.88,C200006043,155814.63,161442.33,0,0
686,TRANSFER,750.28,C100004280,3968.39,3218.11,C200002813,2050.72,2801.0,0,0
686,TRANSFER,1019.54,C100004482,106811.39,105791.85,C200001312,61009.74,62029.28,0,0
686,TRANSFER,406.76,C100005105,26443.8,26037.04,C200002387,5524.94,5931.7,0,0
686,TRANSFER,572.12,C100005211,6494.16,5922.04,C200000301,38164.91,38737.03,0,0
686,TRANSFER,1724.45,C100005315,34202.75,32478.3,C200005546,98652.91,100377.36,0,0
686,TRANSFER,301.81,C100005338,7902.77,7600.96,C200002492,81758.49,82060.3,0,0
686,TRANSFER,386.1,C100005783,15145.7,14759.6,C200000146,345508.11,345894.21,0,0
686,TRANSFER,1665.77,C100005949,24398.21,22732.44,C200003088,58012.71,59678.48,0,0
686,TRANSFER,945.77,C100005975,275833.83,274888.06,C200005807,69998.55,70944.32,0,0
686,TRANSFER,17113.93,C100005979,20305.592088937407,3191.66,C200005168,2412.15,19526.08,0,0
686,TRANSFER,8749.43,C100006827,32305.81,23556.38,C200000507,13903.82,22653.25,0,0
687,TRANSFER,3202.23,C100000480,12965.41,9763.18,C200000850,40420.02,43622.25,0,0
687,TRANSFER,3386.18,C100000487,172748.32,169362.14,C200002958,142490.89,145877.07,0,0
687,TRANSFER,2586.02,C100000904,29009.36,26423.34,C200001746,113948.73,116534.75,0,0
687,TRANSFER,2750.81,C100001363,22734.93,19984.12,C200003430,71977.81,74728.62,0,0
687,TRANSFER,4878.58,C100001772,31516.82,26638.24,C200000792,120431.61,125310.19,0,0
687,TRANSFER,9492.04,C100001939,27759.22,18267.18,C200005963,19165.92,28657.96,0,0
687,TRANSFER,2647.51,C100002020,5002.476344406835,2354.97,C200002768,11627.31,14274.82,0,0
687,TRANSFER,3333.94,C100002393,59609.02,56275.08,C200001410,116675.57,120009.51,0,0
687,TRANSFER,7360.22,C100002564,233988.64,226628.42,C200003985,12378.86,19739.08,0,0
687,TRANSFER,3165.8,C100004305,36640.35,33474.55,C200004439,24533.61,27699.41,0,0
687,TRANSFER,700.02,C100004914,47274.23,46574.21,C200004138,123060.68,123760.7,0,0
687,TRANSFER,4065.4,C100005398,40013.11,35947.71,C200006391,35838.9,39904.3,0,0
687,TRANSFER,2544.14,C100005427,7742.36,5198.22,C200005522,34142.04,36686.18,0,0
688,TRANSFER,11330.25,C100000068,50676.93,39346.68,C200004982,5296.95,16627.2,0,0
688,TRANSFER,6818.63,C100000540,33718.86,26900.23,C200002263,16290.73,23109.36,0,0
688,TRANSFER,2917.79,C100000546,14496.29,11578.5,C200003215,40417.21,43335.0,0,0
688,TRANSFER,6550.19,C100000956,39448.69,32898.5,C200006435,42735.44,49285.63,0,0
688,TRANSFER,557.92,C100001012,27665.77,27107.85,C200004906,1316.36,1874.28,0,0
688,TRANSFER,2410.86,C100001215,19136.63,16725.77,C200003489,54825.34,57236.2,0,0
688,TRANSFER,641.79,C100001649,207813.48,207171.69,C200000066,40635.36,41277.15,0,0
688,TRANSFER,442.68,C100003654,60812.38,60369.7,C200003595,133243.02,133685.7,0,0
688,TRANSFER,551.24,C100003824,3062.13,2510.89,C200000749,26558.34,27109.58,0,0
688,TRANSFER,6975.09,C100004573,32921.86,25946.77,C200001719,30645.59,37620.68,0,0
688,TRANSFER,4491.13,C100005614,67350.26,62859.13,C200004806,20948.1,25439.23,0,0
688,TRANSFER,954.77,C100006097,74093.46,73138.69,C200005505,3972.82,4927.59,0,0
688,TRANSFER,2965.89,C100006697,159881.08,156915.19,C200004224,195551.73,198517.62,0,0
688,TRANSFER,2195.83,C100006833,256187.58,253991.75,C200003113,38750.31,40946.14,0,0
689,TRANSFER,389.15,C100000310,19942.47,19553.32,C200001784,20930.62,21319.77,0,0
689,TRANSFER,2055.86,C100000356,43043.12,40987.26,C200000632,60570.58,62626.44,0,0
689,TRANSFER,657.39,C100001096,18418.5,17761.11,C200001757,17868.26,18525.65,0,0
689,TRANSFER,1432.98,C100001691,39393.98,37961.0,C200004185,2660.8,4093.78,0,0
689,TRANSFER,550.05,C100002139,32289.46,31739.41,C200000162,45889.89,46439.94,0,0
689,TRANSFER,10613.39,C100002544,73190.82,62577.43,C200000795,13734.15,24347.54,0,0
689,TRANSFER,1513.35,C100002682,6238.119824859721,4724.77,C200003395,11732.3,13245.65,0,0
689,TRANSFER,1771.73,C100003109,5158.469973240818,3386.74,C200002412,63296.51,65068.24,0,0
689,TRANSFER,882.43,C100003555,18197.96,17315.53,C200002271,17708.46,18590.89,0,0
689,TRANSFER,4100.38,C100004293,9875.62,5775.24,C200004875,126537.44,130637.82,0,0
689,TRANSFER,1909.19,C100004467,97021.27,95112.08,C200004515,48079.85,49989.04,0,0
689,TRANSFER,38569.55,C100005680,104769.56,66200.01,C200005394,30438.81,69008.36,0,0
690,TRANSFER,4984.45,C100000164,25896.14,20911.69,C200002563,104332.33,109316.78,0,0
690,TRANSFER,5196.75,C100000267,9093.57485375519,3896.82,C200002990,11783.82,16980.57,0,0
690,TRANSFER,1277.99,C100000561,3597.652051373875,2319.66,C200001143,25329.25,26607.24,0,0
690,TRANSFER,5793.84,C100000768,27772.97,21979.13,C200003976,47572.56,53366.4,0,0
690,TRANSFER,1541.21,C100001253,13770.16,12228.95,C200002179,39745.39,41286.6,0,0
690,TRANSFER,400.74,C100001281,27035.95,26635.21,C200000793,45174.62,45575.36,0,0
690,TRANSFER,1746.99,C100001294,15621.33,13874.34,C200001417,46289.91,48036.9,0,0
690,TRANSFER,10209.37,C100001354,40923.52,30714.15,C200003142,17195.25,27404.62,0,0
690,TRANSFER,9349.02,C100002369,33025.1,23676.08,C200002893,3420.89,12769.91,0,0
690,TRANSFER,2659.14,C100002446,190257.91,187598.77,C200004295,36159.37,38818.51,0,0
690,TRANSFER,598.49,C100003625,21497.5,20899.01,C200001594,130866.16,131464.65,0,0
690,TRANSFER,2956.65,C100004163,99310.91,96354.26,C200002392,44146.76,47103.41,0,0
690,TRANSFER,4491.17,C100004558,20975.35,16484.18,C200005774,17602.09,22093.26,0,0
690,TRANSFER,3051.78,C100004819,6643.483827954831,3591.7,C200006493,101393.79,104445.57,0,0
691,TRANSFER,571.12,C100000166,5849.11,5277.99,C200003108,2844.97,3416.09,0,0
691,TRANSFER,150.6,C100000369,41274.98,41124.38,C200006432,88666.16,88816.76,0,0
691,TRANSFER,1178.37,C100000445,18110.52,16932.15,C200002114,46215.03,47393.4,0,0
691,TRANSFER,19468.66,C100000481,79901.37,60432.71,C200004622,39272.79,58741.45,0,0
691,TRANSFER,687.15,C100000592,4507.48,3820.33,C200003003,7432.68,8119.83,0,0
691,TRANSFER,6847.33,C100000751,63564.17,56716.84,C200003535,26016.83,32864.16,0,0
691,TRANSFER,1164.91,C100001174,11264.84,10099.93,C200005694,17781.42,18946.33,0,0
691,TRANSFER,5891.56,C100001415,21638.11,15746.55,C200005736,133364.78,139256.34,0,0
691,TRANSFER,1289.98,C100001881,46935.65,45645.67,C200000969,8020.2,9310.18,0,0
691,TRANSFER,3509.1,C100002176,7598.11,4089.01,C200000926,44526.04,48035.14,0,0
691,TRANSFER,319.18,C100002372,39995.72,39676.54,C200004360,17397.5,17716.68,0,0
691,TRANSFER,15151.6,C100003096,21392.4,6240.8,C200005528,3847.77,18999.37,0,0
691,TRANSFER,3338.0,C100003196,58878.31,55540.31,C200006148,15636.41,18974.41,0,0
691,TRANSFER,1020.95,C100003637,83995.48,82974.53,C200006145,8011.56,9032.51,0,0
691,TRANSFER,1581.32,C100004064,29026.12,27444.8,C200004369,59477.92,61059.24,0,0
691,TRANSFER,5046.25,C100004281,27464.09,22417.84,C200000294,6343.69,11389.94,0,0
691,TRANSFER,8877.78,C100006282,95479.08,86601.3,C200005253,28037.62,36915.4,0,0
691,TRANSFER,4371.31,C100006348,9264.227576366731,4892.92,C200003824,26265.26,30636.57,0,0
692,TRANSFER,5139.87,C100000335,37239.81,32099.94,C200002798,80188.03,85327.9,0,0
692,TRANSFER,4022.05,C100000566,8693.940424566761,4671.89,C200005753,101282.46,105304.51,0,0
692,TRANSFER,1197.83,C100000687,105691.31,104493.48,C200002480,64734.13,65931.96,0,0
692,TRANSFER,2891.32,C100000778,13429.47,10538.15,C200004114,111478.84,114370.16,0,0
692,TRANSFER,455.36,C100001091,49996.44,49541.08,C200004360,5422.64,5878.0,0,0
692,TRANSFER,2870.41,C100001111,6374.57,3504.16,C200000980,92438.55,95308.96,0,0
692,TRANSFER,3225.5,C100001611,3939.1370386116287,713.64,C200001865,166061.14,169286.64,0,0
692,TRANSFER,1940.02,C100001679,16726.2,14786.18,C200001833,42805.66,44745.68,0,0
692,TRANSFER,4111.85,C100001711,95334.64,91222.79,C200001036,9135.21,13247.06,0,0
692,TRANSFER,4523.92,C100002484,28620.29,24096.37,C200000089,66401.13,70925.05,0,0
692,TRANSFER,1134.92,C100002616,225185.64,224050.72,C200001495,32902.79,34037.71,0,0
692,TRANSFER,4099.96,C100003238,15299.67,11199.71,C200002247,12415.87,16515.83,0,0
692,TRANSFER,695.24,C100003331,118003.06,117307.82,C200003977,116364.39,117059.63,0,0
692,TRANSFER,3226.8,C100003612,47121.22,43894.42,C200000141,28713.99,31940.79,0,0
692,TRANSFER,646.13,C100004786,6927.76,6281.63,C200004431,14419.28,15065.41,0,0
692,TRANSFER,895.49,C100004852,2162.42,1266.93,C200002613,26959.4,27854.89,0,0
692,TRANSFER,7244.56,C100004882,40082.95,32838.39,C200005083,8066.64,15311.2,0,0
692,TRANSFER,2870.25,C100005148,60067.11,57196.86,C200003128,258656.59,261526.84,0,0
692,TRANSFER,3711.28,C100005338,20446.45,16735.17,C200000653,26219.37,29930.65,0,0
692,TRANSFER,421.1,C100005370,6030.21,5609.11,C200002921,252547.71,252968.81,0,0
692,TRANSFER,3213.29,C100005458,58153.35,54940.06,C200006477,14891.87,18105.16,0,0
692,TRANSFER,4374.68,C100005687,26248.4,21873.72,C200000954,54589.74,58964.42,0,0
692,TRANSFER,4328.48,C100005888,31481.52,27153.04,C200004750,30036.21,34364.69,0,0
692,TRANSFER,4572.69,C100005896,128955.44,124382.75,C200000818,35278.07,39850.76,0,0
692,TRANSFER,4627.82,C100006531,662697.94,658070.12,C200001395,451887.84,456515.66,0,0
692,TRANSFER,12545.61,C100006584,28193.99,15648.38,C200006310,60082.86,72628.47,0,0
693,TRANSFER,409.95,C100000424,6352.48,5942.53,C200005807,19879.64,20289.59,0,0
693,TRANSFER,10813.76,C100001332,14715.920801376735,3902.16,C200005314,7990.1,18803.86,0,0
693,TRANSFER,621.38,C100001978,80102.68,79481.3,C200003875,16884.92,17506.3,0,0
693,TRANSFER,624.82,C100002419,4480.377292113233,3855.56,C200004778,70523.26,71148.08,0,0
693,TRANSFER,1407.69,C100003113,70985.8,69578.11,C200005522,62707.14,64114.83,0,0
693,TRANSFER,1562.36,C100003219,15642.89,14080.53,C200003674,100854.51,102416.87,0,0
693,TRANSFER,15683.59,C100004180,108866.87,93183.28,C200001558,1815.99,17499.58,0,0
693,TRANSFER,5055.7,C100004205,13549.9,8494.2,C200004817,12445.25,17500.95,0,0
693,TRANSFER,2264.94,C100005218,58046.01,55781.07,C200001368,17020.91,19285.85,0,0
693,TRANSFER,315.85,C100006097,109494.38,109178.53,C200004312,3292.23,3608.08,0,0
693,TRANSFER,8124.82,C100006261,20824.24,12699.42,C200002496,207858.35,215983.17,0,0
693,TRANSFER,12097.65,C100006357,130480.0,118382.35,C200000896,10611.68,22709.33,0,0
694,TRANSFER,413.7,C100000764,47383.37,46969.67,C200005427,222411.48,222825.18,0,0
694,TRANSFER,778.61,C100001210,17957.1,17178.49,C200005180,69479.06,70257.67,0,0
694,TRANSFER,2517.67,C100001318,16364.41,13846.74,C200001664,57183.16,59700.83,0,0
694,TRANSFER,1445.23,C100001548,132197.25,130752.02,C200002453,2683.4,4128.63,0,0
694,TRANSFER,10267.44,C100001657,34159.27,23891.83,C200006037,181652.48,191919.92,0,0
694,TRANSFER,3744.47,C100001739,18100.64,14356.17,C200004423,20830.05,24574.52,0,0
694,TRANSFER,17251.05,C100001923,21845.99,4594.94,C200004759,98636.58,115887.63,0,0
694,TRANSFER,4191.35,C100002509,26450.39,22259.04,C200005676,50852.68,55044.03,0,0
694,TRANSFER,7366.42,C100003916,53441.24,46074.82,C200001376,25606.59,32973.01,0,0
694,TRANSFER,2630.03,C100005208,11752.21,9122.18,C200000731,195100.01,197730.04,0,0
694,TRANSFER,246.13,C100005786,20226.39,19980.26,C200002083,8306.98,8553.11,0,0
694,TRANSFER,8054.01,C100006014,11840.912736835095,3786.9,C200001339,7848.77,15902.78,0,0
694,TRANSFER,887.25,C100006070,4961.36,4074.11,C200004312,25662.14,26549.39,0,0
694,TRANSFER,4304.22,C100006477,12978.68,8674.46,C200000292,18189.29,22493.51,0,0
695,TRANSFER,924.8,C100000246,188779.26,187854.46,C200000444,60205.08,61129.88,0,0
695,TRANSFER,375.42,C100000277,45252.15,44876.73,C200000465,129344.45,129719.87,0,0
695,TRANSFER,204.28,C100000635,37321.24,37116.96,C200001343,28361.86,28566.14,0,0
695,TRANSFER,1324.84,C100001298,63010.18,61685.34,C200003113,11979.1,13303.94,0,0
695,TRANSFER,369.51,C100001355,378369.51,378000.0,C200000027,15656.82,16026.33,0,0
695,TRANSFER,31209.32,C100001411,34607.50396871857,3398.18,C900001533,4791.45,36000.77,1,0
695,TRANSFER,27055.35,C100002368,27449.075554112616,393.73,C200005351,27621.0,54676.35,0,0
695,TRANSFER,2220.84,C100003472,14872.04,12651.2,C200002490,287162.72,289383.56,0,0
695,TRANSFER,5127.25,C100004510,15222.0,10094.75,C200002439,40100.45,45227.7,0,0
695,TRANSFER,3321.81,C100005066,60553.96,57232.15,C200001492,54303.07,57624.88,0,0
695,TRANSFER,1939.75,C100005319,28281.88,26342.13,C200003627,231518.3,233458.05,0,0
695,TRANSFER,18910.03,C100006750,19629.736566135314,719.71,C200001603,78304.29,97214.32,0,0
696,TRANSFER,5285.59,C100000146,43873.38,38587.79,C200001204,9968.32,15253.91,0,0
696,TRANSFER,1311.24,C100000602,79856.96,78545.72,C200004225,124696.29,126007.53,0,0
696,TRANSFER,2034.08,C100001087,38253.94,36219.86,C200001517,326177.56,328211.64,0,0
696,TRANSFER,1529.78,C100001574,67593.29,66063.51,C200001210,10374.45,11904.23,0,0
696,TRANSFER,55048.03,C100001677,56449.13607891571,1401.11,C900003240,23053.1,78101.13,1,0
696,TRANSFER,2380.74,C100001906,6470.5,4089.76,C200005110,37744.59,40125.33,0,0
696,TRANSFER,6817.09,C100002815,73225.28,66408.19,C900009366,20747.02,27564.11,1,0
696,TRANSFER,310.2,C100004363,51524.09,51213.89,C200006129,71927.86,72238.06,0,0
696,TRANSFER,2313.32,C100004679,46354.22,44040.9,C200000877,22528.24,24841.56,0,0
696,TRANSFER,2439.87,C100005043,5482.0,3042.13,C200001792,34777.62,37217.49,0,0
696,TRANSFER,5829.12,C100005201,12300.45,6471.33,C200000719,29413.71,35242.83,0,0
696,TRANSFER,1648.75,C100006048,4720.55,3071.8,C200001952,10152.56,11801.31,0,0
696,TRANSFER,1004.38,C100006294,19715.95,18711.57,C200003811,5374.94,6379.32,0,0
696,TRANSFER,1361.71,C100006633,22038.01,20676.3,C200002902,3550.98,4912.69,0,0
696,TRANSFER,3406.6,C100006677,79168.27,75761.67,C200002098,41270.69,44677.29,0,0
697,TRANSFER,1256.0,C100000204,14969.55,13713.55,C200003355,29482.77,30738.77,0,0
697,TRANSFER,13898.74,C100000458,18727.213608702885,4828.47,C200002953,319964.65,333863.39,0,0
697,TRANSFER,2327.47,C100000550,11061.72,8734.25,C200001379,38736.44,41063.91,0,0
697,TRANSFER,129.98,C100001174,36426.54,36296.56,C200004126,16078.13,16208.11,0,0
697,TRANSFER,2062.16,C100001178,8130.87,6068.71,C200003754,23243.4,25305.56,0,0
697,TRANSFER,6159.18,C100001191,158292.75,152133.57,C200002568,72077.58,78236.76,0,0
697,TRANSFER,3208.92,C100001773,114927.57,111718.65,C200002868,20554.2,23763.12,0,0
697,TRANSFER,3789.53,C100002718,5152.22,1362.69,C200006032,66162.59,69952.12,0,0
697,TRANSFER,451.22,C100003018,19061.62,18610.4,C200004226,22250.83,22702.05,0,0
697,TRANSFER,413.78,C100003090,20939.25,20525.47,C200001084,17621.26,18035.04,0,0
697,TRANSFER,3302.71,C100004153,14747.18,11444.47,C200005594,44746.31,48049.02,0,0
697,TRANSFER,8236.87,C100004844,79744.15,71507.28,C200004498,6565.36,14802.23,0,0
697,TRANSFER,420.25,C100004982,9921.2,9500.95,C200000465,72025.85,72446.1,0,0
697,TRANSFER,586.81,C100005177,16097.06,15510.25,C200000451,59456.7,60043.51,0,0
697,TRANSFER,2295.85,C100005184,21561.59,19265.74,C200001100,22256.45,24552.3,0,0
697,TRANSFER,617.66,C100005419,12183.61,11565.95,C200002789,57824.53,58442.19,0,0
697,TRANSFER,3576.02,C100005430,23492.09,19916.07,C200005341,22223.42,25799.44,0,0
697,TRANSFER,856.52,C100005450,143266.67,142410.15,C200000105,69426.07,70282.59,0,0
697,TRANSFER,2932.43,C100006546,65092.31,62159.88,C200003746,67755.02,70687.45,0,0
697,TRANSFER,2772.19,C100006553,5186.001570464088,2413.81,C200004463,40194.53,42966.72,0,0
697,TRANSFER,1095.0,C100006831,25926.87,24831.87,C200002679,13026.6,14121.6,0,0
697,TRANSFER,54873.24,C100006854,57860.27472121333,2987.03,C200002659,26545.95,81419.19,0,0
698,TRANSFER,3080.92,C100000688,4908.021485379549,1827.1,C200003031,40691.81,43772.73,0,0
698,TRANSFER,1455.92,C100001759,28107.44,26651.52,C200005617,60705.46,62161.38,0,0
698,TRANSFER,6624.93,C100002020,159365.11,152740.18,C200002026,24222.05,30846.98,0,0
698,TRANSFER,12969.74,C100002056,15920.124499033342,2950.38,C200003184,2297.2,15266.94,0,0
698,TRANSFER,10616.18,C100002883,25698.5,15082.32,C200004861,8606.32,19222.5,0,0
698,TRANSFER,1738.07,C100002948,11759.15,10021.08,C200005022,10823.22,12561.29,0,0
698,TRANSFER,591.43,C100003208,34810.99,34219.56,C200001576,3098.36,3689.79,0,0
698,TRANSFER,3037.25,C100003572,39676.86,36639.61,C200000966,14711.51,17748.76,0,0
698,TRANSFER,10241.01,C100004652,33211.62,22970.61,C200004359,10053.71,20294.72,0,0
698,TRANSFER,4549.18,C100004940,74741.34,70192.16,C200005448,119349.14,123898.32,0,0
698,TRANSFER,1163.15,C100005088,17765.39,16602.24,C200005911,5477.79,6640.94,0,0
698,TRANSFER,972.77,C100005862,97003.93,96031.16,C200005630,3177.04,4149.81,0,0
698,TRANSFER,4791.03,C100006117,132489.76,127698.73,C200000836,240274.16,245065.19,0,0
698,TRANSFER,758.06,C100006810,8400.91,7642.85,C200005863,24431.92,25189.98,0,0
698,TRANSFER,37775.23,C100006869,41824.822073726195,4049.59,C900000674,11328.73,49103.96,1,0
699,TRANSFER,1858.41,C100000744,7355.82,5497.41,C200002642,74024.74,75883.15,0,0
699,TRANSFER,883.73,C100001465,5272.500010617428,4388.77,C200000446,125641.57,126525.3,0,0
699,TRANSFER,7916.04,C100001516,7982.92224259047,66.88,C200002705,9215.28,17131.32,0,0
699,TRANSFER,1309.58,C100002169,56513.5,55203.92,C200001851,71174.29,72483.87,0,0
699,TRANSFER,942.48,C100002520,84783.66,83841.18,C200006358,57414.65,58357.13,0,0
699,TRANSFER,11327.28,C100002623,15628.342306047198,4301.06,C200003849,64694.74,76022.02,0,0
699,TRANSFER,1963.73,C100002640,41120.89,39157.16,C200003863,54493.92,56457.65,0,0
699,TRANSFER,472.7,C100003289,24336.36,23863.66,C200005753,32649.79,33122.49,0,0
699,TRANSFER,1483.82,C100003383,6422.606696917865,4938.79,C200005575,34352.38,35836.2,0,0
699,TRANSFER,15924.96,C100003422,33236.95,17311.99,C200003613,10926.94,26851.9,0,0
699,TRANSFER,15989.27,C100005714,158151.19,142161.92,C200000141,45458.51,61447.78,0,0
699,TRANSFER,540.76,C100006683,102859.64,102318.88,C200000229,22826.63,23367.39,0,0
699,TRANSFER,1073.83,C100006896,6784.7,5710.87,C200001569,1000000.0,1001073.83,0,0
700,TRANSFER,2223.66,C100000163,22613.46,20389.8,C200001403,85816.29,88039.95,0,0
700,TRANSFER,3496.13,C100000479,19681.13,16185.0,C200002042,19717.48,23213.61,0,0
700,TRANSFER,860.75,C100000686,131035.35,130174.6,C200000864,22919.88,23780.63,0,0
700,TRANSFER,15994.51,C100001708,43822.25,27827.74,C200004219,91694.68,107689.19,0,0
700,TRANSFER,744.0,C100002131,12256.13,11512.13,C200005223,29924.24,30668.24,0,0
700,TRANSFER,12950.86,C100002409,16403.1,3452.24,C900000073,29932.37,42883.23,1,0
700,TRANSFER,108.28,C100002864,6812.66,6704.38,C200005316,10387.1,10495.38,0,0
700,TRANSFER,1217.21,C100003905,15714.33,14497.12,C200003761,24550.66,25767.87,0,0
700,TRANSFER,15570.92,C100004454,49247.28,33676.36,C200006238,231037.3,246608.22,0,0
700,TRANSFER,1303.1,C100004944,30709.22,29406.12,C200000615,7448.13,8751.23,0,0
700,TRANSFER,1840.6,C100005057,36146.0,34305.4,C200002404,24023.94,25864.54,0,0
700,TRANSFER,3322.81,C100005149,20026.25,16703.44,C200001162,189228.55,192551.36,0,0
700,TRANSFER,495.26,C100005650,5243.5,4748.24,C200004787,22160.62,22655.88,0,0
700,TRANSFER,20473.11,C100005973,22524.6628552739,2051.55,C200001695,376113.64,396586.75,0,0
700,TRANSFER,2694.43,C100006046,122622.61,119928.18,C200005597,3236.62,5931.05,0,0
700,TRANSFER,4848.0,C100006150,303511.65,298663.65,C200005559,224974.18,229822.18,0,0
700,TRANSFER,1087.22,C100006724,4583.922413923336,3496.7,C200005244,5723.69,6810.91,0,0
700,TRANSFER,981.15,C100006967,6321.75,5340.6,C200000439,96983.64,97964.79,0,0
701,TRANSFER,6615.22,C100000172,7914.223905737006,1299.0,C200003903,62717.57,69332.79,0,0
701,TRANSFER,1630.11,C100004402,7390.98,5760.87,C200001063,137276.74,138906.85,0,0
701,TRANSFER,218.74,C100004627,39346.04,39127.3,C200006277,21439.97,21658.71,0,0
701,TRANSFER,1962.77,C100005195,39932.14,37969.37,C200001135,14174.77,16137.54,0,0
701,TRANSFER,1238.27,C100005432,4105.18860857586,2866.92,C200001432,60865.71,62103.98,0,0
701,TRANSFER,799.38,C100006826,86697.91,85898.53,C200005396,69301.62,70101.0,0,0
702,TRANSFER,325.71,C100000635,26574.3,26248.59,C200005937,2679.49,3005.2,0,0
702,TRANSFER,1886.17,C100001074,4808.369082803823,2922.2,C200000108,14782.56,16668.73,0,0
702,TRANSFER,318.69,C100001634,51252.4,50933.71,C200002620,14612.07,14930.76,0,0
702,TRANSFER,3851.36,C100003193,13858.83,10007.47,C200003516,91427.1,95278.46,0,0
702,TRANSFER,2078.96,C100003397,22969.97,20891.01,C200002612,9194.92,11273.88,0,0
702,TRANSFER,24910.87,C100004119,25979.439154378866,1068.57,C200001564,2254.58,27165.45,0,0
702,TRANSFER,378.89,C100004679,6668.88,6289.99,C200000193,11669.08,12047.97,0,0
702,TRANSFER,709.53,C100004753,7766.06,7056.53,C200003540,5687.27,6396.8,0,0
702,TRANSFER,1068.36,C100004917,23052.68,21984.32,C200001548,153083.98,154152.34,0,0
702,TRANSFER,2995.94,C100006654,13663.08,10667.14,C200005370,21508.95,24504.89,0,0
703,TRANSFER,3522.08,C100000278,41460.85,37938.77,C200005884,2086.98,5609.06,0,0
703,TRANSFER,3513.58,C100001050,23232.6,19719.02,C200003389,11100.03,14613.61,0,0
703,TRANSFER,1538.93,C100002078,63927.42,62388.49,C200004421,6863.98,8402.91,0,0
703,TRANSFER,3157.26,C100002202,5302.6,2145.34,C200001013,15804.9,18962.16,0,0
703,TRANSFER,1125.86,C100002848,153234.04,152108.18,C200006086,27142.61,28268.47,0,0
703,TRANSFER,2926.79,C100002943,62550.7,59623.91,C200002892,322953.52,325880.31,0,0
703,TRANSFER,22056.59,C100004793,151202.95,129146.36,C200006147,82420.46,104477.05,0,0
703,TRANSFER,9084.64,C100006006,15769.91,6685.27,C200003469,3329.35,12413.99,0,0
704,TRANSFER,13108.01,C100000028,14221.347079802486,1113.34,C200005253,5846.62,18954.63,0,0
704,TRANSFER,835.18,C100000212,223659.12,222823.94,C200003532,234404.55,235239.73,0,0
704,TRANSFER,493.0,C100001157,159241.0,158748.0,C200003271,37162.7,37655.7,0,0
704,TRANSFER,2541.03,C100001226,453046.74,450505.71,C200005320,37189.25,39730.28,0,0
704,TRANSFER,2029.01,C100001449,46615.25,44586.24,C200003795,7029.16,9058.17,0,0
704,TRANSFER,1324.91,C100002223,117336.08,116011.17,C200005441,15891.67,17216.58,0,0
704,TRANSFER,2663.41,C100003122,5319.48,2656.07,C200005073,39848.36,42511.77,0,0
704,TRANSFER,3702.68,C100003406,72233.96,68531.28,C200005634,4148.85,7851.53,0,0
704,TRANSFER,1853.62,C100003539,25481.84,23628.22,C200004119,3589.69,5443.31,0,0
704,TRANSFER,1269.18,C100004624,27430.69,26161.51,C200003463,20227.14,21496.32,0,0
704,TRANSFER,707.15,C100004888,83979.01,83271.86,C200004483,104077.78,104784.93,0,0
704,TRANSFER,1524.98,C100005172,7918.73,6393.75,C200001274,11867.54,13392.52,0,0
704,TRANSFER,4308.71,C100005206,10977.29,6668.58,C200004567,53847.43,58156.14,0,0
704,TRANSFER,3159.11,C100006125,22634.9,19475.79,C200002984,23958.78,27117.89,0,0
705,TRANSFER,1021.88,C100000119,16733.99,15712.11,C200005812,31395.48,32417.36,0,0
705,TRANSFER,3895.97,C100000302,89391.12,85495.15,C200004419,117469.6,121365.57,0,0
705,TRANSFER,909.02,C100000382,69675.08,68766.06,C200001853,41231.08,42140.1,0,0
705,TRANSFER,2655.09,C100000565,12298.81,9643.72,C200001761,24390.7,27045.79,0,0
705,TRANSFER,1182.71,C100000785,12654.85,11472.14,C200003112,26507.42,27690.13,0,0
705,TRANSFER,1549.46,C100000811,137144.46,135595.0,C200000538,49556.69,51106.15,0,0
705,TRANSFER,1054.58,C100001080,12596.28,11541.7,C200003229,73847.22,74901.8,0,0
705,TRANSFER,5558.77,C100001089,60916.93,55358.16,C200000346,22810.45,28369.22,0,0
705,TRANSFER,1293.47,C100001756,102676.19,101382.72,C200002483,7051.97,8345.44,0,0
705,TRANSFER,4169.44,C100002474,7677.5368825008945,3508.1,C200005098,102232.21,106401.65,0,0
705,TRANSFER,1534.44,C100002908,15960.52,14426.08,C200000332,81681.86,83216.3,0,0
705,TRANSFER,407.16,C100003145,63033.07,62625.91,C200000645,15931.45,16338.61,0,0
705,TRANSFER,1468.63,C100003854,4527.25,3058.62,C200001444,111137.9,112606.53,0,0
705,TRANSFER,132.18,C100004111,36336.4,36204.22,C200004951,42084.22,42216.4,0,0
705,TRANSFER,6130.92,C100004213,11988.49,5857.57,C200003474,27641.44,33772.36,0,0
705,TRANSFER,432.63,C100004279,24850.91,24418.28,C200000562,10296.21,10728.84,0,0
705,TRANSFER,961.76,C100005614,35414.4,34452.64,C200004534,297123.81,298085.57,0,0
706,TRANSFER,435.29,C100000607,55903.65,55468.36,C200000833,7855.71,8291.0,0,0
706,TRANSFER,1065.6,C100000626,16887.11,15821.51,C200006417,651881.44,652947.04,0,0
706,TRANSFER,3467.28,C100001356,70528.49,67061.21,C200000683,22147.69,25614.97,0,0
706,TRANSFER,10321.33,C100001425,12351.826695442436,2030.5,C200001274,7877.71,18199.04,0,0
706,TRANSFER,9579.34,C100003606,220293.07,210713.73,C200003825,88843.66,98423.0,0,0
706,TRANSFER,9885.58,C100003808,289341.64,279456.06,C200005111,5975.34,15860.92,0,0
706,TRANSFER,1570.14,C100005019,37227.2,35657.06,C200005293,83173.27,84743.41,0,0
706,TRANSFER,2687.37,C100005423,20499.85,17812.48,C200003636,51866.97,54554.34,0,0
706,TRANSFER,227.81,C100006544,280931.99,280704.18,C200004405,26804.8,27032.61,0,0
706,TRANSFER,2790.33,C100006687,65808.7,63018.37,C200000282,4629.29,7419.62,0,0
707,TRANSFER,3971.52,C100000528,9424.93,5453.41,C200001454,29630.28,33601.8,0,0
707,TRANSFER,3393.95,C100000817,7155.058230843959,3761.11,C200000931,112510.83,115904.78,0,0
707,TRANSFER,3296.31,C100001182,16130.21,12833.9,C200006404,13184.72,16481.03,0,0
707,TRANSFER,8010.33,C100001622,9049.767443837723,1039.44,C200003006,11283.01,19293.34,0,0
707,TRANSFER,2764.3,C100002277,9016.28,6251.98,C200001641,29565.62,32329.92,0,0
707,TRANSFER,20849.97,C100002791,23824.12,2974.15,C200000587,7978.35,28828.32,0,0
707,TRANSFER,8813.28,C100003152,25397.71,16584.43,C200005246,8482.27,17295.55,0,0
707,TRANSFER,2134.5,C100003728,5965.49,3830.99,C200002276,44206.96,46341.46,0,0
707,TRANSFER,6088.98,C100003978,6923.694746068344,834.71,C200003261,63402.66,69491.64,0,0
707,TRANSFER,5267.36,C100004286,41138.31,35870.95,C200002431,5636.84,10904.2,0,0
707,TRANSFER,768.34,C100004341,71909.35,71141.01,C200005673,117683.07,118451.41,0,0
708,TRANSFER,4178.66,C100000026,7499.86,3321.2,C200003434,12660.28,16838.94,0,0
708,TRANSFER,11972.65,C100000029,15108.596431853039,3135.95,C200001628,7137.95,19110.6,0,0
708,TRANSFER,1478.99,C100000709,128356.67,126877.68,C200003437,7893.78,9372.77,0,0
708,TRANSFER,3637.64,C100000868,18127.44,14489.8,C200005911,20711.86,24349.5,0,0
708,TRANSFER,8870.48,C100001986,47863.68,38993.2,C200004079,69900.92,78771.4,0,0
708,TRANSFER,823.29,C100002338,15713.79,14890.5,C200001206,14476.88,15300.17,0,0
708,TRANSFER,692.02,C100003116,13912.15,13220.13,C200005115,18244.64,18936.66,0,0
708,TRANSFER,29630.58,C100005062,30037.17312099321,406.59,C200004843,5001.76,34632.34,0,0
708,TRANSFER,1976.64,C100005178,53393.99,51417.35,C200005707,3421.49,5398.13,0,0
708,TRANSFER,15705.4,C100005410,79169.4,63464.0,C200005186,41444.44,57149.84,0,0
708,TRANSFER,5530.03,C100005826,46202.76,40672.73,C200003590,327750.3,333280.33,0,0
708,TRANSFER,2307.1,C100006589,10906.81,8599.71,C200002706,219055.32,221362.42,0,0
708,TRANSFER,20212.1,C100006858,46971.33,26759.23,C200001214,48257.49,68469.59,0,0
709,TRANSFER,10508.9,C100000171,12963.839170934138,2454.94,C200001183,17388.08,27896.98,0,0
709,TRANSFER,8696.17,C100002122,12494.52,3798.35,C200006337,4067.99,12764.16,0,0
709,TRANSFER,1366.06,C100002541,5941.737561520506,4575.68,C200004372,61253.13,62619.19,0,0
709,TRANSFER,1208.88,C100002846,58133.34,56924.46,C200006327,38222.82,39431.7,0,0
709,TRANSFER,5605.99,C100003175,6909.217509497617,1303.23,C200005732,2519.04,8125.03,0,0
709,TRANSFER,833.41,C100003387,25284.91,24451.5,C200000123,6149.22,6982.63,0,0
709,TRANSFER,822.17,C100004340,20752.0,19929.83,C200005731,5155.97,5978.14,0,0
709,TRANSFER,22746.96,C100004397,24033.280816918745,1286.32,C200003288,11127.95,33874.91,0,0
709,TRANSFER,5437.59,C100004761,94374.98,88937.39,C200004119,54820.95,60258.54,0,0
709,TRANSFER,2409.21,C100004863,63549.03,61139.82,C200006449,85390.74,87799.95,0,0
709,TRANSFER,20766.33,C100005396,36422.7,15656.37,C200005398,61735.8,82502.13,0,0
709,TRANSFER,9209.29,C100005619,15250.12,6040.83,C200002323,16322.04,25531.33,0,0
709,TRANSFER,766.09,C100006167,21531.57,20765.48,C200000633,473230.87,473996.96,0,0
709,TRANSFER,383.68,C100006325,49529.54,49145.86,C200004866,112038.47,112422.15,0,0
709,TRANSFER,24238.16,C100006665,39864.66,15626.5,C200004358,2068.27,26306.43,0,0
709,TRANSFER,605.35,C100006734,435265.6,434660.25,C200001183,13361.44,13966.79,0,0
710,TRANSFER,5745.65,C100000168,340738.11,334992.46,C200001477,27096.91,32842.56,0,0
710,TRANSFER,20870.62,C100000466,161182.29,140311.67,C200002684,34909.36,55779.98,0,0
710,TRANSFER,868.99,C100000685,113244.44,112375.45,C200004435,50542.56,51411.55,0,0
710,TRANSFER,1078.97,C100001743,26231.34,25152.37,C200001415,24475.34,25554.31,0,0
710,TRANSFER,1396.16,C100002482,11420.07,10023.91,C200000265,58746.1,60142.26,0,0
710,TRANSFER,511.45,C100002485,14720.95,14209.5,C200000160,4133.04,4644.49,0,0
710,TRANSFER,231.3,C100002645,25866.68,25635.38,C200002390,24701.17,24932.47,0,0
710,TRANSFER,3310.9,C100003476,18844.39,15533.49,C200005816,65425.83,68736.73,0,0
710,TRANSFER,3756.7,C100004720,19587.22,15830.52,C200002850,12007.85,15764.55,0,0
710,TRANSFER,14129.89,C100004727,49357.33,35227.44,C200004136,18130.28,32260.17,0,0
710,TRANSFER,1896.92,C100004879,5382.75,3485.83,C200002752,10651.2,12548.12,0,0
710,TRANSFER,6452.9,C100005601,122865.9,116413.0,C200002077,4704.42,11157.32,0,0
710,TRANSFER,1991.72,C100006439,62061.6,60069.88,C200005466,24666.74,26658.46,0,0
710,TRANSFER,18640.97,C100006547,21780.37339947851,3139.4,C200005361,12981.42,31622.39,0,0
710,TRANSFER,346.61,C100006773,64693.6,64346.99,C200000019,84880.26,85226.87,0,0
711,TRANSFER,646.87,C100000350,454261.41,453614.54,C200003322,22350.35,22997.22,0,0
711,TRANSFER,2769.42,C100000392,137068.97,134299.55,C200005885,112572.56,115341.98,0,0
711,TRANSFER,3011.36,C100000539,27941.32,24929.96,C200000435,76862.58,79873.94,0,0
711,TRANSFER,1159.46,C100000659,19694.56,18535.1,C200005463,24283.36,25442.82,0,0
711,TRANSFER,805.61,C100000891,25085.43,24279.82,C200004740,5435.8,6241.41,0,0
711,TRANSFER,16140.38,C100001958,791966.31,775825.93,C200001796,402186.97,418327.35,0,0
711,TRANSFER,3349.83,C100002270,21992.6,18642.77,C200000108,11644.86,14994.69,0,0
711,TRANSFER,12277.85,C100003171,53104.16,40826.31,C200003791,37343.48,49621.33,0,0
711,TRANSFER,7907.95,C100004199,27494.28,19586.33,C200000854,11118.08,19026.03,0,0
711,TRANSFER,4314.25,C100005068,181828.51,177514.26,C200004897,131325.41,135639.66,0,0
711,TRANSFER,2208.0,C100005127,15227.15,13019.15,C200001734,42131.86,44339.86,0,0
711,TRANSFER,989.03,C100005753,19262.99,18273.96,C200003474,56417.56,57406.59,0,0
711,TRANSFER,1457.81,C100005828,14600.98,13143.17,C200000085,10959.12,12416.93,0,0
711,TRANSFER,5069.11,C100006757,7835.596181624389,2766.49,C200003247,2262.38,7331.49,0,0
712,TRANSFER,2787.69,C100002554,80647.82,77860.13,C200001781,126959.69,129747.38,0,0
712,TRANSFER,314.94,C100002650,14517.53,14202.59,C200001307,69785.66,70100.6,0,0
712,TRANSFER,2631.27,C100003069,6746.202140816855,4114.93,C200004325,20121.93,22753.2,0,0
712,TRANSFER,2139.48,C100003102,161050.07,158910.59,C200000987,67850.9,69990.38,0,0
712,TRANSFER,8399.9,C100003174,87953.39,79553.49,C200002533,180418.66,188818.56,0,0
712,TRANSFER,5403.42,C100005424,28836.98,23433.56,C200005372,455425.6,460829.02,0,0
712,TRANSFER,329.05,C100005887,10942.59,10613.54,C200005426,8237.59,8566.64,0,0
712,TRANSFER,3022.13,C100006728,25901.78,22879.65,C200002933,15624.0,18646.13,0,0
713,TRANSFER,179.65,C100000022,57760.01,57580.36,C200002329,8560.08,8739.73,0,0
713,TRANSFER,281.25,C100000180,12890.37,12609.12,C200005227,22250.98,22532.23,0,0
713,TRANSFER,1061.75,C100001322,52842.11,51780.36,C200001896,20293.67,21355.42,0,0
713,TRANSFER,716.53,C100001702,83037.56,82321.03,C200000516,98226.57,98943.1,0,0
713,TRANSFER,1034.82,C100002148,45729.04,44694.22,C200006360,2310.8,3345.62,0,0
713,TRANSFER,5277.05,C100002852,16088.4,10811.35,C200001738,28060.19,33337.24,0,0
713,TRANSFER,11941.51,C100002858,15734.41994884337,3792.91,C200001884,15766.2,27707.71,0,0
713,TRANSFER,26204.28,C100003182,35233.06,9028.78,C200001086,7405.41,33609.69,0,0
713,TRANSFER,3963.07,C100003915,126276.5,122313.43,C200004713,9791.55,13754.62,0,0
713,TRANSFER,9455.24,C100004039,45251.09,35795.85,C200000944,27067.46,36522.7,0,0
713,TRANSFER,1049.82,C100005327,12357.34,11307.52,C200000136,24103.71,25153.53,0,0
713,TRANSFER,658.71,C100006449,157198.35,156539.64,C200000157,1963.7,2622.41,0,0
713,TRANSFER,5338.1,C100006929,56361.01,51022.91,C200003335,105538.74,110876.84,0,0
714,TRANSFER,4159.66,C100000451,8464.36,4304.7,C200000867,21375.46,25535.12,0,0
714,TRANSFER,317.09,C100000760,179547.7,179230.61,C200000325,41323.67,41640.76,0,0
714,TRANSFER,1785.31,C100001001,8912.41,7127.1,C200000829,6775.01,8560.32,0,0
714,TRANSFER,962.91,C100001127,90107.39,89144.48,C200003815,26484.78,27447.69,0,0
714,TRANSFER,2962.05,C100001693,36184.98,33222.93,C200004539,25275.01,28237.06,0,0
714,TRANSFER,4537.01,C100001763,8652.349659903131,4115.34,C200004245,11595.44,16132.45,0,0
714,TRANSFER,929.64,C100002335,15126.33,14196.69,C200006285,46369.06,47298.7,0,0
714,TRANSFER,2444.03,C100002704,70106.19,67662.16,C200001011,36343.69,38787.72,0,0
714,TRANSFER,793.0,C100003195,15744.49,14951.49,C200002308,24644.91,25437.91,0,0
714,TRANSFER,9328.17,C100003472,38255.69,28927.52,C200003599,20708.02,30036.19,0,0
714,TRANSFER,13691.89,C100003939,244449.28,230757.39,C200002789,32209.5,45901.39,0,0
714,TRANSFER,22184.54,C100004318,25963.018293926136,3778.48,C200005499,9814.2,31998.74,0,0
714,TRANSFER,1487.58,C100005087,103894.17,102406.59,C200003271,78537.08,80024.66,0,0
714,TRANSFER,9711.09,C100005404,93518.24,83807.15,C200001901,19325.44,29036.53,0,0
714,TRANSFER,6871.03,C100005655,33443.63,26572.6,C200004074,239295.06,246166.09,0,0
714,TRANSFER,544.87,C100006232,137551.56,137006.69,C200004156,27475.19,28020.06,0,0
714,TRANSFER,4389.45,C100006725,115858.48,111469.03,C200000590,166667.26,171056.71,0,0
715,TRANSFER,183.98,C100000021,13941.68,13757.7,C200000117,26332.94,26516.92,0,0
715,TRANSFER,1537.75,C100000291,13885.47,12347.72,C200002686,34710.56,36248.31,0,0
715,TRANSFER,176.71,C100000835,21800.56,21623.85,C200002965,13104.75,13281.46,0,0
715,TRANSFER,2057.87,C100001200,14376.48,12318.61,C200005859,15954.9,18012.77,0,0
715,TRANSFER,912.63,C100002054,3952.77,3040.14,C200001648,6395.72,7308.35,0,0
715,TRANSFER,12323.91,C100002172,47097.96,34774.05,C200001305,13193.34,25517.25,0,0
715,TRANSFER,1453.03,C100002650,253468.61,252015.58,C200002985,215786.93,217239.96,0,0
715,TRANSFER,26723.62,C100003260,27655.51,931.89,C200000499,82009.97,108733.59,0,0
715,TRANSFER,3719.31,C100003322,16434.44,12715.13,C200003168,23897.86,27617.17,0,0
715,TRANSFER,4021.19,C100003508,12483.42,8462.23,C200002786,1000000.0,1004021.19,0,0
715,TRANSFER,3258.32,C100003773,72169.77,68911.45,C200004946,10500.56,13758.88,0,0
715,TRANSFER,2247.35,C100004231,32646.49,30399.14,C200004335,8435.95,10683.3,0,0
715,TRANSFER,2298.22,C100004490,5502.5,3204.28,C200000331,2840.37,5138.59,0,0
715,TRANSFER,705.04,C100004538,11696.93,10991.89,C200005797,8660.08,9365.12,0,0
715,TRANSFER,5571.62,C100005110,15139.29,9567.67,C200003983,112346.89,117918.51,0,0
715,TRANSFER,6447.05,C100005185,50301.15,43854.1,C200001701,307330.86,313777.91,0,0
715,TRANSFER,1429.71,C100005535,4122.337873585566,2692.63,C200002017,393601.74,395031.45,0,0
715,TRANSFER,4228.04,C100006282,45069.16,40841.12,C200004113,13171.09,17399.13,0,0
716,TRANSFER,4332.93,C100001329,32725.94,28393.01,C200003524,184407.28,188740.21,0,0
716,TRANSFER,1123.18,C100001449,9122.13,7998.95,C200003114,7239.9,8363.08,0,0
716,TRANSFER,403.63,C100001874,15499.76,15096.13,C200001194,23327.83,23731.46,0,0
716,TRANSFER,20901.26,C100004312,25395.736222420357,4494.48,C200000853,208638.57,229539.83,0,0
716,TRANSFER,10895.78,C100004869,149704.84,138809.06,C200001220,41672.87,52568.65,0,0
716,TRANSFER,1703.9,C100004886,110217.55,108513.65,C200003962,21475.92,23179.82,0,0
716,TRANSFER,11244.6,C100004890,24965.89,13721.29,C200004801,10763.94,22008.54,0,0
716,TRANSFER,933.05,C100004929,174504.03,173570.98,C200005357,1000000.0,1000933.05,0,0
716,TRANSFER,3331.92,C100005016,7225.774271934193,3893.85,C200000687,41344.87,44676.79,0,0
716,TRANSFER,71457.77,C100005400,84532.6,13074.83,C200003659,50267.97,121725.74,0,0
716,TRANSFER,7128.53,C100006152,17635.99,10507.46,C200001349,7825.66,14954.19,0,0
716,TRANSFER,322.93,C100006216,17061.54,16738.61,C200003105,10843.14,11166.07,0,0
716,TRANSFER,3835.38,C100006216,6647.4,2812.02,C200004876,27851.69,31687.07,0,0
716,TRANSFER,1370.29,C100006689,19436.94,18066.65,C200001266,89389.77,90760.06,0,0
716,TRANSFER,707.19,C100006885,26135.04,25427.85,C200005800,15798.08,16505.27,0,0
717,TRANSFER,3274.65,C100000244,40005.52,36730.87,C200004536,5486.67,8761.32,0,0
717,TRANSFER,4031.63,C100000392,34928.42,30896.79,C200001641,14154.93,18186.56,0,0
717,TRANSFER,566.84,C100001065,16688.51,16121.67,C200003473,22790.6,23357.44,0,0
717,TRANSFER,1980.22,C100001202,14857.95,12877.73,C200005705,30904.32,32884.54,0,0
717,TRANSFER,699.57,C100001970,8938.09,8238.52,C200004556,39056.38,39755.95,0,0
717,TRANSFER,2051.69,C100002000,94629.78,92578.09,C200002188,10742.85,12794.54,0,0
717,TRANSFER,1123.35,C100003820,483407.11,482283.76,C200001300,39450.94,40574.29,0,0
717,TRANSFER,5039.99,C100004130,7159.77,2119.78,C200001648,7228.18,12268.17,0,0
717,TRANSFER,397.08,C100004299,8736.26,8339.18,C200003086,75742.28,76139.36,0,0
717,TRANSFER,334.5,C100004498,259454.65,259120.15,C200003808,51046.26,51380.76,0,0
717,TRANSFER,6086.85,C100004698,39416.26,33329.41,C200000003,5390.5,11477.35,0,0
717,TRANSFER,13537.96,C100005346,78378.96,64841.0,C200003860,62870.49,76408.45,1,0
718,TRANSFER,327.63,C100001417,15724.55,15396.92,C200001911,85448.66,85776.29,0,0
718,TRANSFER,900.11,C100003205,27912.54,27012.43,C200005967,49794.23,50694.34,0,0
718,TRANSFER,1106.11,C100003371,57885.8,56779.69,C200003975,46105.78,47211.89,0,0
718,TRANSFER,196.15,C100003728,40699.03,40502.88,C200000620,3028.16,3224.31,0,0
718,TRANSFER,3020.23,C100003752,61922.31,58902.08,C200000166,11596.48,14616.71,0,0
718,TRANSFER,2362.95,C100003807,51399.59,49036.64,C200002551,1527.84,3890.79,0,0
718,TRANSFER,13676.75,C100004197,15208.393202942389,1531.64,C900007099,35734.34,49411.09,1,0
718,TRANSFER,4482.91,C100004322,6382.878386467113,1899.97,C200006437,9419.6,13902.51,0,0
718,TRANSFER,1293.21,C100004740,7485.32,6192.11,C200003038,239335.18,240628.39,0,0
718,TRANSFER,4007.14,C100004782,50368.37,46361.23,C200002297,31373.44,35380.58,0,0
718,TRANSFER,1582.24,C100006502,11189.11,9606.87,C200001603,6450.31,8032.55,0,0
719,TRANSFER,2157.68,C100001768,85694.94,83537.26,C200003634,61393.36,63551.04,0,0
719,TRANSFER,3198.44,C100001951,11031.77,7833.33,C200002226,8589.86,11788.3,0,0
719,TRANSFER,432.38,C100002103,5380.205710107271,4947.83,C200005789,14228.56,14660.94,0,0
719,TRANSFER,841.86,C100002606,4343.0,3501.14,C200004205,9142.74,9984.6,0,0
719,TRANSFER,2302.93,C100002853,8198.52,5895.59,C200005135,182844.08,185147.01,0,0
719,TRANSFER,4742.7,C100003785,10939.34,6196.64,C200000968,34557.72,39300.42,0,0
719,TRANSFER,4789.46,C100003858,677284.62,672495.16,C200001870,50324.81,55114.27,0,0
719,TRANSFER,4637.97,C100003909,110042.15,105404.18,C200000298,12344.23,16982.2,0,0
719,TRANSFER,665.4,C100004619,38486.41,37821.01,C200004394,81053.57,81718.97,0,0
719,TRANSFER,1408.17,C100005655,11451.87,10043.7,C200002134,48014.25,49422.42,0,0
719,TRANSFER,176.04,C100005672,3517.12,3341.08,C200003691,14249.37,14425.41,0,0
720,TRANSFER,940.02,C100000968,3847.53,2907.51,C200002102,23815.67,24755.69,0,0
720,TRANSFER,159.97,C100001560,15090.96,14930.99,C200003652,35711.91,35871.88,0,0
720,TRANSFER,7344.31,C100002019,37153.36,29809.05,C200003906,59037.9,66382.21,0,0
720,TRANSFER,6346.31,C100002436,15539.78,9193.47,C200000954,56792.02,63138.33,0,0
720,TRANSFER,3928.76,C100002720,6097.85,2169.09,C200001179,4565.97,8494.73,0,0
720,TRANSFER,2069.84,C100002729,7206.31,5136.47,C200000775,2569.2,4639.04,0,0
720,TRANSFER,30654.83,C100002738,31809.41114402781,1154.58,C200001529,5777.77,36432.6,0,0
720,TRANSFER,5234.67,C100003382,257714.84,252480.17,C200003003,57589.35,62824.02,0,0
720,TRANSFER,33635.43,C100003513,34628.36656395475,992.94,C900005404,6797.14,40432.57,1,0
720,TRANSFER,123.08,C100004336,81371.98,81248.9,C200005005,22135.44,22258.52,0,0
720,TRANSFER,8944.37,C100005030,20502.25,11557.88,C200000573,72494.68,81439.05,0,0
720,TRANSFER,2826.14,C100005818,12432.5,9606.36,C200003215,5131.38,7957.52,0,0
720,TRANSFER,2045.47,C100006635,136724.71,134679.24,C200005957,146787.76,148833.23,0,0
721,TRANSFER,1058.99,C100001596,64879.54,63820.55,C200000738,16101.91,17160.9,0,0
721,TRANSFER,1539.15,C100001607,12415.8,10876.65,C200002408,36590.91,38130.06,0,0
721,TRANSFER,1868.98,C100003274,29002.25,27133.27,C200004067,22716.36,24585.34,0,0
721,TRANSFER,1612.33,C100004185,6924.65,5312.32,C200000119,30196.86,31809.19,0,0
721,TRANSFER,636.47,C100004308,317378.82,316742.35,C200005489,43649.74,44286.21,0,0
721,TRANSFER,4558.64,C100004310,8084.801076186546,3526.16,C200003046,292.75,4851.39,0,0
721,TRANSFER,1669.36,C100004748,28678.79,27009.43,C200005715,4342.7,6012.06,0,0
721,TRANSFER,970.13,C100004787,6701.45,5731.32,C200003748,28706.51,29676.64,0,0
721,TRANSFER,881.63,C100004789,27509.76,26628.13,C200002967,7309.41,8191.04,0,0
721,TRANSFER,7926.3,C100005117,20656.89,12730.59,C200002711,22493.57,30419.87,0,0
722,TRANSFER,11434.76,C100000097,18334.89,6900.13,C200005001,5832.23,17266.99,0,0
722,TRANSFER,1124.09,C100001412,13566.26,12442.17,C200001685,200466.42,201590.51,0,0
722,TRANSFER,659.52,C100001682,60805.31,60145.79,C200001573,172996.07,173655.59,0,0
722,TRANSFER,10975.14,C100001986,35873.75,24898.61,C200003801,5383.62,16358.76,0,0
722,TRANSFER,10734.65,C100002079,62741.41,52006.76,C200000142,20422.67,31157.32,0,0
722,TRANSFER,1346.31,C100002284,35331.89,33985.58,C200000719,4395.9,5742.21,0,0
722,TRANSFER,8502.82,C100002416,32165.14,23662.32,C200001064,26171.34,34674.16,0,0
722,TRANSFER,1807.31,C100003184,63635.03,61827.72,C200004593,63244.33,65051.64,0,0
722,TRANSFER,897.06,C100003546,60060.35,59163.29,C200000785,41445.67,42342.73,0,0
722,TRANSFER,2731.36,C100005014,17367.06,14635.7,C200005072,280484.19,283215.55,0,0
722,TRANSFER,20722.5,C100005269,22553.244252711687,1830.74,C200006284,8123.36,28845.86,0,0
722,TRANSFER,497.77,C100005314,14526.84,14029.07,C200001427,228892.24,229390.01,0,0
722,TRANSFER,1018.77,C100006132,361342.81,360324.04,C200000950,31985.23,33004.0,0,0
722,TRANSFER,3628.12,C100006326,104200.69,100572.57,C200005019,14824.5,18452.62,0,0
722,TRANSFER,3509.73,C100006820,21566.44,18056.71,C200006427,35304.25,38813.98,1,0
723,TRANSFER,855.95,C100000782,44659.96,43804.01,C200002323,20120.19,20976.14,0,0
723,TRANSFER,1714.18,C100000816,12198.73,10484.55,C200004437,167863.29,169577.47,0,0
723,TRANSFER,4001.16,C100001348,38632.96,34631.8,C200003448,15895.65,19896.81,0,0
723,TRANSFER,4461.96,C100001509,44690.36,40228.4,C200001704,10268.59,14730.55,0,0
723,TRANSFER,2047.34,C100001615,24221.89,22174.55,C200005802,5423.77,7471.11,0,0
723,TRANSFER,3477.64,C100002515,7989.86,4512.22,C200002272,69224.75,72702.39,0,0
723,TRANSFER,1948.26,C100003161,52025.65,50077.39,C200001190,23657.54,25605.8,0,0
723,TRANSFER,1228.76,C100003469,47068.26,45839.5,C200004160,40349.1,41577.86,0,0
723,TRANSFER,1752.27,C100004236,5307.190979488927,3554.92,C200004624,29398.86,31151.13,0,0
723,TRANSFER,33502.61,C100004990,34112.764817647345,610.15,C900004394,6526.68,40029.29,1,0
723,TRANSFER,2902.79,C100005624,13835.62,10932.83,C200001868,381681.81,384584.6,0,0
723,TRANSFER,1481.76,C100005653,212119.29,210637.53,C200000367,18690.08,20171.84,0,0
723,TRANSFER,4632.56,C100005817,10678.73,6046.17,C200000286,4866.99,9499.55,0,0
723,TRANSFER,2876.25,C100006311,7522.861357502034,4646.61,C200004341,12643.98,15520.23,0,0
723,TRANSFER,7532.58,C100006391,95036.88,87504.3,C200006025,189230.31,196762.89,0,0
724,TRANSFER,646.48,C100000296,17576.88,16930.4,C200003775,466824.55,467471.03,0,0
724,TRANSFER,1346.32,C100000578,23720.67,22374.35,C200002121,2654.13,4000.45,0,0
724,TRANSFER,1824.93,C100001144,67507.55,65682.62,C200000932,20449.82,22274.75,0,0
724,TRANSFER,5884.08,C100001469,41975.52,36091.44,C200003913,39328.53,45212.61,0,0
724,TRANSFER,4674.93,C100004159,8013.310509243991,3338.38,C200002905,16103.4,20778.33,0,0
724,TRANSFER,321.04,C100004401,100423.85,100102.81,C200004554,71548.95,71869.99,0,0
724,TRANSFER,8609.48,C100005046,45419.35,36809.87,C200000809,91062.49,99671.97,0,0
724,TRANSFER,2280.0,C100005258,25425.11,23145.11,C200003405,8131.69,10411.69,0,0
724,TRANSFER,1103.67,C100006465,12716.59,11612.92,C200001402,50259.18,51362.85,0,0
725,TRANSFER,2612.1,C100000052,59981.21,57369.11,C200003751,7825.47,10437.57,0,0
725,TRANSFER,9559.86,C100000097,13949.6897707192,4389.83,C200000430,72058.92,81618.78,0,0
725,TRANSFER,3120.66,C100000932,15217.84,12097.18,C200000620,3750.69,6871.35,0,0
725,TRANSFER,2459.67,C100001846,7427.85,4968.18,C200003952,5476.43,7936.1,0,0
725,TRANSFER,5833.21,C100002595,10019.971699753853,4186.76,C200004998,36886.93,42720.14,0,0
725,TRANSFER,593.38,C100003046,64050.89,63457.51,C200003456,82506.74,83100.12,0,0
725,TRANSFER,888.52,C100003623,88588.15,87699.63,C200004277,40841.77,41730.29,0,0
725,TRANSFER,2057.2,C100003812,45382.81,43325.61,C200003309,30368.64,32425.84,0,0
725,TRANSFER,4125.22,C100004073,193412.58,189287.36,C200004149,11331.64,15456.86,0,0
725,TRANSFER,1807.99,C100006474,30344.29,28536.3,C200005978,6730.78,8538.77,0,0
725,TRANSFER,978.01,C100006570,29376.82,28398.81,C200006085,61217.04,62195.05,0,0
726,TRANSFER,2268.66,C100000009,22050.66,19782.0,C200004833,4572.13,6840.79,0,0
726,TRANSFER,2824.34,C100000464,12542.55,9718.21,C200004582,9964.7,12789.04,0,0
726,TRANSFER,23373.06,C100000700,28723.83,5350.77,C200003486,38211.01,61584.07,0,0
726,TRANSFER,1453.5,C100001746,124493.48,123039.98,C200005830,36931.08,38384.58,0,0
726,TRANSFER,2787.5,C100001825,64313.41,61525.91,C200004561,92540.96,95328.46,0,0
726,TRANSFER,31.22,C100002177,4671.511550316397,4640.29,C200003861,13944.61,13975.83,0,0
726,TRANSFER,15667.72,C100002395,22528.96,6861.24,C200000786,24958.43,40626.15,0,0
726,TRANSFER,6741.69,C100003299,34080.47,27338.78,C200006220,9100.14,15841.83,0,0
726,TRANSFER,2427.22,C100003393,38273.44,35846.22,C200005493,32964.61,35391.83,0,0
726,TRANSFER,2291.68,C100004491,109934.18,107642.5,C200002701,1435.66,3727.34,0,0
726,TRANSFER,7655.66,C100005285,30233.7,22578.04,C200005557,342176.21,349831.87,0,0
726,TRANSFER,3857.67,C100006071,501826.04,497968.37,C200004617,23407.94,27265.61,0,0
726,TRANSFER,11336.16,C100006172,32024.69,20688.53,C200000895,4979.4,16315.56,0,0
726,TRANSFER,1344.94,C100006423,184495.74,183150.8,C200001129,47108.85,48453.79,0,0
727,TRANSFER,13307.63,C100000740,26673.03,13365.4,C200006016,34785.92,48093.55,0,0
727,TRANSFER,192.91,C100001534,6915.29,6722.38,C200005547,2658.34,2851.25,0,0
727,TRANSFER,445.41,C100001658,256070.64,255625.23,C200005915,117232.37,117677.78,0,0
727,TRANSFER,1205.76,C100001659,20073.32,18867.56,C200004064,124738.65,125944.41,0,0
727,TRANSFER,10110.46,C100002080,225879.29,215768.83,C200001376,3888.63,13999.09,0,0
727,TRANSFER,3025.27,C100002721,42709.52,39684.25,C200000538,77260.37,80285.64,0,0
727,TRANSFER,557.35,C100002929,5123.3,4565.95,C200002757,2850.1,3407.45,0,0
727,TRANSFER,221.41,C100003509,5827.86,5606.45,C200002117,40601.37,40822.78,0,0
727,TRANSFER,1822.8,C100005051,57074.33,55251.53,C200004693,29728.62,31551.42,0,0
727,TRANSFER,1700.98,C100005634,155815.9,154114.92,C200004857,7869.11,9570.09,0,0
727,TRANSFER,2556.88,C100006073,41713.99,39157.11,C200000553,19462.96,22019.84,0,0
727,TRANSFER,2747.97,C100006252,13189.2,10441.23,C200001875,13844.6,16592.57,0,0
727,TRANSFER,19696.12,C100006508,104041.5,84345.38,C200004126,35250.63,54946.75,0,0
727,TRANSFER,463.91,C100006516,5151.41,4687.5,C200002017,2029.26,2493.17,0,0
727,TRANSFER,8216.0,C100006952,28411.22,20195.22,C200003990,47513.92,55729.92,0,0
728,TRANSFER,713.63,C100000822,26330.3,25616.67,C200002997,2783.41,3497.04,0,0
728,TRANSFER,993.24,C100001949,49923.7,48930.46,C200000468,127479.6,128472.84,0,0
728,TRANSFER,1612.4,C100002626,27339.81,25727.41,C200002309,95271.37,96883.77,0,0
728,TRANSFER,3056.69,C100003696,30994.81,27938.12,C200006016,5827.07,8883.76,0,0
728,TRANSFER,6889.82,C100004140,163003.02,156113.2,C200003765,40150.28,47040.1,0,0
728,TRANSFER,4007.26,C100004211,19225.89,15218.63,C200004596,65397.42,69404.68,0,0
728,TRANSFER,953.91,C100005229,22258.56,21304.65,C200002011,21674.17,22628.08,0,0
728,TRANSFER,1107.78,C100005414,73246.19,72138.41,C200005334,7726.26,8834.04,0,0
728,TRANSFER,3033.88,C100005905,16369.64,13335.76,C200005660,61487.48,64521.36,0,0
728,TRANSFER,4365.03,C100006145,19949.3,15584.27,C200006403,9990.68,14355.71,0,0
728,TRANSFER,2925.39,C100006695,13325.83,10400.44,C200005087,3204.69,6130.08,0,0
729,TRANSFER,14567.64,C100000053,18635.994956302464,4068.35,C200003031,20079.16,34646.8,0,0
729,TRANSFER,896.8,C100000206,10425.59,9528.79,C200006149,28485.52,29382.32,0,0
729,TRANSFER,1379.77,C100000279,26509.36,25129.59,C200000909,1418.89,2798.66,0,0
729,TRANSFER,1855.96,C100000552,5930.63,4074.67,C200005568,48090.29,49946.25,0,0
729,TRANSFER,10870.59,C100000625,20149.5,9278.91,C200002039,7018.84,17889.43,0,0
729,TRANSFER,2988.34,C100001001,12311.0,9322.66,C200003026,18995.0,21983.34,0,0
729,TRANSFER,5674.96,C100001767,177982.97,172308.01,C200003157,102779.52,108454.48,0,0
729,TRANSFER,6857.0,C100002398,423377.25,416520.25,C200003635,23263.85,30120.85,0,0
729,TRANSFER,7930.18,C100003057,204640.1,196709.92,C200003490,23451.26,31381.44,0,0
729,TRANSFER,2339.19,C100003124,61300.97,58961.78,C200003159,45115.67,47454.86,0,0
729,TRANSFER,510.24,C100003616,140123.14,139612.9,C200000983,8122.82,8633.06,0,0
729,TRANSFER,814.48,C100004927,5737.769994236196,4923.29,C200002750,14961.77,15776.25,0,0
729,TRANSFER,173.32,C100005210,53952.34,53779.02,C200005213,12875.87,13049.19,0,0
729,TRANSFER,1079.72,C100006316,55631.31,54551.59,C200001593,41812.75,42892.47,0,0
729,TRANSFER,4522.83,C100006612,6467.569390730776,1944.74,C200006245,138902.49,143425.32,0,0
730,TRANSFER,36167.83,C100001027,71732.63,35564.8,C200003243,17791.82,53959.65,0,0
730,TRANSFER,1507.59,C100001196,35837.05,34329.46,C200001464,37032.08,38539.67,0,0
730,TRANSFER,1875.54,C100001324,35050.16,33174.62,C200005630,5417.8,7293.34,0,0
730,TRANSFER,1632.34,C100001371,34407.93,32775.59,C200003230,289822.11,291454.45,0,0
730,TRANSFER,765.19,C100001788,125089.32,124324.13,C200001465,9114.46,9879.65,0,0
730,TRANSFER,1168.68,C100002210,4720.78,3552.1,C200006076,4062.66,5231.34,0,0
730,TRANSFER,483.22,C100002470,10255.05,9771.83,C200003154,1623.46,2106.68,0,0
730,TRANSFER,6851.96,C100002644,121730.57,114878.61,C200004930,6393.07,13245.03,0,0
730,TRANSFER,1196.63,C100002841,9722.21,8525.58,C200002162,10649.22,11845.85,0,0
730,TRANSFER,467.6,C100002905,5544.37,5076.77,C200002613,71143.69,71611.29,0,0
730,TRANSFER,6912.95,C100003410,7236.903618348253,323.95,C200005253,10531.93,17444.88,0,0
730,TRANSFER,1536.6,C100003456,86189.97,84653.37,C200005822,104387.4,105924.0,0,0
730,TRANSFER,9018.89,C100004281,104618.05,95599.16,C200002833,11256.72,20275.61,0,0
730,TRANSFER,4634.77,C100004859,8713.92334642317,4079.15,C200002499,12311.96,16946.73,0,0
730,TRANSFER,2681.15,C100005620,49731.99,47050.84,C200003907,21005.27,23686.42,0,0
730,TRANSFER,7464.1,C100005907,41401.85,33937.75,C200002562,9832.27,17296.37,0,0
731,TRANSFER,5514.9,C100000227,6415.7338245184565,900.83,C200002072,178685.28,184200.18,0,0
731,TRANSFER,8139.82,C100001533,14231.87,6092.05,C200001206,7910.32,16050.14,0,0
731,TRANSFER,4952.88,C100002449,55778.68,50825.8,C200005997,33573.35,38526.23,0,0
731,TRANSFER,931.11,C100002559,6996.32,6065.21,C200002264,21696.78,22627.89,0,0
731,TRANSFER,355.2,C100003618,16440.79,16085.59,C200002928,72197.54,72552.74,0,0
731,TRANSFER,11991.9,C100004941,52286.68,40294.78,C200001701,5263.18,17255.08,0,0
731,TRANSFER,756.4,C100005293,63778.32,63021.92,C200003511,25269.33,26025.73,0,0
731,TRANSFER,4477.0,C100005876,167373.9,162896.9,C200003262,51416.31,55893.31,0,0
731,TRANSFER,6770.01,C100005971,7373.875002361465,603.87,C200005684,4135.42,10905.43,0,0
731,TRANSFER,4676.62,C100006093,89064.44,84387.82,C200001725,71559.63,76236.25,0,0
732,TRANSFER,1562.59,C100000282,37720.38,36157.79,C200005370,21255.54,22818.13,0,0
732,TRANSFER,5979.15,C100000366,126368.99,120389.84,C200005174,36227.73,42206.88,0,0
732,TRANSFER,1784.59,C100000772,268533.18,266748.59,C200001236,701247.61,703032.2,0,0
732,TRANSFER,3660.45,C100001097,52178.89,48518.44,C200006141,9904.65,13565.1,0,0
732,TRANSFER,1941.61,C100001553,30634.46,28692.85,C200000955,869556.41,871498.02,0,0
732,TRANSFER,6416.11,C100002550,8606.132613697875,2190.02,C200003053,34283.74,40699.85,0,0
732,TRANSFER,361.45,C100003583,18075.54,17714.09,C200005482,70755.38,71116.83,0,0
732,TRANSFER,2828.69,C100004674,37181.48,34352.79,C200005598,21535.26,24363.95,0,0
732,TRANSFER,763.37,C100004800,21301.84,20538.47,C200004589,174870.0,175633.37,0,0
732,TRANSFER,26233.52,C100005155,31020.159869726107,4786.64,C200002976,24652.74,50886.26,0,0
732,TRANSFER,21246.22,C100006590,25551.471046154547,4305.25,C200005249,20545.6,41791.82,0,0
733,TRANSFER,13288.45,C100000044,91374.3,78085.85,C200006238,22526.84,35815.29,0,0
733,TRANSFER,5597.14,C100001299,40720.56,35123.42,C200003541,12266.62,17863.76,0,0
733,TRANSFER,2184.39,C100001486,15291.84,13107.45,C200004859,9425.0,11609.39,0,0
733,TRANSFER,1670.75,C100002441,17523.39,15852.64,C200002500,22912.24,24582.99,0,0
733,TRANSFER,4090.22,C100002744,44629.94,40539.72,C200000541,64845.97,68936.19,0,0
733,TRANSFER,1098.87,C100002810,63627.63,62528.76,C200004079,16032.55,17131.42,0,0
733,TRANSFER,947.24,C100003121,31249.52,30302.28,C200000815,54376.96,55324.2,0,0
733,TRANSFER,350.21,C100003194,68368.31,68018.1,C200000863,59260.03,59610.24,0,0
733,TRANSFER,723.41,C100003640,337961.33,337237.92,C200000998,11606.95,12330.36,0,0
733,TRANSFER,2240.62,C100004039,39037.1,36796.48,C200004829,21947.5,24188.12,0,0
733,TRANSFER,991.53,C100004263,668861.28,667869.75,C200003345,28585.53,29577.06,0,0
733,TRANSFER,5249.02,C100004668,44716.88,39467.86,C200003350,55098.98,60348.0,0,0
733,TRANSFER,12660.85,C100004672,48236.8,35575.95,C200004485,740.67,13401.52,0,0
733,TRANSFER,3882.18,C100004774,6845.06,2962.88,C200002052,19890.47,23772.65,0,0
733,TRANSFER,1667.63,C100004913,5490.469045784771,3822.84,C200004190,17390.59,19058.22,0,0
733,TRANSFER,1054.2,C100005437,17973.24,16919.04,C200004736,39779.85,40834.05,0,0
733,TRANSFER,4244.98,C100005850,25902.12,21657.14,C200006186,52410.28,56655.26,0,0
734,TRANSFER,1110.42,C100000518,33067.9,31957.48,C200004817,17569.75,18680.17,0,0
734,TRANSFER,2254.48,C100000665,47638.2,45383.72,C200006276,58003.51,60257.99,0,0
734,TRANSFER,763.94,C100000788,7005.1,6241.16,C200005623,16739.25,17503.19,0,0
734,TRANSFER,3420.23,C100002230,65665.64,62245.41,C200002742,43051.63,46471.86,0,0
734,TRANSFER,6543.08,C100002665,34118.75,27575.67,C200001111,12587.61,19130.69,0,0
734,TRANSFER,6138.89,C100003601,78491.95,72353.06,C200004391,10860.48,16999.37,0,0
734,TRANSFER,898.88,C100005115,195603.95,194705.07,C200005373,147239.16,148138.04,0,0
734,TRANSFER,2856.24,C100005594,11093.83,8237.59,C200000926,13577.8,16434.04,0,0
734,TRANSFER,7396.88,C100006213,11075.233532441194,3678.35,C200005825,9688.49,17085.37,0,0
734,TRANSFER,1334.88,C100006933,7553.53,6218.65,C200004629,20473.4,21808.28,0,0
735,TRANSFER,2994.21,C100000253,48590.34,45596.13,C200004872,33220.72,36214.93,0,0
735,TRANSFER,1734.1,C100000274,12664.72,10930.62,C200000199,17827.29,19561.39,0,0
735,TRANSFER,5791.48,C100000304,96348.42,90556.94,C200001313,11652.64,17444.12,0,0
735,TRANSFER,676.5,C100000358,88384.18,87707.68,C200005156,229428.75,230105.25,0,0
735,TRANSFER,3610.48,C100001515,10306.28,6695.8,C200000507,95442.91,99053.39,0,0
735,TRANSFER,2060.75,C100002262,52460.67,50399.92,C200004336,27753.78,29814.53,0,0
735,TRANSFER,392.24,C100002430,34157.37,33765.13,C200005089,239689.09,240081.33,0,0
735,TRANSFER,633.61,C100002494,143190.23,142556.62,C200005693,97223.34,97856.95,0,0
735,TRANSFER,2036.44,C100002951,68188.04,66151.6,C200000567,43688.0,45724.44,0,0
735,TRANSFER,1685.32,C100004926,102939.29,101253.97,C200001568,63954.74,65640.06,0,0
735,TRANSFER,23560.49,C100005234,536477.74,512917.25,C200005171,11845.79,35406.28,0,0
735,TRANSFER,2294.33,C100005443,108106.96,105812.63,C200000902,1691.6,3985.93,0,0
735,TRANSFER,5299.98,C100006064,7314.96,2014.98,C200001172,64564.71,69864.69,0,0
735,TRANSFER,4513.78,C100006156,9487.43,4973.65,C200000055,21777.83,26291.61,0,0
735,TRANSFER,3053.95,C100006339,28837.83,25783.88,C200004540,125919.88,128973.83,0,0
736,TRANSFER,2412.56,C100000366,382257.65,379845.09,C200001293,50152.89,52565.45,0,0
736,TRANSFER,3514.3,C100000738,416781.08,413266.78,C200003556,5479.69,8993.99,0,0
736,TRANSFER,6400.14,C100000880,22819.43,16419.29,C200006349,37345.55,43745.69,0,0
736,TRANSFER,345.98,C100001084,36060.91,35714.93,C200002045,9116.52,9462.5,0,0
736,TRANSFER,3375.91,C100001308,7125.19,3749.28,C200004198,56964.5,60340.41,0,0
736,TRANSFER,903.11,C100001884,35599.44,34696.33,C200005405,166178.56,167081.67,0,0
736,TRANSFER,340.25,C100002839,40974.13,40633.88,C200005975,83269.23,83609.48,0,0
736,TRANSFER,2468.89,C100003451,5987.03,3518.14,C200003050,62623.26,65092.15,0,0
736,TRANSFER,6101.17,C100004256,14572.95,8471.78,C200005359,952.85,7054.02,0,0
736,TRANSFER,4969.42,C100004974,51124.74,46155.32,C200002246,97162.19,102131.61,0,0
736,TRANSFER,3595.76,C100005243,157161.92,153566.16,C200002445,9115.31,12711.07,0,0
736,TRANSFER,1296.81,C100005299,15506.67,14209.86,C200001562,80938.93,82235.74,0,0
736,TRANSFER,1345.79,C100006513,67145.76,65799.97,C200005268,24552.11,25897.9,0,0
736,TRANSFER,8027.8,C100006714,12039.43,4011.63,C200006000,7502.25,15530.05,0,0
737,TRANSFER,7044.89,C100002523,15858.69,8813.8,C200006095,35258.17,42303.06,0,0
737,TRANSFER,448.37,C100002694,100594.36,100145.99,C200000264,53339.06,53787.43,0,0
737,TRANSFER,377.17,C100003877,73792.88,73415.71,C200005367,210668.52,211045.69,0,0
737,TRANSFER,4361.68,C100004313,35764.64,31402.96,C200001786,32134.18,36495.86,0,0
737,TRANSFER,1445.21,C100004624,20184.23,18739.02,C200000165,4920.93,6366.14,0,0
737,TRANSFER,3917.6,C100005145,32179.88,28262.28,C200005233,6539.76,10457.36,0,0
737,TRANSFER,10919.57,C100005330,85448.79,74529.22,C200001319,25424.37,36343.94,0,0
737,TRANSFER,4370.3,C100006098,28530.06,24159.76,C200000056,19332.09,23702.39,0,0
737,TRANSFER,4409.04,C100006240,27308.52,22899.48,C200001912,25875.53,30284.57,0,0
737,TRANSFER,807.52,C100006393,162669.3,161861.78,C200000022,12869.32,13676.84,0,0
737,TRANSFER,6095.38,C100006482,7324.742966737108,1229.36,C200003508,21232.28,27327.66,0,0
737,TRANSFER,852.48,C100006753,1000000.0,999147.52,C200001468,10928.96,11781.44,0,0
738,TRANSFER,4786.69,C100000161,79293.04,74506.35,C200000140,25116.24,29902.93,0,0
738,TRANSFER,1450.25,C100000375,34870.27,33420.02,C200004975,17557.75,19008.0,0,0
738,TRANSFER,3326.11,C100000479,58404.78,55078.67,C200003282,117003.55,120329.66,0,0
738,TRANSFER,974.34,C100002057,233565.54,232591.2,C200004997,83428.67,84403.01,0,0
738,TRANSFER,9596.0,C100002096,15410.48,5814.48,C200001988,7781.38,17377.38,0,0
738,TRANSFER,585.09,C100002213,81681.28,81096.19,C200002287,42585.88,43170.97,0,0
738,TRANSFER,7427.15,C100002332,52040.45,44613.3,C200006392,11519.59,18946.74,0,0
738,TRANSFER,726.72,C100002493,114941.65,114214.93,C200001253,6503.29,7230.01,0,0
738,TRANSFER,3185.98,C100002608,62253.52,59067.54,C200004492,7090.4,10276.38,0,0
738,TRANSFER,17444.76,C100003027,17994.10828341066,549.35,C200001189,12196.44,29641.2,0,0
738,TRANSFER,5069.33,C100003497,108994.02,103924.69,C200005825,22201.55,27270.88,0,0
738,TRANSFER,2186.77,C100004288,21591.79,19405.02,C200004773,230947.77,233134.54,0,0
738,TRANSFER,1345.84,C100004609,66024.9,64679.06,C200002502,3288.59,4634.43,0,0
738,TRANSFER,644.63,C100005417,166119.09,165474.46,C200005784,30684.38,31329.01,0,0
738,TRANSFER,1976.51,C100005480,41977.21,40000.7,C200001937,4740.26,6716.77,0,0
738,TRANSFER,3312.19,C100005912,34864.3,31552.11,C200000567,8976.41,12288.6,0,0
739,TRANSFER,1734.42,C100000122,30222.55,28488.13,C200000251,196347.29,198081.71,0,0
739,TRANSFER,820.39,C100000685,16134.63,15314.24,C200005062,10729.31,11549.7,0,0
739,TRANSFER,811.06,C100001043,133118.44,132307.38,C200002921,28898.21,29709.27,0,0
739,TRANSFER,759.37,C100001862,7018.74,6259.37,C200000306,86537.57,87296.94,0,0
739,TRANSFER,350.56,C100001874,78387.38,78036.82,C200006097,26612.28,26962.84,0,0
739,TRANSFER,1348.1,C100002055,4768.41,3420.31,C200000440,221003.7,222351.8,0,0
739,TRANSFER,4651.47,C100002564,19707.1,15055.63,C200003837,45108.07,49759.54,0,0
739,TRANSFER,512.05,C100003116,14690.59,14178.54,C200003974,15718.26,16230.31,0,0
739,TRANSFER,4486.71,C100004006,404604.57,400117.86,C200001856,15569.73,20056.44,0,0
739,TRANSFER,1726.86,C100004443,36042.78,34315.92,C200000118,86608.8,88335.66,0,0
739,TRANSFER,19986.67,C100004666,24228.74,4242.07,C200004264,1182.99,21169.66,0,0
739,TRANSFER,2123.56,C100004943,20813.16,18689.6,C200005218,276394.12,278517.68,0,0
739,TRANSFER,2544.73,C100004952,20976.6,18431.87,C200001868,15264.32,17809.05,0,0
739,TRANSFER,4541.0,C100005043,18785.68,14244.68,C200003934,81800.75,86341.75,0,0
739,TRANSFER,417.36,C100005894,11356.5,10939.14,C200005198,57111.95,57529.31,0,0
739,TRANSFER,1009.79,C100006707,19364.33,18354.54,C200003033,32967.65,33977.44,0,0
740,TRANSFER,1743.55,C100000569,6844.59,5101.04,C200001975,24008.16,25751.71,0,0
740,TRANSFER,2790.31,C100000815,4591.345347653205,1801.04,C200003491,1915.56,4705.87,0,0
740,TRANSFER,23016.86,C100000980,23391.97892768658,375.12,C200002162,52652.97,75669.83,0,0
740,TRANSFER,13073.12,C100001485,14619.33,1546.21,C200005658,830760.99,843834.11,0,0
740,TRANSFER,8538.94,C100002755,97683.87,89144.93,C200000510,27660.61,36199.55,0,0
740,TRANSFER,1619.28,C100003786,5299.79,3680.51,C200005069,4758.08,6377.36,0,0
740,TRANSFER,468.52,C100004176,6413.84,5945.32,C200002602,26249.1,26717.62,0,0
740,TRANSFER,67839.62,C100004233,69255.74027986848,1416.12,C900005053,11846.61,79686.23,1,0
740,TRANSFER,3183.0,C100004251,41098.43,37915.43,C200005234,25734.79,28917.79,0,0
740,TRANSFER,1369.43,C100004571,28243.58,26874.15,C200002627,14234.09,15603.52,0,0
740,TRANSFER,2723.61,C100005055,61278.88,58555.27,C200003095,4412.59,7136.2,0,0
740,TRANSFER,27407.1,C100005178,54074.65,26667.55,C200000422,9026.4,36433.5,0,0
740,TRANSFER,639.47,C100005792,10568.89,9929.42,C200000363,25527.11,26166.58,0,0
740,TRANSFER,3030.25,C100006303,320754.41,317724.16,C200000678,7611.45,10641.7,0,0
740,TRANSFER,629.82,C100006723,57654.98,57025.16,C200006348,17094.0,17723.82,0,0
741,TRANSFER,8357.01,C100000674,57274.38,48917.37,C200003235,18021.25,26378.26,0,0
741,TRANSFER,7858.27,C100001249,134644.0,126785.73,C200003955,10401.91,18260.18,0,0
741,TRANSFER,23760.75,C100001279,155846.8,132086.05,C200002562,6482.99,30243.74,0,0
741,TRANSFER,2824.81,C100002042,87879.88,85055.07,C200002951,65496.43,68321.24,0,0
741,TRANSFER,651.94,C100002094,28264.39,27612.45,C200001691,57529.64,58181.58,0,0
741,TRANSFER,5230.98,C100002628,21954.85,16723.87,C200005802,49975.31,55206.29,0,0
741,TRANSFER,3552.62,C100002827,34267.98,30715.36,C200005787,60206.92,63759.54,0,0
741,TRANSFER,1126.94,C100002953,4323.13,3196.19,C200004776,16871.23,17998.17,0,0
741,TRANSFER,9755.11,C100003166,72231.63,62476.52,C200004502,56427.29,66182.4,0,0
741,TRANSFER,298.97,C100003172,10312.07,10013.1,C200001521,9007.89,9306.86,0,0
741,TRANSFER,10166.38,C100003245,10857.821738048577,691.44,C200003268,9618.95,19785.33,0,0
741,TRANSFER,4703.15,C100003358,320106.62,315403.47,C200005835,10257.35,14960.5,0,0
741,TRANSFER,735.74,C100004032,84708.14,83972.4,C200004042,15667.41,16403.15,0,0
741,TRANSFER,7108.44,C100004326,13859.09,6750.65,C200005804,16062.74,23171.18,0,0
741,TRANSFER,1050.93,C100004949,9361.56,8310.63,C200004619,208867.04,209917.97,0,0
741,TRANSFER,14360.47,C100005623,89382.09,75021.62,C200003744,6813.81,21174.28,0,0
741,TRANSFER,5668.24,C100005663,13796.51,8128.27,C200002437,6754.58,12422.82,0,0
741,TRANSFER,6624.36,C100005840,396573.78,389949.42,C200006369,11752.25,18376.61,0,0
742,TRANSFER,1120.0,C100001224,38810.75,37690.75,C200000292,7441.69,8561.69,0,0
742,TRANSFER,2816.85,C100001721,5749.871543725894,2933.02,C200005933,2317.25,5134.1,0,0
742,TRANSFER,2321.1,C100003023,30007.99,27686.89,C200001519,47725.2,50046.3,0,0
742,TRANSFER,2229.78,C100003190,5285.686649562151,3055.91,C200005760,5974.16,8203.94,0,0
742,TRANSFER,3440.36,C100003459,422120.58,418680.22,C200001927,23294.82,26735.18,0,0
742,TRANSFER,2728.38,C100003884,29172.66,26444.28,C200000206,19256.7,21985.08,0,0
742,TRANSFER,342.38,C100004678,45008.01,44665.63,C200002695,2318.93,2661.31,0,0
742,TRANSFER,5012.43,C100004690,46244.01,41231.58,C200000498,12935.09,17947.52,0,0
742,TRANSFER,4940.92,C100004696,115412.37,110471.45,C200004454,106164.28,111105.2,0,0
742,TRANSFER,710.61,C100004712,94475.98,93765.37,C200005907,216078.87,216789.48,0,0
743,TRANSFER,1255.92,C100000121,95595.13,94339.21,C200004998,1201.38,2457.3,0,0
743,TRANSFER,2454.1,C100000123,52304.23,49850.13,C200004655,12359.76,14813.86,0,0
743,TRANSFER,1327.69,C100000139,96810.15,95482.46,C200003471,181002.87,182330.56,0,0
743,TRANSFER,866.6,C100000743,18640.33,17773.73,C200000515,13398.95,14265.55,0,0
743,TRANSFER,707.93,C100001673,30387.86,29679.93,C200003284,17193.88,17901.81,0,0
743,TRANSFER,1058.82,C100001775,55016.68,53957.86,C200005605,16620.11,17678.93,0,0
743,TRANSFER,1395.63,C100001953,13189.6,11793.97,C200004416,26253.29,27648.92,0,0
743,TRANSFER,4825.67,C100003564,60540.77,55715.1,C200003946,8835.05,13660.72,0,0
743,TRANSFER,188.81,C100003760,153083.16,152894.35,C200003149,17260.89,17449.7,0,0
743,TRANSFER,7131.88,C100004001,157452.15,150320.27,C200006000,103486.56,110618.44,0,0
743,TRANSFER,13316.93,C100005421,99986.71,86669.78,C200005115,19249.18,32566.11,0,0
743,TRANSFER,710.41,C100006757,54709.78,53999.37,C200002471,95267.89,95978.3,0,0
744,TRANSFER,717.83,C100000112,47874.86,47157.03,C200003303,44182.93,44900.76,0,0
744,TRANSFER,6166.23,C100000190,11134.072862501273,4967.84,C200002528,30601.38,36767.61,0,0
744,TRANSFER,9100.19,C100000710,39225.74,30125.55,C200001944,7844.95,16945.14,0,0
744,TRANSFER,768.38,C100001368,4592.77,3824.39,C200001979,42559.95,43328.33,0,0
744,TRANSFER,1677.17,C100001373,6939.52,5262.35,C200003775,8796.03,10473.2,0,0
744,TRANSFER,1672.3,C100001543,86679.34,85007.04,C200000517,341131.24,342803.54,0,0
744,TRANSFER,6192.46,C100002420,7805.273526594848,1612.81,C200000272,22743.96,28936.42,0,0
744,TRANSFER,36682.26,C100002531,41422.205108363516,4739.95,C200003681,14206.56,50888.82,0,0
744,TRANSFER,635.96,C100003779,3839.7708390031744,3203.81,C200000397,52835.78,53471.74,0,0
744,TRANSFER,8458.55,C100004280,69320.93,60862.38,C200002388,296975.85,305434.4,0,0
744,TRANSFER,1453.43,C100004323,15165.16,13711.73,C200001501,1815.61,3269.04,0,0
744,TRANSFER,298.02,C100004653,5887.38,5589.36,C200002310,16078.01,16376.03,0,0
744,TRANSFER,6401.9,C100005677,143872.96,137471.06,C200005619,33531.56,39933.46,0,0
744,TRANSFER,541.5,C100006079,4738.720290217644,4197.22,C200006080,412119.96,412661.46,0,0
